{
  "id": "PMID:30473892-Al-Hashmi-2018-SNX14-IV-1",
  "subject": {
    "id": "IV-1",
    "ageAtCollection": {
      "age": "P6Y9M"
    },
    "sex": "FEMALE",
    "taxonomy": {
      "id": "NCBITaxon:9606",
      "label": "Homo sapiens"
    }
  },
  "phenotypicFeatures": [{
    "type": {
      "id": "HP:0000280",
      "label": "Coarse facial features"
    },
    "evidence": [{
      "evidenceCode": {
        "id": "ECO:0000033",
        "label": "author statement supported by traceable reference"
      },
      "reference": {
        "id": "PMID:30473892",
        "description": "Exome Sequencing Identifies a Novel Sorting Nexin 14 Gene Mutation Causing Cerebellar Atrophy and Intellectual Disability"
      }
    }]
  }, {
    "type": {
      "id": "HP:0002783",
      "label": "Recurrent lower respiratory tract infections"
    },
    "evidence": [{
      "evidenceCode": {
        "id": "ECO:0000033",
        "label": "author statement supported by traceable reference"
      },
      "reference": {
        "id": "PMID:30473892",
        "description": "Exome Sequencing Identifies a Novel Sorting Nexin 14 Gene Mutation Causing Cerebellar Atrophy and Intellectual Disability"
      }
    }]
  }, {
    "type": {
      "id": "HP:0010471",
      "label": "Oligosacchariduria"
    },
    "negated": true,
    "evidence": [{
      "evidenceCode": {
        "id": "ECO:0000033",
        "label": "author statement supported by traceable reference"
      },
      "reference": {
        "id": "PMID:30473892",
        "description": "Exome Sequencing Identifies a Novel Sorting Nexin 14 Gene Mutation Causing Cerebellar Atrophy and Intellectual Disability"
      }
    }]
  }, {
    "type": {
      "id": "HP:0003355",
      "label": "Aminoaciduria"
    },
    "negated": true,
    "evidence": [{
      "evidenceCode": {
        "id": "ECO:0000033",
        "label": "author statement supported by traceable reference"
      },
      "reference": {
        "id": "PMID:30473892",
        "description": "Exome Sequencing Identifies a Novel Sorting Nexin 14 Gene Mutation Causing Cerebellar Atrophy and Intellectual Disability"
      }
    }]
  }, {
    "type": {
      "id": "HP:0000286",
      "label": "Epicanthus"
    },
    "evidence": [{
      "evidenceCode": {
        "id": "ECO:0000033",
        "label": "author statement supported by traceable reference"
      },
      "reference": {
        "id": "PMID:30473892",
        "description": "Exome Sequencing Identifies a Novel Sorting Nexin 14 Gene Mutation Causing Cerebellar Atrophy and Intellectual Disability"
      }
    }]
  }, {
    "type": {
      "id": "HP:0005280",
      "label": "Depressed nasal bridge"
    },
    "evidence": [{
      "evidenceCode": {
        "id": "ECO:0000033",
        "label": "author statement supported by traceable reference"
      },
      "reference": {
        "id": "PMID:30473892",
        "description": "Exome Sequencing Identifies a Novel Sorting Nexin 14 Gene Mutation Causing Cerebellar Atrophy and Intellectual Disability"
      }
    }]
  }, {
    "type": {
      "id": "HP:0000316",
      "label": "Hypertelorism"
    },
    "evidence": [{
      "evidenceCode": {
        "id": "ECO:0000033",
        "label": "author statement supported by traceable reference"
      },
      "reference": {
        "id": "PMID:30473892",
        "description": "Exome Sequencing Identifies a Novel Sorting Nexin 14 Gene Mutation Causing Cerebellar Atrophy and Intellectual Disability"
      }
    }]
  }, {
    "type": {
      "id": "HP:0000639",
      "label": "Nystagmus"
    },
    "evidence": [{
      "evidenceCode": {
        "id": "ECO:0000033",
        "label": "author statement supported by traceable reference"
      },
      "reference": {
        "id": "PMID:30473892",
        "description": "Exome Sequencing Identifies a Novel Sorting Nexin 14 Gene Mutation Causing Cerebellar Atrophy and Intellectual Disability"
      }
    }]
  }, {
    "type": {
      "id": "HP:0001290",
      "label": "Generalized hypotonia"
    },
    "evidence": [{
      "evidenceCode": {
        "id": "ECO:0000033",
        "label": "author statement supported by traceable reference"
      },
      "reference": {
        "id": "PMID:30473892",
        "description": "Exome Sequencing Identifies a Novel Sorting Nexin 14 Gene Mutation Causing Cerebellar Atrophy and Intellectual Disability"
      }
    }]
  }, {
    "type": {
      "id": "HP:0008155",
      "label": "Mucopolysacchariduria"
    },
    "negated": true,
    "evidence": [{
      "evidenceCode": {
        "id": "ECO:0000033",
        "label": "author statement supported by traceable reference"
      },
      "reference": {
        "id": "PMID:30473892",
        "description": "Exome Sequencing Identifies a Novel Sorting Nexin 14 Gene Mutation Causing Cerebellar Atrophy and Intellectual Disability"
      }
    }]
  }, {
    "type": {
      "id": "HP:0040129",
      "label": "Abnormal nerve conduction velocity"
    },
    "negated": true,
    "evidence": [{
      "evidenceCode": {
        "id": "ECO:0000033",
        "label": "author statement supported by traceable reference"
      },
      "reference": {
        "id": "PMID:30473892",
        "description": "Exome Sequencing Identifies a Novel Sorting Nexin 14 Gene Mutation Causing Cerebellar Atrophy and Intellectual Disability"
      }
    }]
  }, {
    "type": {
      "id": "HP:0002780",
      "label": "Bronchomalacia"
    },
    "evidence": [{
      "evidenceCode": {
        "id": "ECO:0000033",
        "label": "author statement supported by traceable reference"
      },
      "reference": {
        "id": "PMID:30473892",
        "description": "Exome Sequencing Identifies a Novel Sorting Nexin 14 Gene Mutation Causing Cerebellar Atrophy and Intellectual Disability"
      }
    }]
  }, {
    "type": {
      "id": "HP:0001272",
      "label": "Cerebellar atrophy"
    },
    "evidence": [{
      "evidenceCode": {
        "id": "ECO:0000033",
        "label": "author statement supported by traceable reference"
      },
      "reference": {
        "id": "PMID:30473892",
        "description": "Exome Sequencing Identifies a Novel Sorting Nexin 14 Gene Mutation Causing Cerebellar Atrophy and Intellectual Disability"
      }
    }]
  }, {
    "type": {
      "id": "HP:0001684",
      "label": "Secundum atrial septal defect"
    },
    "evidence": [{
      "evidenceCode": {
        "id": "ECO:0000033",
        "label": "author statement supported by traceable reference"
      },
      "reference": {
        "id": "PMID:30473892",
        "description": "Exome Sequencing Identifies a Novel Sorting Nexin 14 Gene Mutation Causing Cerebellar Atrophy and Intellectual Disability"
      }
    }]
  }, {
    "type": {
      "id": "HP:0001250",
      "label": "Seizures"
    },
    "negated": true,
    "evidence": [{
      "evidenceCode": {
        "id": "ECO:0000033",
        "label": "author statement supported by traceable reference"
      },
      "reference": {
        "id": "PMID:30473892",
        "description": "Exome Sequencing Identifies a Novel Sorting Nexin 14 Gene Mutation Causing Cerebellar Atrophy and Intellectual Disability"
      }
    }]
  }, {
    "type": {
      "id": "HP:0001249",
      "label": "Intellectual disability"
    },
    "evidence": [{
      "evidenceCode": {
        "id": "ECO:0000033",
        "label": "author statement supported by traceable reference"
      },
      "reference": {
        "id": "PMID:30473892",
        "description": "Exome Sequencing Identifies a Novel Sorting Nexin 14 Gene Mutation Causing Cerebellar Atrophy and Intellectual Disability"
      }
    }]
  }, {
    "type": {
      "id": "HP:0002540",
      "label": "Inability to walk"
    },
    "evidence": [{
      "evidenceCode": {
        "id": "ECO:0000033",
        "label": "author statement supported by traceable reference"
      },
      "reference": {
        "id": "PMID:30473892",
        "description": "Exome Sequencing Identifies a Novel Sorting Nexin 14 Gene Mutation Causing Cerebellar Atrophy and Intellectual Disability"
      }
    }]
  }, {
    "type": {
      "id": "HP:0001263",
      "label": "Global developmental delay"
    },
    "evidence": [{
      "evidenceCode": {
        "id": "ECO:0000033",
        "label": "author statement supported by traceable reference"
      },
      "reference": {
        "id": "PMID:30473892",
        "description": "Exome Sequencing Identifies a Novel Sorting Nexin 14 Gene Mutation Causing Cerebellar Atrophy and Intellectual Disability"
      }
    }]
  }],
  "genes": [{
    "id": "NCBIGene:57231",
    "symbol": "SNX14"
  }],
  "variants": [{
    "vcfAllele": {
      "genomeAssembly": "GRCh37",
      "chr": "6",
      "pos": 86224293,
      "ref": "TTCTC",
      "alt": "T"
    },
    "zygosity": {
      "id": "GENO:0000136",
      "label": "homozygous"
    }
  }],
  "diseases": [{
    "term": {
      "id": "OMIM:616354",
      "label": "SPINOCEREBELLAR ATAXIA, AUTOSOMAL RECESSIVE 20; SCAR20"
    }
  }],
  "metaData": {
    "createdBy": "Hpo Case Annotator : 1.0.13-SNAPSHOT",
    "submittedBy": "HPO:probinson",
    "resources": [{
      "id": "hp",
      "name": "human phenotype ontology",
      "url": "http://purl.obolibrary.org/obo/hp.owl",
      "version": "2018-03-08",
      "namespacePrefix": "HP",
      "iriPrefix": "http://purl.obolibrary.org/obo/HP_"
    }, {
      "id": "pato",
      "name": "Phenotype And Trait Ontology",
      "url": "http://purl.obolibrary.org/obo/pato.owl",
      "version": "2018-03-28",
      "namespacePrefix": "PATO",
      "iriPrefix": "http://purl.obolibrary.org/obo/PATO_"
    }, {
      "id": "geno",
      "name": "Genotype Ontology",
      "url": "http://purl.obolibrary.org/obo/geno.owl",
      "version": "19-03-2018",
      "namespacePrefix": "GENO",
      "iriPrefix": "http://purl.obolibrary.org/obo/GENO_"
    }, {
      "id": "ncbitaxon",
      "name": "NCBI organismal classification",
      "url": "http://purl.obolibrary.org/obo/ncbitaxon.owl",
      "version": "2018-03-02",
      "namespacePrefix": "NCBITaxon"
    }, {
      "id": "eco",
      "name": "Evidence and Conclusion Ontology",
      "url": "http://purl.obolibrary.org/obo/eco.owl",
      "version": "2018-11-10",
      "namespacePrefix": "ECO",
      "iriPrefix": "http://purl.obolibrary.org/obo/ECO_"
    }, {
      "id": "omim",
      "name": "Online Mendelian Inheritance in Man",
      "url": "https://www.omim.org",
      "namespacePrefix": "OMIM"
    }],
    "phenopacketSchemaVersion": "1.0.0-RC3",
    "externalReferences": [{
      "id": "PMID:30473892",
      "description": "Exome Sequencing Identifies a Novel Sorting Nexin 14 Gene Mutation Causing Cerebellar Atrophy and Intellectual Disability"
    }]
  }
}