{
  "id": "PMID:27023906-Alazami-2016-ATP6V1E1-Family_5_-_IV:2",
  "subject": {
    "id": "Family 5 - IV:2",
    "ageAtCollection": {
      "age": "n/a"
    },
    "sex": "MALE",
    "taxonomy": {
      "id": "NCBITaxon:9606",
      "label": "Homo sapiens"
    }
  },
  "phenotypicFeatures": [{
    "type": {
      "id": "HP:0000973",
      "label": "Cutis laxa"
    },
    "evidence": [{
      "evidenceCode": {
        "id": "ECO:0000033",
        "label": "author statement supported by traceable reference"
      },
      "reference": {
        "id": "PMID:27023906",
        "description": "Expanding the clinical and genetic heterogeneity of hereditary disorders of connective tissue"
      }
    }]
  }, {
    "type": {
      "id": "HP:0001627",
      "label": "Abnormal heart morphology"
    },
    "evidence": [{
      "evidenceCode": {
        "id": "ECO:0000033",
        "label": "author statement supported by traceable reference"
      },
      "reference": {
        "id": "PMID:27023906",
        "description": "Expanding the clinical and genetic heterogeneity of hereditary disorders of connective tissue"
      }
    }]
  }, {
    "type": {
      "id": "HP:0000121",
      "label": "Nephrocalcinosis"
    },
    "evidence": [{
      "evidenceCode": {
        "id": "ECO:0000033",
        "label": "author statement supported by traceable reference"
      },
      "reference": {
        "id": "PMID:27023906",
        "description": "Expanding the clinical and genetic heterogeneity of hereditary disorders of connective tissue"
      }
    }]
  }, {
    "type": {
      "id": "HP:0001999",
      "label": "Abnormal facial shape"
    },
    "evidence": [{
      "evidenceCode": {
        "id": "ECO:0000033",
        "label": "author statement supported by traceable reference"
      },
      "reference": {
        "id": "PMID:27023906",
        "description": "Expanding the clinical and genetic heterogeneity of hereditary disorders of connective tissue"
      }
    }]
  }],
  "genes": [{
    "id": "NCBIGene:529",
    "symbol": "ATP6V1E1"
  }],
  "variants": [{
    "vcfAllele": {
      "genomeAssembly": "GRCh37",
      "chr": "22",
      "pos": 18075487,
      "ref": "G",
      "alt": "A"
    },
    "zygosity": {
      "id": "GENO:0000136",
      "label": "homozygous"
    }
  }],
  "diseases": [{
    "term": {
      "id": "OMIM:617402",
      "label": "Cutis laxa, autosomal recessive, type IIC"
    }
  }],
  "metaData": {
    "createdBy": "Hpo Case Annotator : 1.0.14-SNAPSHOT",
    "submittedBy": "UNC:biocuration",
    "resources": [{
      "id": "hp",
      "name": "human phenotype ontology",
      "url": "http://purl.obolibrary.org/obo/hp.owl",
      "version": "2018-03-08",
      "namespacePrefix": "HP",
      "iriPrefix": "http://purl.obolibrary.org/obo/HP_"
    }, {
      "id": "pato",
      "name": "Phenotype And Trait Ontology",
      "url": "http://purl.obolibrary.org/obo/pato.owl",
      "version": "2018-03-28",
      "namespacePrefix": "PATO",
      "iriPrefix": "http://purl.obolibrary.org/obo/PATO_"
    }, {
      "id": "geno",
      "name": "Genotype Ontology",
      "url": "http://purl.obolibrary.org/obo/geno.owl",
      "version": "19-03-2018",
      "namespacePrefix": "GENO",
      "iriPrefix": "http://purl.obolibrary.org/obo/GENO_"
    }, {
      "id": "ncbitaxon",
      "name": "NCBI organismal classification",
      "url": "http://purl.obolibrary.org/obo/ncbitaxon.owl",
      "version": "2018-03-02",
      "namespacePrefix": "NCBITaxon"
    }, {
      "id": "eco",
      "name": "Evidence and Conclusion Ontology",
      "url": "http://purl.obolibrary.org/obo/eco.owl",
      "version": "2018-11-10",
      "namespacePrefix": "ECO",
      "iriPrefix": "http://purl.obolibrary.org/obo/ECO_"
    }, {
      "id": "omim",
      "name": "Online Mendelian Inheritance in Man",
      "url": "https://www.omim.org",
      "namespacePrefix": "OMIM"
    }],
    "phenopacketSchemaVersion": "1.0.0-RC3",
    "externalReferences": [{
      "id": "PMID:27023906",
      "description": "Expanding the clinical and genetic heterogeneity of hereditary disorders of connective tissue"
    }]
  }
}