{
  "id": "PMID:28584669-Ali-2017-MYH3-proband",
  "subject": {
    "id": "proband",
    "ageAtCollection": {
      "age": "P10D"
    },
    "sex": "MALE",
    "taxonomy": {
      "id": "NCBITaxon:9606",
      "label": "Homo sapiens"
    }
  },
  "phenotypicFeatures": [{
    "type": {
      "id": "HP:0005280",
      "label": "Depressed nasal bridge"
    },
    "evidence": [{
      "evidenceCode": {
        "id": "ECO:0000033",
        "label": "author statement supported by traceable reference"
      },
      "reference": {
        "id": "PMID:28584669",
        "description": "Freeman-Sheldon Syndrome: First Molecularly Confirmed Case from Sub-Saharan Africa"
      }
    }]
  }, {
    "type": {
      "id": "HP:0000346",
      "label": "Whistling appearance"
    },
    "evidence": [{
      "evidenceCode": {
        "id": "ECO:0000033",
        "label": "author statement supported by traceable reference"
      },
      "reference": {
        "id": "PMID:28584669",
        "description": "Freeman-Sheldon Syndrome: First Molecularly Confirmed Case from Sub-Saharan Africa"
      }
    }]
  }, {
    "type": {
      "id": "HP:0000047",
      "label": "Hypospadias"
    },
    "evidence": [{
      "evidenceCode": {
        "id": "ECO:0000033",
        "label": "author statement supported by traceable reference"
      },
      "reference": {
        "id": "PMID:28584669",
        "description": "Freeman-Sheldon Syndrome: First Molecularly Confirmed Case from Sub-Saharan Africa"
      }
    }]
  }, {
    "type": {
      "id": "HP:0000347",
      "label": "Micrognathia"
    },
    "evidence": [{
      "evidenceCode": {
        "id": "ECO:0000033",
        "label": "author statement supported by traceable reference"
      },
      "reference": {
        "id": "PMID:28584669",
        "description": "Freeman-Sheldon Syndrome: First Molecularly Confirmed Case from Sub-Saharan Africa"
      }
    }]
  }, {
    "type": {
      "id": "HP:0000316",
      "label": "Hypertelorism"
    },
    "evidence": [{
      "evidenceCode": {
        "id": "ECO:0000033",
        "label": "author statement supported by traceable reference"
      },
      "reference": {
        "id": "PMID:28584669",
        "description": "Freeman-Sheldon Syndrome: First Molecularly Confirmed Case from Sub-Saharan Africa"
      }
    }]
  }, {
    "type": {
      "id": "HP:0000369",
      "label": "Low-set ears"
    },
    "evidence": [{
      "evidenceCode": {
        "id": "ECO:0000033",
        "label": "author statement supported by traceable reference"
      },
      "reference": {
        "id": "PMID:28584669",
        "description": "Freeman-Sheldon Syndrome: First Molecularly Confirmed Case from Sub-Saharan Africa"
      }
    }]
  }, {
    "type": {
      "id": "HP:0008872",
      "label": "Feeding difficulties in infancy"
    },
    "evidence": [{
      "evidenceCode": {
        "id": "ECO:0000033",
        "label": "author statement supported by traceable reference"
      },
      "reference": {
        "id": "PMID:28584669",
        "description": "Freeman-Sheldon Syndrome: First Molecularly Confirmed Case from Sub-Saharan Africa"
      }
    }]
  }, {
    "type": {
      "id": "HP:0001371",
      "label": "Flexion contracture"
    },
    "evidence": [{
      "evidenceCode": {
        "id": "ECO:0000033",
        "label": "author statement supported by traceable reference"
      },
      "reference": {
        "id": "PMID:28584669",
        "description": "Freeman-Sheldon Syndrome: First Molecularly Confirmed Case from Sub-Saharan Africa"
      }
    }]
  }, {
    "type": {
      "id": "HP:0001762",
      "label": "Talipes equinovarus"
    },
    "evidence": [{
      "evidenceCode": {
        "id": "ECO:0000033",
        "label": "author statement supported by traceable reference"
      },
      "reference": {
        "id": "PMID:28584669",
        "description": "Freeman-Sheldon Syndrome: First Molecularly Confirmed Case from Sub-Saharan Africa"
      }
    }]
  }, {
    "type": {
      "id": "HP:0000041",
      "label": "Chordee"
    },
    "evidence": [{
      "evidenceCode": {
        "id": "ECO:0000033",
        "label": "author statement supported by traceable reference"
      },
      "reference": {
        "id": "PMID:28584669",
        "description": "Freeman-Sheldon Syndrome: First Molecularly Confirmed Case from Sub-Saharan Africa"
      }
    }]
  }, {
    "type": {
      "id": "HP:0000431",
      "label": "Wide nasal bridge"
    },
    "evidence": [{
      "evidenceCode": {
        "id": "ECO:0000033",
        "label": "author statement supported by traceable reference"
      },
      "reference": {
        "id": "PMID:28584669",
        "description": "Freeman-Sheldon Syndrome: First Molecularly Confirmed Case from Sub-Saharan Africa"
      }
    }]
  }, {
    "type": {
      "id": "HP:0000160",
      "label": "Narrow mouth"
    },
    "evidence": [{
      "evidenceCode": {
        "id": "ECO:0000033",
        "label": "author statement supported by traceable reference"
      },
      "reference": {
        "id": "PMID:28584669",
        "description": "Freeman-Sheldon Syndrome: First Molecularly Confirmed Case from Sub-Saharan Africa"
      }
    }]
  }, {
    "type": {
      "id": "HP:0100490",
      "label": "Camptodactyly of finger"
    },
    "evidence": [{
      "evidenceCode": {
        "id": "ECO:0000033",
        "label": "author statement supported by traceable reference"
      },
      "reference": {
        "id": "PMID:28584669",
        "description": "Freeman-Sheldon Syndrome: First Molecularly Confirmed Case from Sub-Saharan Africa"
      }
    }]
  }],
  "genes": [{
    "id": "NCBIGene:4621",
    "symbol": "MYH3"
  }],
  "variants": [{
    "vcfAllele": {
      "genomeAssembly": "GRCh37",
      "chr": "17",
      "pos": 10544634,
      "ref": "C",
      "alt": "T"
    },
    "zygosity": {
      "id": "GENO:0000135",
      "label": "heterozygous"
    }
  }],
  "diseases": [{
    "term": {
      "id": "OMIM:193700",
      "label": "ARTHROGRYPOSIS, DISTAL, TYPE 2A; DA2A"
    }
  }],
  "metaData": {
    "submittedBy": "HPO:probinson",
    "resources": [{
      "id": "hp",
      "name": "human phenotype ontology",
      "url": "http://purl.obolibrary.org/obo/hp.owl",
      "version": "2018-03-08",
      "namespacePrefix": "HP",
      "iriPrefix": "http://purl.obolibrary.org/obo/HP_"
    }, {
      "id": "pato",
      "name": "Phenotype And Trait Ontology",
      "url": "http://purl.obolibrary.org/obo/pato.owl",
      "version": "2018-03-28",
      "namespacePrefix": "PATO",
      "iriPrefix": "http://purl.obolibrary.org/obo/PATO_"
    }, {
      "id": "geno",
      "name": "Genotype Ontology",
      "url": "http://purl.obolibrary.org/obo/geno.owl",
      "version": "19-03-2018",
      "namespacePrefix": "GENO",
      "iriPrefix": "http://purl.obolibrary.org/obo/GENO_"
    }, {
      "id": "ncbitaxon",
      "name": "NCBI organismal classification",
      "url": "http://purl.obolibrary.org/obo/ncbitaxon.owl",
      "version": "2018-03-02",
      "namespacePrefix": "NCBITaxon"
    }, {
      "id": "eco",
      "name": "Evidence and Conclusion Ontology",
      "url": "http://purl.obolibrary.org/obo/eco.owl",
      "version": "2018-11-10",
      "namespacePrefix": "ECO",
      "iriPrefix": "http://purl.obolibrary.org/obo/ECO_"
    }, {
      "id": "omim",
      "name": "Online Mendelian Inheritance in Man",
      "url": "https://www.omim.org",
      "namespacePrefix": "OMIM"
    }],
    "phenopacketSchemaVersion": "1.0.0-RC3",
    "externalReferences": [{
      "id": "PMID:28584669",
      "description": "Freeman-Sheldon Syndrome: First Molecularly Confirmed Case from Sub-Saharan Africa"
    }]
  }
}