{
  "id": "PMID:29983806-Alzahrani-2018-EPG5-18-month_son",
  "subject": {
    "id": "18-month son",
    "ageAtCollection": {
      "age": "P1Y6M"
    },
    "sex": "MALE",
    "taxonomy": {
      "id": "NCBITaxon:9606",
      "label": "Homo sapiens"
    }
  },
  "phenotypicFeatures": [{
    "type": {
      "id": "HP:0001270",
      "label": "Motor delay"
    },
    "evidence": [{
      "evidenceCode": {
        "id": "ECO:0000033",
        "label": "author statement supported by traceable reference"
      },
      "reference": {
        "id": "PMID:29983806",
        "description": "A Saudi Infant with Vici Syndrome: Case Report and Literature Review"
      }
    }]
  }, {
    "type": {
      "id": "HP:0000518",
      "label": "Cataract"
    },
    "evidence": [{
      "evidenceCode": {
        "id": "ECO:0000033",
        "label": "author statement supported by traceable reference"
      },
      "reference": {
        "id": "PMID:29983806",
        "description": "A Saudi Infant with Vici Syndrome: Case Report and Literature Review"
      }
    }]
  }, {
    "type": {
      "id": "HP:0012646",
      "label": "Retractile testis"
    },
    "evidence": [{
      "evidenceCode": {
        "id": "ECO:0000033",
        "label": "author statement supported by traceable reference"
      },
      "reference": {
        "id": "PMID:29983806",
        "description": "A Saudi Infant with Vici Syndrome: Case Report and Literature Review"
      }
    }]
  }, {
    "type": {
      "id": "HP:0008897",
      "label": "Postnatal growth retardation"
    },
    "evidence": [{
      "evidenceCode": {
        "id": "ECO:0000033",
        "label": "author statement supported by traceable reference"
      },
      "reference": {
        "id": "PMID:29983806",
        "description": "A Saudi Infant with Vici Syndrome: Case Report and Literature Review"
      }
    }]
  }, {
    "type": {
      "id": "HP:0001488",
      "label": "Bilateral ptosis"
    },
    "evidence": [{
      "evidenceCode": {
        "id": "ECO:0000033",
        "label": "author statement supported by traceable reference"
      },
      "reference": {
        "id": "PMID:29983806",
        "description": "A Saudi Infant with Vici Syndrome: Case Report and Literature Review"
      }
    }]
  }, {
    "type": {
      "id": "HP:0002007",
      "label": "Frontal bossing"
    },
    "evidence": [{
      "evidenceCode": {
        "id": "ECO:0000033",
        "label": "author statement supported by traceable reference"
      },
      "reference": {
        "id": "PMID:29983806",
        "description": "A Saudi Infant with Vici Syndrome: Case Report and Literature Review"
      }
    }]
  }, {
    "type": {
      "id": "HP:0000527",
      "label": "Long eyelashes"
    },
    "evidence": [{
      "evidenceCode": {
        "id": "ECO:0000033",
        "label": "author statement supported by traceable reference"
      },
      "reference": {
        "id": "PMID:29983806",
        "description": "A Saudi Infant with Vici Syndrome: Case Report and Literature Review"
      }
    }]
  }, {
    "type": {
      "id": "HP:0000670",
      "label": "Carious teeth"
    },
    "evidence": [{
      "evidenceCode": {
        "id": "ECO:0000033",
        "label": "author statement supported by traceable reference"
      },
      "reference": {
        "id": "PMID:29983806",
        "description": "A Saudi Infant with Vici Syndrome: Case Report and Literature Review"
      }
    }]
  }, {
    "type": {
      "id": "HP:0000347",
      "label": "Micrognathia"
    },
    "evidence": [{
      "evidenceCode": {
        "id": "ECO:0000033",
        "label": "author statement supported by traceable reference"
      },
      "reference": {
        "id": "PMID:29983806",
        "description": "A Saudi Infant with Vici Syndrome: Case Report and Literature Review"
      }
    }]
  }, {
    "type": {
      "id": "HP:0002205",
      "label": "Recurrent respiratory infections"
    },
    "evidence": [{
      "evidenceCode": {
        "id": "ECO:0000033",
        "label": "author statement supported by traceable reference"
      },
      "reference": {
        "id": "PMID:29983806",
        "description": "A Saudi Infant with Vici Syndrome: Case Report and Literature Review"
      }
    }]
  }, {
    "type": {
      "id": "HP:0000365",
      "label": "Hearing impairment"
    },
    "evidence": [{
      "evidenceCode": {
        "id": "ECO:0000033",
        "label": "author statement supported by traceable reference"
      },
      "reference": {
        "id": "PMID:29983806",
        "description": "A Saudi Infant with Vici Syndrome: Case Report and Literature Review"
      }
    }]
  }, {
    "type": {
      "id": "HP:0000343",
      "label": "Long philtrum"
    },
    "evidence": [{
      "evidenceCode": {
        "id": "ECO:0000033",
        "label": "author statement supported by traceable reference"
      },
      "reference": {
        "id": "PMID:29983806",
        "description": "A Saudi Infant with Vici Syndrome: Case Report and Literature Review"
      }
    }]
  }, {
    "type": {
      "id": "HP:0001252",
      "label": "Muscular hypotonia"
    },
    "evidence": [{
      "evidenceCode": {
        "id": "ECO:0000033",
        "label": "author statement supported by traceable reference"
      },
      "reference": {
        "id": "PMID:29983806",
        "description": "A Saudi Infant with Vici Syndrome: Case Report and Literature Review"
      }
    }]
  }, {
    "type": {
      "id": "HP:0008872",
      "label": "Feeding difficulties in infancy"
    },
    "evidence": [{
      "evidenceCode": {
        "id": "ECO:0000033",
        "label": "author statement supported by traceable reference"
      },
      "reference": {
        "id": "PMID:29983806",
        "description": "A Saudi Infant with Vici Syndrome: Case Report and Literature Review"
      }
    }]
  }, {
    "type": {
      "id": "HP:0000319",
      "label": "Smooth philtrum"
    },
    "evidence": [{
      "evidenceCode": {
        "id": "ECO:0000033",
        "label": "author statement supported by traceable reference"
      },
      "reference": {
        "id": "PMID:29983806",
        "description": "A Saudi Infant with Vici Syndrome: Case Report and Literature Review"
      }
    }]
  }],
  "genes": [{
    "id": "NCBIGene:57724",
    "symbol": "EPG5"
  }],
  "variants": [{
    "vcfAllele": {
      "genomeAssembly": "GRCh37",
      "chr": "18",
      "pos": 43435648,
      "ref": "G",
      "alt": "A"
    },
    "zygosity": {
      "id": "GENO:0000136",
      "label": "homozygous"
    }
  }],
  "diseases": [{
    "term": {
      "id": "OMIM:242840",
      "label": "VICI SYNDROME; VICIS"
    }
  }],
  "metaData": {
    "submittedBy": "HPO:probinson",
    "resources": [{
      "id": "hp",
      "name": "human phenotype ontology",
      "url": "http://purl.obolibrary.org/obo/hp.owl",
      "version": "2018-03-08",
      "namespacePrefix": "HP",
      "iriPrefix": "http://purl.obolibrary.org/obo/HP_"
    }, {
      "id": "pato",
      "name": "Phenotype And Trait Ontology",
      "url": "http://purl.obolibrary.org/obo/pato.owl",
      "version": "2018-03-28",
      "namespacePrefix": "PATO",
      "iriPrefix": "http://purl.obolibrary.org/obo/PATO_"
    }, {
      "id": "geno",
      "name": "Genotype Ontology",
      "url": "http://purl.obolibrary.org/obo/geno.owl",
      "version": "19-03-2018",
      "namespacePrefix": "GENO",
      "iriPrefix": "http://purl.obolibrary.org/obo/GENO_"
    }, {
      "id": "ncbitaxon",
      "name": "NCBI organismal classification",
      "url": "http://purl.obolibrary.org/obo/ncbitaxon.owl",
      "version": "2018-03-02",
      "namespacePrefix": "NCBITaxon"
    }, {
      "id": "eco",
      "name": "Evidence and Conclusion Ontology",
      "url": "http://purl.obolibrary.org/obo/eco.owl",
      "version": "2018-11-10",
      "namespacePrefix": "ECO",
      "iriPrefix": "http://purl.obolibrary.org/obo/ECO_"
    }, {
      "id": "omim",
      "name": "Online Mendelian Inheritance in Man",
      "url": "https://www.omim.org",
      "namespacePrefix": "OMIM"
    }],
    "phenopacketSchemaVersion": "1.0.0-RC3",
    "externalReferences": [{
      "id": "PMID:29983806",
      "description": "A Saudi Infant with Vici Syndrome: Case Report and Literature Review"
    }]
  }
}