{
  "id": "PMID:29196670-Avgeris-2017-TSC1-patient_6",
  "subject": {
    "id": "patient 6",
    "ageAtCollection": {
      "age": "n/a"
    },
    "sex": "MALE",
    "taxonomy": {
      "id": "NCBITaxon:9606",
      "label": "Homo sapiens"
    }
  },
  "phenotypicFeatures": [{
    "type": {
      "id": "HP:0000729",
      "label": "Autistic behavior"
    },
    "evidence": [{
      "evidenceCode": {
        "id": "ECO:0000033",
        "label": "author statement supported by traceable reference"
      },
      "reference": {
        "id": "PMID:29196670",
        "description": "Mutational analysis of TSC1 and TSC2 genes in Tuberous Sclerosis Complex patients from Greece"
      }
    }]
  }, {
    "type": {
      "id": "HP:0010615",
      "label": "Angiofibromas"
    },
    "evidence": [{
      "evidenceCode": {
        "id": "ECO:0000033",
        "label": "author statement supported by traceable reference"
      },
      "reference": {
        "id": "PMID:29196670",
        "description": "Mutational analysis of TSC1 and TSC2 genes in Tuberous Sclerosis Complex patients from Greece"
      }
    }]
  }, {
    "type": {
      "id": "HP:0009717",
      "label": "Cortical tubers"
    },
    "evidence": [{
      "evidenceCode": {
        "id": "ECO:0000033",
        "label": "author statement supported by traceable reference"
      },
      "reference": {
        "id": "PMID:29196670",
        "description": "Mutational analysis of TSC1 and TSC2 genes in Tuberous Sclerosis Complex patients from Greece"
      }
    }]
  }, {
    "type": {
      "id": "HP:0001249",
      "label": "Intellectual disability"
    },
    "negated": true,
    "evidence": [{
      "evidenceCode": {
        "id": "ECO:0000033",
        "label": "author statement supported by traceable reference"
      },
      "reference": {
        "id": "PMID:29196670",
        "description": "Mutational analysis of TSC1 and TSC2 genes in Tuberous Sclerosis Complex patients from Greece"
      }
    }]
  }, {
    "type": {
      "id": "HP:0001328",
      "label": "Specific learning disability"
    },
    "evidence": [{
      "evidenceCode": {
        "id": "ECO:0000033",
        "label": "author statement supported by traceable reference"
      },
      "reference": {
        "id": "PMID:29196670",
        "description": "Mutational analysis of TSC1 and TSC2 genes in Tuberous Sclerosis Complex patients from Greece"
      }
    }]
  }, {
    "type": {
      "id": "HP:0001250",
      "label": "Seizures"
    },
    "evidence": [{
      "evidenceCode": {
        "id": "ECO:0000033",
        "label": "author statement supported by traceable reference"
      },
      "reference": {
        "id": "PMID:29196670",
        "description": "Mutational analysis of TSC1 and TSC2 genes in Tuberous Sclerosis Complex patients from Greece"
      }
    }]
  }, {
    "type": {
      "id": "HP:0009719",
      "label": "Hypomelanotic macule"
    },
    "evidence": [{
      "evidenceCode": {
        "id": "ECO:0000033",
        "label": "author statement supported by traceable reference"
      },
      "reference": {
        "id": "PMID:29196670",
        "description": "Mutational analysis of TSC1 and TSC2 genes in Tuberous Sclerosis Complex patients from Greece"
      }
    }]
  }],
  "genes": [{
    "id": "NCBIGene:7248",
    "symbol": "TSC1"
  }],
  "variants": [{
    "vcfAllele": {
      "genomeAssembly": "GRCh37",
      "chr": "9",
      "pos": 135787681,
      "ref": "G",
      "alt": "A"
    },
    "zygosity": {
      "id": "GENO:0000135",
      "label": "heterozygous"
    }
  }],
  "diseases": [{
    "term": {
      "id": "OMIM:191100",
      "label": "TUBEROUS SCLEROSIS 1; TSC1"
    }
  }],
  "metaData": {
    "createdBy": "Hpo Case Annotator : 1.0.13-SNAPSHOT",
    "submittedBy": "HPO:probinson",
    "resources": [{
      "id": "hp",
      "name": "human phenotype ontology",
      "url": "http://purl.obolibrary.org/obo/hp.owl",
      "version": "2018-03-08",
      "namespacePrefix": "HP",
      "iriPrefix": "http://purl.obolibrary.org/obo/HP_"
    }, {
      "id": "pato",
      "name": "Phenotype And Trait Ontology",
      "url": "http://purl.obolibrary.org/obo/pato.owl",
      "version": "2018-03-28",
      "namespacePrefix": "PATO",
      "iriPrefix": "http://purl.obolibrary.org/obo/PATO_"
    }, {
      "id": "geno",
      "name": "Genotype Ontology",
      "url": "http://purl.obolibrary.org/obo/geno.owl",
      "version": "19-03-2018",
      "namespacePrefix": "GENO",
      "iriPrefix": "http://purl.obolibrary.org/obo/GENO_"
    }, {
      "id": "ncbitaxon",
      "name": "NCBI organismal classification",
      "url": "http://purl.obolibrary.org/obo/ncbitaxon.owl",
      "version": "2018-03-02",
      "namespacePrefix": "NCBITaxon"
    }, {
      "id": "eco",
      "name": "Evidence and Conclusion Ontology",
      "url": "http://purl.obolibrary.org/obo/eco.owl",
      "version": "2018-11-10",
      "namespacePrefix": "ECO",
      "iriPrefix": "http://purl.obolibrary.org/obo/ECO_"
    }, {
      "id": "omim",
      "name": "Online Mendelian Inheritance in Man",
      "url": "https://www.omim.org",
      "namespacePrefix": "OMIM"
    }],
    "phenopacketSchemaVersion": "1.0.0-RC3",
    "externalReferences": [{
      "id": "PMID:29196670",
      "description": "Mutational analysis of TSC1 and TSC2 genes in Tuberous Sclerosis Complex patients from Greece"
    }]
  }
}