{
  "id": "PMID:18445049-Avrahami-2008-ST14-patient",
  "subject": {
    "id": "patient",
    "ageAtCollection": {
      "age": "P2Y6M"
    },
    "sex": "FEMALE",
    "taxonomy": {
      "id": "NCBITaxon:9606",
      "label": "Homo sapiens"
    }
  },
  "phenotypicFeatures": [{
    "type": {
      "id": "HP:0007431",
      "label": "Congenital ichthyosiform erythroderma"
    },
    "evidence": [{
      "evidenceCode": {
        "id": "ECO:0000033",
        "label": "author statement supported by traceable reference"
      },
      "reference": {
        "id": "PMID:18445049",
        "description": "Autosomal recessive ichthyosis with hypotrichosis syndrome: further delineation of the phenotype"
      }
    }]
  }, {
    "type": {
      "id": "HP:0008070",
      "label": "Sparse hair"
    },
    "evidence": [{
      "evidenceCode": {
        "id": "ECO:0000033",
        "label": "author statement supported by traceable reference"
      },
      "reference": {
        "id": "PMID:18445049",
        "description": "Autosomal recessive ichthyosis with hypotrichosis syndrome: further delineation of the phenotype"
      }
    }]
  }, {
    "type": {
      "id": "HP:0002231",
      "label": "Sparse body hair"
    },
    "evidence": [{
      "evidenceCode": {
        "id": "ECO:0000033",
        "label": "author statement supported by traceable reference"
      },
      "reference": {
        "id": "PMID:18445049",
        "description": "Autosomal recessive ichthyosis with hypotrichosis syndrome: further delineation of the phenotype"
      }
    }]
  }, {
    "type": {
      "id": "HP:0045075",
      "label": "Sparse eyebrow"
    },
    "evidence": [{
      "evidenceCode": {
        "id": "ECO:0000033",
        "label": "author statement supported by traceable reference"
      },
      "reference": {
        "id": "PMID:18445049",
        "description": "Autosomal recessive ichthyosis with hypotrichosis syndrome: further delineation of the phenotype"
      }
    }]
  }, {
    "type": {
      "id": "HP:0000498",
      "label": "Blepharitis"
    },
    "evidence": [{
      "evidenceCode": {
        "id": "ECO:0000033",
        "label": "author statement supported by traceable reference"
      },
      "reference": {
        "id": "PMID:18445049",
        "description": "Autosomal recessive ichthyosis with hypotrichosis syndrome: further delineation of the phenotype"
      }
    }]
  }, {
    "type": {
      "id": "HP:0000613",
      "label": "Photophobia"
    },
    "negated": true,
    "evidence": [{
      "evidenceCode": {
        "id": "ECO:0000033",
        "label": "author statement supported by traceable reference"
      },
      "reference": {
        "id": "PMID:18445049",
        "description": "Autosomal recessive ichthyosis with hypotrichosis syndrome: further delineation of the phenotype"
      }
    }]
  }, {
    "type": {
      "id": "HP:0000653",
      "label": "Sparse eyelashes"
    },
    "evidence": [{
      "evidenceCode": {
        "id": "ECO:0000033",
        "label": "author statement supported by traceable reference"
      },
      "reference": {
        "id": "PMID:18445049",
        "description": "Autosomal recessive ichthyosis with hypotrichosis syndrome: further delineation of the phenotype"
      }
    }]
  }],
  "genes": [{
    "id": "NCBIGene:6768",
    "symbol": "ST14"
  }],
  "variants": [{
    "vcfAllele": {
      "genomeAssembly": "GRCh37",
      "chr": "11",
      "pos": 130029877,
      "ref": "G",
      "alt": "A"
    },
    "zygosity": {
      "id": "GENO:0000136",
      "label": "homozygous"
    }
  }],
  "diseases": [{
    "term": {
      "id": "OMIM:602400",
      "label": "ICHTHYOSIS, CONGENITAL, AUTOSOMAL RECESSIVE 11; ARCI11"
    }
  }],
  "metaData": {
    "createdBy": "Hpo Case Annotator : 1.0.14-SNAPSHOT",
    "submittedBy": "HPO:probinson",
    "resources": [{
      "id": "hp",
      "name": "human phenotype ontology",
      "url": "http://purl.obolibrary.org/obo/hp.owl",
      "version": "2018-03-08",
      "namespacePrefix": "HP",
      "iriPrefix": "http://purl.obolibrary.org/obo/HP_"
    }, {
      "id": "pato",
      "name": "Phenotype And Trait Ontology",
      "url": "http://purl.obolibrary.org/obo/pato.owl",
      "version": "2018-03-28",
      "namespacePrefix": "PATO",
      "iriPrefix": "http://purl.obolibrary.org/obo/PATO_"
    }, {
      "id": "geno",
      "name": "Genotype Ontology",
      "url": "http://purl.obolibrary.org/obo/geno.owl",
      "version": "19-03-2018",
      "namespacePrefix": "GENO",
      "iriPrefix": "http://purl.obolibrary.org/obo/GENO_"
    }, {
      "id": "ncbitaxon",
      "name": "NCBI organismal classification",
      "url": "http://purl.obolibrary.org/obo/ncbitaxon.owl",
      "version": "2018-03-02",
      "namespacePrefix": "NCBITaxon"
    }, {
      "id": "eco",
      "name": "Evidence and Conclusion Ontology",
      "url": "http://purl.obolibrary.org/obo/eco.owl",
      "version": "2018-11-10",
      "namespacePrefix": "ECO",
      "iriPrefix": "http://purl.obolibrary.org/obo/ECO_"
    }, {
      "id": "omim",
      "name": "Online Mendelian Inheritance in Man",
      "url": "https://www.omim.org",
      "namespacePrefix": "OMIM"
    }],
    "phenopacketSchemaVersion": "1.0.0-RC3",
    "externalReferences": [{
      "id": "PMID:18445049",
      "description": "Autosomal recessive ichthyosis with hypotrichosis syndrome: further delineation of the phenotype"
    }]
  }
}