{
  "id": "PMID:29388673-Baldi-2018-NKX6-2-F6,II-2",
  "subject": {
    "id": "F6,II-2",
    "ageAtCollection": {
      "age": "P12Y6M"
    },
    "sex": "FEMALE",
    "taxonomy": {
      "id": "NCBITaxon:9606",
      "label": "Homo sapiens"
    }
  },
  "phenotypicFeatures": [{
    "type": {
      "id": "HP:0002415",
      "label": "Leukodystrophy"
    },
    "evidence": [{
      "evidenceCode": {
        "id": "ECO:0000033",
        "label": "author statement supported by traceable reference"
      },
      "reference": {
        "id": "PMID:29388673",
        "description": "Expanding the clinical and genetic spectra of NKX6-2-related disorder"
      }
    }]
  }, {
    "type": {
      "id": "HP:0001238",
      "label": "Slender finger"
    },
    "evidence": [{
      "evidenceCode": {
        "id": "ECO:0000033",
        "label": "author statement supported by traceable reference"
      },
      "reference": {
        "id": "PMID:29388673",
        "description": "Expanding the clinical and genetic spectra of NKX6-2-related disorder"
      }
    }]
  }, {
    "type": {
      "id": "HP:0001285",
      "label": "Spastic tetraparesis"
    },
    "evidence": [{
      "evidenceCode": {
        "id": "ECO:0000033",
        "label": "author statement supported by traceable reference"
      },
      "reference": {
        "id": "PMID:29388673",
        "description": "Expanding the clinical and genetic spectra of NKX6-2-related disorder"
      }
    }]
  }, {
    "type": {
      "id": "HP:0000486",
      "label": "Strabismus"
    },
    "evidence": [{
      "evidenceCode": {
        "id": "ECO:0000033",
        "label": "author statement supported by traceable reference"
      },
      "reference": {
        "id": "PMID:29388673",
        "description": "Expanding the clinical and genetic spectra of NKX6-2-related disorder"
      }
    }]
  }, {
    "type": {
      "id": "HP:0001263",
      "label": "Global developmental delay"
    },
    "evidence": [{
      "evidenceCode": {
        "id": "ECO:0000033",
        "label": "author statement supported by traceable reference"
      },
      "reference": {
        "id": "PMID:29388673",
        "description": "Expanding the clinical and genetic spectra of NKX6-2-related disorder"
      }
    }]
  }, {
    "type": {
      "id": "HP:0002650",
      "label": "Scoliosis"
    },
    "evidence": [{
      "evidenceCode": {
        "id": "ECO:0000033",
        "label": "author statement supported by traceable reference"
      },
      "reference": {
        "id": "PMID:29388673",
        "description": "Expanding the clinical and genetic spectra of NKX6-2-related disorder"
      }
    }]
  }, {
    "type": {
      "id": "HP:0001347",
      "label": "Hyperreflexia"
    },
    "evidence": [{
      "evidenceCode": {
        "id": "ECO:0000033",
        "label": "author statement supported by traceable reference"
      },
      "reference": {
        "id": "PMID:29388673",
        "description": "Expanding the clinical and genetic spectra of NKX6-2-related disorder"
      }
    }]
  }, {
    "type": {
      "id": "HP:0000212",
      "label": "Gingival overgrowth"
    },
    "evidence": [{
      "evidenceCode": {
        "id": "ECO:0000033",
        "label": "author statement supported by traceable reference"
      },
      "reference": {
        "id": "PMID:29388673",
        "description": "Expanding the clinical and genetic spectra of NKX6-2-related disorder"
      }
    }]
  }, {
    "type": {
      "id": "HP:0000276",
      "label": "Long face"
    },
    "evidence": [{
      "evidenceCode": {
        "id": "ECO:0000033",
        "label": "author statement supported by traceable reference"
      },
      "reference": {
        "id": "PMID:29388673",
        "description": "Expanding the clinical and genetic spectra of NKX6-2-related disorder"
      }
    }]
  }, {
    "type": {
      "id": "HP:0000365",
      "label": "Hearing impairment"
    },
    "negated": true,
    "evidence": [{
      "evidenceCode": {
        "id": "ECO:0000033",
        "label": "author statement supported by traceable reference"
      },
      "reference": {
        "id": "PMID:29388673",
        "description": "Expanding the clinical and genetic spectra of NKX6-2-related disorder"
      }
    }]
  }, {
    "type": {
      "id": "HP:0012444",
      "label": "Brain atrophy"
    },
    "evidence": [{
      "evidenceCode": {
        "id": "ECO:0000033",
        "label": "author statement supported by traceable reference"
      },
      "reference": {
        "id": "PMID:29388673",
        "description": "Expanding the clinical and genetic spectra of NKX6-2-related disorder"
      }
    }]
  }, {
    "type": {
      "id": "HP:0000218",
      "label": "High palate"
    },
    "evidence": [{
      "evidenceCode": {
        "id": "ECO:0000033",
        "label": "author statement supported by traceable reference"
      },
      "reference": {
        "id": "PMID:29388673",
        "description": "Expanding the clinical and genetic spectra of NKX6-2-related disorder"
      }
    }]
  }, {
    "type": {
      "id": "HP:0003429",
      "label": "CNS hypomyelination"
    },
    "evidence": [{
      "evidenceCode": {
        "id": "ECO:0000033",
        "label": "author statement supported by traceable reference"
      },
      "reference": {
        "id": "PMID:29388673",
        "description": "Expanding the clinical and genetic spectra of NKX6-2-related disorder"
      }
    }]
  }, {
    "type": {
      "id": "HP:0002500",
      "label": "Abnormality of the cerebral white matter"
    },
    "evidence": [{
      "evidenceCode": {
        "id": "ECO:0000033",
        "label": "author statement supported by traceable reference"
      },
      "reference": {
        "id": "PMID:29388673",
        "description": "Expanding the clinical and genetic spectra of NKX6-2-related disorder"
      }
    }]
  }, {
    "type": {
      "id": "HP:0001548",
      "label": "Overgrowth"
    },
    "evidence": [{
      "evidenceCode": {
        "id": "ECO:0000033",
        "label": "author statement supported by traceable reference"
      },
      "reference": {
        "id": "PMID:29388673",
        "description": "Expanding the clinical and genetic spectra of NKX6-2-related disorder"
      }
    }]
  }, {
    "type": {
      "id": "HP:0000666",
      "label": "Horizontal nystagmus"
    },
    "evidence": [{
      "evidenceCode": {
        "id": "ECO:0000033",
        "label": "author statement supported by traceable reference"
      },
      "reference": {
        "id": "PMID:29388673",
        "description": "Expanding the clinical and genetic spectra of NKX6-2-related disorder"
      }
    }]
  }, {
    "type": {
      "id": "HP:0001321",
      "label": "Cerebellar hypoplasia"
    },
    "evidence": [{
      "evidenceCode": {
        "id": "ECO:0000033",
        "label": "author statement supported by traceable reference"
      },
      "reference": {
        "id": "PMID:29388673",
        "description": "Expanding the clinical and genetic spectra of NKX6-2-related disorder"
      }
    }]
  }, {
    "type": {
      "id": "HP:0000678",
      "label": "Dental crowding"
    },
    "evidence": [{
      "evidenceCode": {
        "id": "ECO:0000033",
        "label": "author statement supported by traceable reference"
      },
      "reference": {
        "id": "PMID:29388673",
        "description": "Expanding the clinical and genetic spectra of NKX6-2-related disorder"
      }
    }]
  }, {
    "type": {
      "id": "HP:0001332",
      "label": "Dystonia"
    },
    "evidence": [{
      "evidenceCode": {
        "id": "ECO:0000033",
        "label": "author statement supported by traceable reference"
      },
      "reference": {
        "id": "PMID:29388673",
        "description": "Expanding the clinical and genetic spectra of NKX6-2-related disorder"
      }
    }]
  }, {
    "type": {
      "id": "HP:0006808",
      "label": "Cerebral hypomyelination"
    },
    "evidence": [{
      "evidenceCode": {
        "id": "ECO:0000033",
        "label": "author statement supported by traceable reference"
      },
      "reference": {
        "id": "PMID:29388673",
        "description": "Expanding the clinical and genetic spectra of NKX6-2-related disorder"
      }
    }]
  }, {
    "type": {
      "id": "HP:0007034",
      "label": "Generalized hyperreflexia"
    },
    "evidence": [{
      "evidenceCode": {
        "id": "ECO:0000033",
        "label": "author statement supported by traceable reference"
      },
      "reference": {
        "id": "PMID:29388673",
        "description": "Expanding the clinical and genetic spectra of NKX6-2-related disorder"
      }
    }]
  }, {
    "type": {
      "id": "HP:0002079",
      "label": "Hypoplasia of the corpus callosum"
    },
    "evidence": [{
      "evidenceCode": {
        "id": "ECO:0000033",
        "label": "author statement supported by traceable reference"
      },
      "reference": {
        "id": "PMID:29388673",
        "description": "Expanding the clinical and genetic spectra of NKX6-2-related disorder"
      }
    }]
  }, {
    "type": {
      "id": "HP:0002828",
      "label": "Multiple joint contractures"
    },
    "evidence": [{
      "evidenceCode": {
        "id": "ECO:0000033",
        "label": "author statement supported by traceable reference"
      },
      "reference": {
        "id": "PMID:29388673",
        "description": "Expanding the clinical and genetic spectra of NKX6-2-related disorder"
      }
    }]
  }, {
    "type": {
      "id": "HP:0001290",
      "label": "Generalized hypotonia"
    },
    "evidence": [{
      "evidenceCode": {
        "id": "ECO:0000033",
        "label": "author statement supported by traceable reference"
      },
      "reference": {
        "id": "PMID:29388673",
        "description": "Expanding the clinical and genetic spectra of NKX6-2-related disorder"
      }
    }]
  }],
  "genes": [{
    "id": "NCBIGene:84504",
    "symbol": "NKX6-2"
  }],
  "variants": [{
    "vcfAllele": {
      "genomeAssembly": "GRCh37",
      "chr": "10",
      "pos": 134598646,
      "ref": "C",
      "alt": "T"
    },
    "zygosity": {
      "id": "GENO:0000136",
      "label": "homozygous"
    }
  }],
  "diseases": [{
    "term": {
      "id": "OMIM:617560",
      "label": "Spastic ataxia 8, autosomal recessive, with hypomyelinating leukodystrophy"
    }
  }],
  "metaData": {
    "createdBy": "Hpo Case Annotator : 1.0.14-SNAPSHOT",
    "submittedBy": "UNC:biocuration",
    "resources": [{
      "id": "hp",
      "name": "human phenotype ontology",
      "url": "http://purl.obolibrary.org/obo/hp.owl",
      "version": "2018-03-08",
      "namespacePrefix": "HP",
      "iriPrefix": "http://purl.obolibrary.org/obo/HP_"
    }, {
      "id": "pato",
      "name": "Phenotype And Trait Ontology",
      "url": "http://purl.obolibrary.org/obo/pato.owl",
      "version": "2018-03-28",
      "namespacePrefix": "PATO",
      "iriPrefix": "http://purl.obolibrary.org/obo/PATO_"
    }, {
      "id": "geno",
      "name": "Genotype Ontology",
      "url": "http://purl.obolibrary.org/obo/geno.owl",
      "version": "19-03-2018",
      "namespacePrefix": "GENO",
      "iriPrefix": "http://purl.obolibrary.org/obo/GENO_"
    }, {
      "id": "ncbitaxon",
      "name": "NCBI organismal classification",
      "url": "http://purl.obolibrary.org/obo/ncbitaxon.owl",
      "version": "2018-03-02",
      "namespacePrefix": "NCBITaxon"
    }, {
      "id": "eco",
      "name": "Evidence and Conclusion Ontology",
      "url": "http://purl.obolibrary.org/obo/eco.owl",
      "version": "2018-11-10",
      "namespacePrefix": "ECO",
      "iriPrefix": "http://purl.obolibrary.org/obo/ECO_"
    }, {
      "id": "omim",
      "name": "Online Mendelian Inheritance in Man",
      "url": "https://www.omim.org",
      "namespacePrefix": "OMIM"
    }],
    "phenopacketSchemaVersion": "1.0.0-RC3",
    "externalReferences": [{
      "id": "PMID:29388673",
      "description": "Expanding the clinical and genetic spectra of NKX6-2-related disorder"
    }]
  }
}