{
  "id": "PMID:30808312-Bao-2019-COL6A1-II.1",
  "subject": {
    "id": "II.1",
    "ageAtCollection": {
      "age": "14Y"
    },
    "sex": "MALE",
    "taxonomy": {
      "id": "NCBITaxon:9606",
      "label": "Homo sapiens"
    }
  },
  "phenotypicFeatures": [{
    "type": {
      "id": "HP:0008944",
      "label": "Distal lower limb amyotrophy"
    },
    "evidence": [{
      "evidenceCode": {
        "id": "ECO:0000033",
        "label": "author statement supported by traceable reference"
      },
      "reference": {
        "id": "PMID:30808312",
        "description": "COL6A1 mutation leading to Bethlem myopathy with recurrent hematuria: a case report"
      }
    }]
  }, {
    "type": {
      "id": "HP:0001558",
      "label": "Decreased fetal movement"
    },
    "evidence": [{
      "evidenceCode": {
        "id": "ECO:0000033",
        "label": "author statement supported by traceable reference"
      },
      "reference": {
        "id": "PMID:30808312",
        "description": "COL6A1 mutation leading to Bethlem myopathy with recurrent hematuria: a case report"
      }
    }]
  }, {
    "type": {
      "id": "HP:0000988",
      "label": "Skin rash"
    },
    "negated": true,
    "evidence": [{
      "evidenceCode": {
        "id": "ECO:0000033",
        "label": "author statement supported by traceable reference"
      },
      "reference": {
        "id": "PMID:30808312",
        "description": "COL6A1 mutation leading to Bethlem myopathy with recurrent hematuria: a case report"
      }
    }]
  }, {
    "type": {
      "id": "HP:0001284",
      "label": "Areflexia"
    },
    "evidence": [{
      "evidenceCode": {
        "id": "ECO:0000033",
        "label": "author statement supported by traceable reference"
      },
      "reference": {
        "id": "PMID:30808312",
        "description": "COL6A1 mutation leading to Bethlem myopathy with recurrent hematuria: a case report"
      }
    }]
  }, {
    "type": {
      "id": "HP:0040083",
      "label": "Toe walking"
    },
    "evidence": [{
      "evidenceCode": {
        "id": "ECO:0000033",
        "label": "author statement supported by traceable reference"
      },
      "reference": {
        "id": "PMID:30808312",
        "description": "COL6A1 mutation leading to Bethlem myopathy with recurrent hematuria: a case report"
      }
    }]
  }, {
    "type": {
      "id": "HP:0040129",
      "label": "Abnormal nerve conduction velocity"
    },
    "negated": true,
    "evidence": [{
      "evidenceCode": {
        "id": "ECO:0000033",
        "label": "author statement supported by traceable reference"
      },
      "reference": {
        "id": "PMID:30808312",
        "description": "COL6A1 mutation leading to Bethlem myopathy with recurrent hematuria: a case report"
      }
    }]
  }, {
    "type": {
      "id": "HP:0000969",
      "label": "Edema"
    },
    "negated": true,
    "evidence": [{
      "evidenceCode": {
        "id": "ECO:0000033",
        "label": "author statement supported by traceable reference"
      },
      "reference": {
        "id": "PMID:30808312",
        "description": "COL6A1 mutation leading to Bethlem myopathy with recurrent hematuria: a case report"
      }
    }]
  }, {
    "type": {
      "id": "HP:0001324",
      "label": "Muscle weakness"
    },
    "evidence": [{
      "evidenceCode": {
        "id": "ECO:0000033",
        "label": "author statement supported by traceable reference"
      },
      "reference": {
        "id": "PMID:30808312",
        "description": "COL6A1 mutation leading to Bethlem myopathy with recurrent hematuria: a case report"
      }
    }]
  }, {
    "type": {
      "id": "HP:0000010",
      "label": "Recurrent urinary tract infections"
    },
    "negated": true,
    "evidence": [{
      "evidenceCode": {
        "id": "ECO:0000033",
        "label": "author statement supported by traceable reference"
      },
      "reference": {
        "id": "PMID:30808312",
        "description": "COL6A1 mutation leading to Bethlem myopathy with recurrent hematuria: a case report"
      }
    }]
  }, {
    "type": {
      "id": "HP:0040180",
      "label": "Hyperkeratosis pilaris"
    },
    "evidence": [{
      "evidenceCode": {
        "id": "ECO:0000033",
        "label": "author statement supported by traceable reference"
      },
      "reference": {
        "id": "PMID:30808312",
        "description": "COL6A1 mutation leading to Bethlem myopathy with recurrent hematuria: a case report"
      }
    }]
  }, {
    "type": {
      "id": "HP:0003724",
      "label": "Shoulder girdle muscle atrophy"
    },
    "evidence": [{
      "evidenceCode": {
        "id": "ECO:0000033",
        "label": "author statement supported by traceable reference"
      },
      "reference": {
        "id": "PMID:30808312",
        "description": "COL6A1 mutation leading to Bethlem myopathy with recurrent hematuria: a case report"
      }
    }]
  }, {
    "type": {
      "id": "HP:0012587",
      "label": "Macroscopic hematuria"
    },
    "evidence": [{
      "evidenceCode": {
        "id": "ECO:0000033",
        "label": "author statement supported by traceable reference"
      },
      "reference": {
        "id": "PMID:30808312",
        "description": "COL6A1 mutation leading to Bethlem myopathy with recurrent hematuria: a case report"
      }
    }]
  }, {
    "type": {
      "id": "HP:0003458",
      "label": "EMG: myopathic abnormalities"
    },
    "evidence": [{
      "evidenceCode": {
        "id": "ECO:0000033",
        "label": "author statement supported by traceable reference"
      },
      "reference": {
        "id": "PMID:30808312",
        "description": "COL6A1 mutation leading to Bethlem myopathy with recurrent hematuria: a case report"
      }
    }]
  }, {
    "type": {
      "id": "HP:0002829",
      "label": "Arthralgia"
    },
    "negated": true,
    "evidence": [{
      "evidenceCode": {
        "id": "ECO:0000033",
        "label": "author statement supported by traceable reference"
      },
      "reference": {
        "id": "PMID:30808312",
        "description": "COL6A1 mutation leading to Bethlem myopathy with recurrent hematuria: a case report"
      }
    }]
  }, {
    "type": {
      "id": "HP:0031910",
      "label": "Abnormal cranial nerve physiology"
    },
    "negated": true,
    "evidence": [{
      "evidenceCode": {
        "id": "ECO:0000033",
        "label": "author statement supported by traceable reference"
      },
      "reference": {
        "id": "PMID:30808312",
        "description": "COL6A1 mutation leading to Bethlem myopathy with recurrent hematuria: a case report"
      }
    }]
  }, {
    "type": {
      "id": "HP:0003115",
      "label": "Abnormal EKG"
    },
    "negated": true,
    "evidence": [{
      "evidenceCode": {
        "id": "ECO:0000033",
        "label": "author statement supported by traceable reference"
      },
      "reference": {
        "id": "PMID:30808312",
        "description": "COL6A1 mutation leading to Bethlem myopathy with recurrent hematuria: a case report"
      }
    }]
  }, {
    "type": {
      "id": "HP:0001263",
      "label": "Global developmental delay"
    },
    "negated": true,
    "evidence": [{
      "evidenceCode": {
        "id": "ECO:0000033",
        "label": "author statement supported by traceable reference"
      },
      "reference": {
        "id": "PMID:30808312",
        "description": "COL6A1 mutation leading to Bethlem myopathy with recurrent hematuria: a case report"
      }
    }]
  }, {
    "type": {
      "id": "HP:0001270",
      "label": "Motor delay"
    },
    "evidence": [{
      "evidenceCode": {
        "id": "ECO:0000033",
        "label": "author statement supported by traceable reference"
      },
      "reference": {
        "id": "PMID:30808312",
        "description": "COL6A1 mutation leading to Bethlem myopathy with recurrent hematuria: a case report"
      }
    }]
  }, {
    "type": {
      "id": "HP:0003687",
      "label": "Centrally nucleated skeletal muscle fibers"
    },
    "evidence": [{
      "evidenceCode": {
        "id": "ECO:0000033",
        "label": "author statement supported by traceable reference"
      },
      "reference": {
        "id": "PMID:30808312",
        "description": "COL6A1 mutation leading to Bethlem myopathy with recurrent hematuria: a case report"
      }
    }]
  }, {
    "type": {
      "id": "HP:0002907",
      "label": "Microscopic hematuria"
    },
    "evidence": [{
      "evidenceCode": {
        "id": "ECO:0000033",
        "label": "author statement supported by traceable reference"
      },
      "reference": {
        "id": "PMID:30808312",
        "description": "COL6A1 mutation leading to Bethlem myopathy with recurrent hematuria: a case report"
      }
    }]
  }, {
    "type": {
      "id": "HP:0000467",
      "label": "Neck muscle weakness"
    },
    "evidence": [{
      "evidenceCode": {
        "id": "ECO:0000033",
        "label": "author statement supported by traceable reference"
      },
      "reference": {
        "id": "PMID:30808312",
        "description": "COL6A1 mutation leading to Bethlem myopathy with recurrent hematuria: a case report"
      }
    }]
  }],
  "genes": [{
    "id": "NCBIGene:1291",
    "symbol": "COL6A1"
  }],
  "variants": [{
    "vcfAllele": {
      "genomeAssembly": "GRCh37",
      "chr": "21",
      "pos": 47409540,
      "ref": "G",
      "alt": "A"
    },
    "zygosity": {
      "id": "GENO:0000135",
      "label": "heterozygous"
    }
  }],
  "diseases": [{
    "term": {
      "id": "OMIM:158810",
      "label": "BETHLEM MYOPATHY 1; BTHLM1"
    }
  }],
  "metaData": {
    "submittedBy": "HPO:probinson",
    "resources": [{
      "id": "hp",
      "name": "human phenotype ontology",
      "url": "http://purl.obolibrary.org/obo/hp.owl",
      "version": "2018-03-08",
      "namespacePrefix": "HP",
      "iriPrefix": "http://purl.obolibrary.org/obo/HP_"
    }, {
      "id": "pato",
      "name": "Phenotype And Trait Ontology",
      "url": "http://purl.obolibrary.org/obo/pato.owl",
      "version": "2018-03-28",
      "namespacePrefix": "PATO",
      "iriPrefix": "http://purl.obolibrary.org/obo/PATO_"
    }, {
      "id": "geno",
      "name": "Genotype Ontology",
      "url": "http://purl.obolibrary.org/obo/geno.owl",
      "version": "19-03-2018",
      "namespacePrefix": "GENO",
      "iriPrefix": "http://purl.obolibrary.org/obo/GENO_"
    }, {
      "id": "ncbitaxon",
      "name": "NCBI organismal classification",
      "url": "http://purl.obolibrary.org/obo/ncbitaxon.owl",
      "version": "2018-03-02",
      "namespacePrefix": "NCBITaxon"
    }, {
      "id": "eco",
      "name": "Evidence and Conclusion Ontology",
      "url": "http://purl.obolibrary.org/obo/eco.owl",
      "version": "2018-11-10",
      "namespacePrefix": "ECO",
      "iriPrefix": "http://purl.obolibrary.org/obo/ECO_"
    }, {
      "id": "omim",
      "name": "Online Mendelian Inheritance in Man",
      "url": "https://www.omim.org",
      "namespacePrefix": "OMIM"
    }],
    "phenopacketSchemaVersion": "1.0.0-RC3",
    "externalReferences": [{
      "id": "PMID:30808312",
      "description": "COL6A1 mutation leading to Bethlem myopathy with recurrent hematuria: a case report"
    }]
  }
}