{
  "id": "PMID:28619046-Bastaki-2017-CTCF-proband",
  "subject": {
    "id": "proband",
    "ageAtCollection": {
      "age": "P2Y"
    },
    "sex": "FEMALE",
    "taxonomy": {
      "id": "NCBITaxon:9606",
      "label": "Homo sapiens"
    }
  },
  "phenotypicFeatures": [{
    "type": {
      "id": "HP:0000527",
      "label": "Long eyelashes"
    },
    "evidence": [{
      "evidenceCode": {
        "id": "ECO:0000033",
        "label": "author statement supported by traceable reference"
      },
      "reference": {
        "id": "PMID:28619046",
        "description": "Identification of a novel CTCF mutation responsible for syndromic intellectual disability - a case report"
      }
    }]
  }, {
    "type": {
      "id": "HP:0000463",
      "label": "Anteverted nares"
    },
    "evidence": [{
      "evidenceCode": {
        "id": "ECO:0000033",
        "label": "author statement supported by traceable reference"
      },
      "reference": {
        "id": "PMID:28619046",
        "description": "Identification of a novel CTCF mutation responsible for syndromic intellectual disability - a case report"
      }
    }]
  }, {
    "type": {
      "id": "HP:0002553",
      "label": "Highly arched eyebrow"
    },
    "evidence": [{
      "evidenceCode": {
        "id": "ECO:0000033",
        "label": "author statement supported by traceable reference"
      },
      "reference": {
        "id": "PMID:28619046",
        "description": "Identification of a novel CTCF mutation responsible for syndromic intellectual disability - a case report"
      }
    }]
  }, {
    "type": {
      "id": "HP:0000248",
      "label": "Brachycephaly"
    },
    "evidence": [{
      "evidenceCode": {
        "id": "ECO:0000033",
        "label": "author statement supported by traceable reference"
      },
      "reference": {
        "id": "PMID:28619046",
        "description": "Identification of a novel CTCF mutation responsible for syndromic intellectual disability - a case report"
      }
    }]
  }, {
    "type": {
      "id": "HP:0009907",
      "label": "Attached earlobe"
    },
    "evidence": [{
      "evidenceCode": {
        "id": "ECO:0000033",
        "label": "author statement supported by traceable reference"
      },
      "reference": {
        "id": "PMID:28619046",
        "description": "Identification of a novel CTCF mutation responsible for syndromic intellectual disability - a case report"
      }
    }]
  }, {
    "type": {
      "id": "HP:0003196",
      "label": "Short nose"
    },
    "evidence": [{
      "evidenceCode": {
        "id": "ECO:0000033",
        "label": "author statement supported by traceable reference"
      },
      "reference": {
        "id": "PMID:28619046",
        "description": "Identification of a novel CTCF mutation responsible for syndromic intellectual disability - a case report"
      }
    }]
  }, {
    "type": {
      "id": "HP:0002205",
      "label": "Recurrent respiratory infections"
    },
    "evidence": [{
      "evidenceCode": {
        "id": "ECO:0000033",
        "label": "author statement supported by traceable reference"
      },
      "reference": {
        "id": "PMID:28619046",
        "description": "Identification of a novel CTCF mutation responsible for syndromic intellectual disability - a case report"
      }
    }]
  }, {
    "type": {
      "id": "HP:0002020",
      "label": "Gastroesophageal reflux"
    },
    "evidence": [{
      "evidenceCode": {
        "id": "ECO:0000033",
        "label": "author statement supported by traceable reference"
      },
      "reference": {
        "id": "PMID:28619046",
        "description": "Identification of a novel CTCF mutation responsible for syndromic intellectual disability - a case report"
      }
    }]
  }, {
    "type": {
      "id": "HP:0000322",
      "label": "Short philtrum"
    },
    "evidence": [{
      "evidenceCode": {
        "id": "ECO:0000033",
        "label": "author statement supported by traceable reference"
      },
      "reference": {
        "id": "PMID:28619046",
        "description": "Identification of a novel CTCF mutation responsible for syndromic intellectual disability - a case report"
      }
    }]
  }, {
    "type": {
      "id": "HP:0000059",
      "label": "Hypoplastic labia majora"
    },
    "evidence": [{
      "evidenceCode": {
        "id": "ECO:0000033",
        "label": "author statement supported by traceable reference"
      },
      "reference": {
        "id": "PMID:28619046",
        "description": "Identification of a novel CTCF mutation responsible for syndromic intellectual disability - a case report"
      }
    }]
  }, {
    "type": {
      "id": "HP:0001263",
      "label": "Global developmental delay"
    },
    "evidence": [{
      "evidenceCode": {
        "id": "ECO:0000033",
        "label": "author statement supported by traceable reference"
      },
      "reference": {
        "id": "PMID:28619046",
        "description": "Identification of a novel CTCF mutation responsible for syndromic intellectual disability - a case report"
      }
    }]
  }, {
    "type": {
      "id": "HP:0000455",
      "label": "Broad nasal tip"
    },
    "evidence": [{
      "evidenceCode": {
        "id": "ECO:0000033",
        "label": "author statement supported by traceable reference"
      },
      "reference": {
        "id": "PMID:28619046",
        "description": "Identification of a novel CTCF mutation responsible for syndromic intellectual disability - a case report"
      }
    }]
  }, {
    "type": {
      "id": "HP:0000664",
      "label": "Synophrys"
    },
    "evidence": [{
      "evidenceCode": {
        "id": "ECO:0000033",
        "label": "author statement supported by traceable reference"
      },
      "reference": {
        "id": "PMID:28619046",
        "description": "Identification of a novel CTCF mutation responsible for syndromic intellectual disability - a case report"
      }
    }]
  }, {
    "type": {
      "id": "HP:0000482",
      "label": "Microcornea"
    },
    "evidence": [{
      "evidenceCode": {
        "id": "ECO:0000033",
        "label": "author statement supported by traceable reference"
      },
      "reference": {
        "id": "PMID:28619046",
        "description": "Identification of a novel CTCF mutation responsible for syndromic intellectual disability - a case report"
      }
    }]
  }, {
    "type": {
      "id": "HP:0002000",
      "label": "Short columella"
    },
    "evidence": [{
      "evidenceCode": {
        "id": "ECO:0000033",
        "label": "author statement supported by traceable reference"
      },
      "reference": {
        "id": "PMID:28619046",
        "description": "Identification of a novel CTCF mutation responsible for syndromic intellectual disability - a case report"
      }
    }]
  }, {
    "type": {
      "id": "HP:0005709",
      "label": "2-3 toe cutaneous syndactyly"
    },
    "evidence": [{
      "evidenceCode": {
        "id": "ECO:0000033",
        "label": "author statement supported by traceable reference"
      },
      "reference": {
        "id": "PMID:28619046",
        "description": "Identification of a novel CTCF mutation responsible for syndromic intellectual disability - a case report"
      }
    }]
  }, {
    "type": {
      "id": "HP:0000252",
      "label": "Microcephaly"
    },
    "evidence": [{
      "evidenceCode": {
        "id": "ECO:0000033",
        "label": "author statement supported by traceable reference"
      },
      "reference": {
        "id": "PMID:28619046",
        "description": "Identification of a novel CTCF mutation responsible for syndromic intellectual disability - a case report"
      }
    }]
  }, {
    "type": {
      "id": "HP:0000574",
      "label": "Thick eyebrow"
    },
    "evidence": [{
      "evidenceCode": {
        "id": "ECO:0000033",
        "label": "author statement supported by traceable reference"
      },
      "reference": {
        "id": "PMID:28619046",
        "description": "Identification of a novel CTCF mutation responsible for syndromic intellectual disability - a case report"
      }
    }]
  }, {
    "type": {
      "id": "HP:0000341",
      "label": "Narrow forehead"
    },
    "evidence": [{
      "evidenceCode": {
        "id": "ECO:0000033",
        "label": "author statement supported by traceable reference"
      },
      "reference": {
        "id": "PMID:28619046",
        "description": "Identification of a novel CTCF mutation responsible for syndromic intellectual disability - a case report"
      }
    }]
  }, {
    "type": {
      "id": "HP:0000565",
      "label": "Esotropia"
    },
    "evidence": [{
      "evidenceCode": {
        "id": "ECO:0000033",
        "label": "author statement supported by traceable reference"
      },
      "reference": {
        "id": "PMID:28619046",
        "description": "Identification of a novel CTCF mutation responsible for syndromic intellectual disability - a case report"
      }
    }]
  }, {
    "type": {
      "id": "HP:0000938",
      "label": "Osteopenia"
    },
    "evidence": [{
      "evidenceCode": {
        "id": "ECO:0000033",
        "label": "author statement supported by traceable reference"
      },
      "reference": {
        "id": "PMID:28619046",
        "description": "Identification of a novel CTCF mutation responsible for syndromic intellectual disability - a case report"
      }
    }]
  }, {
    "type": {
      "id": "HP:0000878",
      "label": "11 pairs of ribs"
    },
    "evidence": [{
      "evidenceCode": {
        "id": "ECO:0000033",
        "label": "author statement supported by traceable reference"
      },
      "reference": {
        "id": "PMID:28619046",
        "description": "Identification of a novel CTCF mutation responsible for syndromic intellectual disability - a case report"
      }
    }]
  }, {
    "type": {
      "id": "HP:0000378",
      "label": "Cupped ear"
    },
    "evidence": [{
      "evidenceCode": {
        "id": "ECO:0000033",
        "label": "author statement supported by traceable reference"
      },
      "reference": {
        "id": "PMID:28619046",
        "description": "Identification of a novel CTCF mutation responsible for syndromic intellectual disability - a case report"
      }
    }]
  }, {
    "type": {
      "id": "HP:0000490",
      "label": "Deeply set eye"
    },
    "evidence": [{
      "evidenceCode": {
        "id": "ECO:0000033",
        "label": "author statement supported by traceable reference"
      },
      "reference": {
        "id": "PMID:28619046",
        "description": "Identification of a novel CTCF mutation responsible for syndromic intellectual disability - a case report"
      }
    }]
  }, {
    "type": {
      "id": "HP:0001643",
      "label": "Patent ductus arteriosus"
    },
    "evidence": [{
      "evidenceCode": {
        "id": "ECO:0000033",
        "label": "author statement supported by traceable reference"
      },
      "reference": {
        "id": "PMID:28619046",
        "description": "Identification of a novel CTCF mutation responsible for syndromic intellectual disability - a case report"
      }
    }]
  }, {
    "type": {
      "id": "HP:0011800",
      "label": "Midface retrusion"
    },
    "evidence": [{
      "evidenceCode": {
        "id": "ECO:0000033",
        "label": "author statement supported by traceable reference"
      },
      "reference": {
        "id": "PMID:28619046",
        "description": "Identification of a novel CTCF mutation responsible for syndromic intellectual disability - a case report"
      }
    }]
  }, {
    "type": {
      "id": "HP:0004209",
      "label": "Clinodactyly of the 5th finger"
    },
    "evidence": [{
      "evidenceCode": {
        "id": "ECO:0000033",
        "label": "author statement supported by traceable reference"
      },
      "reference": {
        "id": "PMID:28619046",
        "description": "Identification of a novel CTCF mutation responsible for syndromic intellectual disability - a case report"
      }
    }]
  }, {
    "type": {
      "id": "HP:0001511",
      "label": "Intrauterine growth retardation"
    },
    "evidence": [{
      "evidenceCode": {
        "id": "ECO:0000033",
        "label": "author statement supported by traceable reference"
      },
      "reference": {
        "id": "PMID:28619046",
        "description": "Identification of a novel CTCF mutation responsible for syndromic intellectual disability - a case report"
      }
    }]
  }],
  "genes": [{
    "id": "NCBIGene:10664",
    "symbol": "CTCF"
  }],
  "variants": [{
    "vcfAllele": {
      "genomeAssembly": "GRCh37",
      "chr": "16",
      "pos": 67645346,
      "ref": "CAAAG",
      "alt": "C"
    },
    "zygosity": {
      "id": "GENO:0000135",
      "label": "heterozygous"
    }
  }],
  "diseases": [{
    "term": {
      "id": "OMIM:615502",
      "label": "MENTAL RETARDATION, AUTOSOMAL DOMINANT 21; MRD21"
    }
  }],
  "metaData": {
    "createdBy": "Hpo Case Annotator : 1.0.13-SNAPSHOT",
    "submittedBy": "HPO:probinson",
    "resources": [{
      "id": "hp",
      "name": "human phenotype ontology",
      "url": "http://purl.obolibrary.org/obo/hp.owl",
      "version": "2018-03-08",
      "namespacePrefix": "HP",
      "iriPrefix": "http://purl.obolibrary.org/obo/HP_"
    }, {
      "id": "pato",
      "name": "Phenotype And Trait Ontology",
      "url": "http://purl.obolibrary.org/obo/pato.owl",
      "version": "2018-03-28",
      "namespacePrefix": "PATO",
      "iriPrefix": "http://purl.obolibrary.org/obo/PATO_"
    }, {
      "id": "geno",
      "name": "Genotype Ontology",
      "url": "http://purl.obolibrary.org/obo/geno.owl",
      "version": "19-03-2018",
      "namespacePrefix": "GENO",
      "iriPrefix": "http://purl.obolibrary.org/obo/GENO_"
    }, {
      "id": "ncbitaxon",
      "name": "NCBI organismal classification",
      "url": "http://purl.obolibrary.org/obo/ncbitaxon.owl",
      "version": "2018-03-02",
      "namespacePrefix": "NCBITaxon"
    }, {
      "id": "eco",
      "name": "Evidence and Conclusion Ontology",
      "url": "http://purl.obolibrary.org/obo/eco.owl",
      "version": "2018-11-10",
      "namespacePrefix": "ECO",
      "iriPrefix": "http://purl.obolibrary.org/obo/ECO_"
    }, {
      "id": "omim",
      "name": "Online Mendelian Inheritance in Man",
      "url": "https://www.omim.org",
      "namespacePrefix": "OMIM"
    }],
    "phenopacketSchemaVersion": "1.0.0-RC3",
    "externalReferences": [{
      "id": "PMID:28619046",
      "description": "Identification of a novel CTCF mutation responsible for syndromic intellectual disability - a case report"
    }]
  }
}