{
  "id": "PMID:23326516-Ben_Ammar-2013-MUSK-patient",
  "subject": {
    "id": "patient",
    "ageAtCollection": {
      "age": "P12Y"
    },
    "sex": "MALE",
    "taxonomy": {
      "id": "NCBITaxon:9606",
      "label": "Homo sapiens"
    }
  },
  "phenotypicFeatures": [{
    "type": {
      "id": "HP:0010535",
      "label": "Sleep apnea"
    },
    "evidence": [{
      "evidenceCode": {
        "id": "ECO:0000033",
        "label": "author statement supported by traceable reference"
      },
      "reference": {
        "id": "PMID:23326516",
        "description": "A mutation causes MuSK reduced sensitivity to agrin and congenital myasthenia"
      }
    }]
  }, {
    "type": {
      "id": "HP:0012473",
      "label": "Tongue atrophy"
    },
    "evidence": [{
      "evidenceCode": {
        "id": "ECO:0000033",
        "label": "author statement supported by traceable reference"
      },
      "reference": {
        "id": "PMID:23326516",
        "description": "A mutation causes MuSK reduced sensitivity to agrin and congenital myasthenia"
      }
    }]
  }, {
    "type": {
      "id": "HP:0001371",
      "label": "Flexion contracture"
    },
    "negated": true,
    "evidence": [{
      "evidenceCode": {
        "id": "ECO:0000033",
        "label": "author statement supported by traceable reference"
      },
      "reference": {
        "id": "PMID:23326516",
        "description": "A mutation causes MuSK reduced sensitivity to agrin and congenital myasthenia"
      }
    }]
  }, {
    "type": {
      "id": "HP:0001250",
      "label": "Seizures"
    },
    "evidence": [{
      "evidenceCode": {
        "id": "ECO:0000033",
        "label": "author statement supported by traceable reference"
      },
      "reference": {
        "id": "PMID:23326516",
        "description": "A mutation causes MuSK reduced sensitivity to agrin and congenital myasthenia"
      }
    }]
  }, {
    "type": {
      "id": "HP:0003323",
      "label": "Progressive muscle weakness"
    },
    "evidence": [{
      "evidenceCode": {
        "id": "ECO:0000033",
        "label": "author statement supported by traceable reference"
      },
      "reference": {
        "id": "PMID:23326516",
        "description": "A mutation causes MuSK reduced sensitivity to agrin and congenital myasthenia"
      }
    }]
  }, {
    "type": {
      "id": "HP:0008944",
      "label": "Distal lower limb amyotrophy"
    },
    "evidence": [{
      "evidenceCode": {
        "id": "ECO:0000033",
        "label": "author statement supported by traceable reference"
      },
      "reference": {
        "id": "PMID:23326516",
        "description": "A mutation causes MuSK reduced sensitivity to agrin and congenital myasthenia"
      }
    }]
  }, {
    "type": {
      "id": "HP:0007911",
      "label": "Congenital bilateral ptosis"
    },
    "evidence": [{
      "evidenceCode": {
        "id": "ECO:0000033",
        "label": "author statement supported by traceable reference"
      },
      "reference": {
        "id": "PMID:23326516",
        "description": "A mutation causes MuSK reduced sensitivity to agrin and congenital myasthenia"
      }
    }]
  }, {
    "type": {
      "id": "HP:0003473",
      "label": "Fatigable weakness"
    },
    "evidence": [{
      "evidenceCode": {
        "id": "ECO:0000033",
        "label": "author statement supported by traceable reference"
      },
      "reference": {
        "id": "PMID:23326516",
        "description": "A mutation causes MuSK reduced sensitivity to agrin and congenital myasthenia"
      }
    }]
  }, {
    "type": {
      "id": "HP:0030208",
      "label": "Acetylcholine receptor antibody positivity"
    },
    "negated": true,
    "evidence": [{
      "evidenceCode": {
        "id": "ECO:0000033",
        "label": "author statement supported by traceable reference"
      },
      "reference": {
        "id": "PMID:23326516",
        "description": "A mutation causes MuSK reduced sensitivity to agrin and congenital myasthenia"
      }
    }]
  }, {
    "type": {
      "id": "HP:0002380",
      "label": "Fasciculations"
    },
    "negated": true,
    "evidence": [{
      "evidenceCode": {
        "id": "ECO:0000033",
        "label": "author statement supported by traceable reference"
      },
      "reference": {
        "id": "PMID:23326516",
        "description": "A mutation causes MuSK reduced sensitivity to agrin and congenital myasthenia"
      }
    }]
  }, {
    "type": {
      "id": "HP:0002515",
      "label": "Waddling gait"
    },
    "evidence": [{
      "evidenceCode": {
        "id": "ECO:0000033",
        "label": "author statement supported by traceable reference"
      },
      "reference": {
        "id": "PMID:23326516",
        "description": "A mutation causes MuSK reduced sensitivity to agrin and congenital myasthenia"
      }
    }]
  }, {
    "type": {
      "id": "HP:0002650",
      "label": "Scoliosis"
    },
    "negated": true,
    "evidence": [{
      "evidenceCode": {
        "id": "ECO:0000033",
        "label": "author statement supported by traceable reference"
      },
      "reference": {
        "id": "PMID:23326516",
        "description": "A mutation causes MuSK reduced sensitivity to agrin and congenital myasthenia"
      }
    }]
  }, {
    "type": {
      "id": "HP:0025331",
      "label": "Upgaze palsy"
    },
    "evidence": [{
      "evidenceCode": {
        "id": "ECO:0000033",
        "label": "author statement supported by traceable reference"
      },
      "reference": {
        "id": "PMID:23326516",
        "description": "A mutation causes MuSK reduced sensitivity to agrin and congenital myasthenia"
      }
    }]
  }, {
    "type": {
      "id": "HP:0003202",
      "label": "Skeletal muscle atrophy"
    },
    "evidence": [{
      "evidenceCode": {
        "id": "ECO:0000033",
        "label": "author statement supported by traceable reference"
      },
      "reference": {
        "id": "PMID:23326516",
        "description": "A mutation causes MuSK reduced sensitivity to agrin and congenital myasthenia"
      }
    }]
  }, {
    "type": {
      "id": "HP:0003327",
      "label": "Axial muscle weakness"
    },
    "evidence": [{
      "evidenceCode": {
        "id": "ECO:0000033",
        "label": "author statement supported by traceable reference"
      },
      "reference": {
        "id": "PMID:23326516",
        "description": "A mutation causes MuSK reduced sensitivity to agrin and congenital myasthenia"
      }
    }]
  }, {
    "type": {
      "id": "HP:0002875",
      "label": "Exertional dyspnea"
    },
    "evidence": [{
      "evidenceCode": {
        "id": "ECO:0000033",
        "label": "author statement supported by traceable reference"
      },
      "reference": {
        "id": "PMID:23326516",
        "description": "A mutation causes MuSK reduced sensitivity to agrin and congenital myasthenia"
      }
    }]
  }, {
    "type": {
      "id": "HP:0003391",
      "label": "Gowers sign"
    },
    "evidence": [{
      "evidenceCode": {
        "id": "ECO:0000033",
        "label": "author statement supported by traceable reference"
      },
      "reference": {
        "id": "PMID:23326516",
        "description": "A mutation causes MuSK reduced sensitivity to agrin and congenital myasthenia"
      }
    }]
  }],
  "genes": [{
    "id": "NCBIGene:4593",
    "symbol": "MUSK"
  }],
  "variants": [{
    "vcfAllele": {
      "genomeAssembly": "GRCh37",
      "chr": "9",
      "pos": 113563161,
      "ref": "A",
      "alt": "G"
    },
    "zygosity": {
      "id": "GENO:0000136",
      "label": "homozygous"
    }
  }],
  "diseases": [{
    "term": {
      "id": "OMIM:616325",
      "label": "MYASTHENIC SYNDROME, CONGENITAL, 9, ASSOCIATED WITH ACETYLCHOLINERECEPTOR DEFICIENCY; CMS9"
    }
  }],
  "metaData": {
    "createdBy": "Hpo Case Annotator : 1.0.13-SNAPSHOT",
    "submittedBy": "HPO:probinson",
    "resources": [{
      "id": "hp",
      "name": "human phenotype ontology",
      "url": "http://purl.obolibrary.org/obo/hp.owl",
      "version": "2018-03-08",
      "namespacePrefix": "HP",
      "iriPrefix": "http://purl.obolibrary.org/obo/HP_"
    }, {
      "id": "pato",
      "name": "Phenotype And Trait Ontology",
      "url": "http://purl.obolibrary.org/obo/pato.owl",
      "version": "2018-03-28",
      "namespacePrefix": "PATO",
      "iriPrefix": "http://purl.obolibrary.org/obo/PATO_"
    }, {
      "id": "geno",
      "name": "Genotype Ontology",
      "url": "http://purl.obolibrary.org/obo/geno.owl",
      "version": "19-03-2018",
      "namespacePrefix": "GENO",
      "iriPrefix": "http://purl.obolibrary.org/obo/GENO_"
    }, {
      "id": "ncbitaxon",
      "name": "NCBI organismal classification",
      "url": "http://purl.obolibrary.org/obo/ncbitaxon.owl",
      "version": "2018-03-02",
      "namespacePrefix": "NCBITaxon"
    }, {
      "id": "eco",
      "name": "Evidence and Conclusion Ontology",
      "url": "http://purl.obolibrary.org/obo/eco.owl",
      "version": "2018-11-10",
      "namespacePrefix": "ECO",
      "iriPrefix": "http://purl.obolibrary.org/obo/ECO_"
    }, {
      "id": "omim",
      "name": "Online Mendelian Inheritance in Man",
      "url": "https://www.omim.org",
      "namespacePrefix": "OMIM"
    }],
    "phenopacketSchemaVersion": "1.0.0-RC3",
    "externalReferences": [{
      "id": "PMID:23326516",
      "description": "A mutation causes MuSK reduced sensitivity to agrin and congenital myasthenia"
    }]
  }
}