{
  "id": "PMID:30099644-Bhatia-2018-PRPF31-IV:3",
  "subject": {
    "id": "IV:3",
    "ageAtCollection": {
      "age": "35Y"
    },
    "sex": "FEMALE",
    "taxonomy": {
      "id": "NCBITaxon:9606",
      "label": "Homo sapiens"
    }
  },
  "phenotypicFeatures": [{
    "type": {
      "id": "HP:0007663",
      "label": "Reduced visual acuity"
    },
    "evidence": [{
      "evidenceCode": {
        "id": "ECO:0000033",
        "label": "author statement supported by traceable reference"
      },
      "reference": {
        "id": "PMID:30099644",
        "description": "A novel mutation in the PRPF31 in a North Indian adRP family with incomplete penetrance"
      }
    }]
  }, {
    "type": {
      "id": "HP:0007843",
      "label": "Attenuation of retinal blood vessels"
    },
    "evidence": [{
      "evidenceCode": {
        "id": "ECO:0000033",
        "label": "author statement supported by traceable reference"
      },
      "reference": {
        "id": "PMID:30099644",
        "description": "A novel mutation in the PRPF31 in a North Indian adRP family with incomplete penetrance"
      }
    }]
  }, {
    "type": {
      "id": "HP:0000543",
      "label": "Optic disc pallor"
    },
    "evidence": [{
      "evidenceCode": {
        "id": "ECO:0000033",
        "label": "author statement supported by traceable reference"
      },
      "reference": {
        "id": "PMID:30099644",
        "description": "A novel mutation in the PRPF31 in a North Indian adRP family with incomplete penetrance"
      }
    }]
  }, {
    "type": {
      "id": "HP:0007737",
      "label": "Bone spicule pigmentation of the retina"
    },
    "evidence": [{
      "evidenceCode": {
        "id": "ECO:0000033",
        "label": "author statement supported by traceable reference"
      },
      "reference": {
        "id": "PMID:30099644",
        "description": "A novel mutation in the PRPF31 in a North Indian adRP family with incomplete penetrance"
      }
    }]
  }, {
    "type": {
      "id": "HP:0000662",
      "label": "Nyctalopia"
    },
    "evidence": [{
      "evidenceCode": {
        "id": "ECO:0000033",
        "label": "author statement supported by traceable reference"
      },
      "reference": {
        "id": "PMID:30099644",
        "description": "A novel mutation in the PRPF31 in a North Indian adRP family with incomplete penetrance"
      }
    }]
  }],
  "genes": [{
    "id": "NCBIGene:26121",
    "symbol": "PRPF31"
  }],
  "variants": [{
    "vcfAllele": {
      "genomeAssembly": "GRCh37",
      "chr": "19",
      "pos": 54629943,
      "ref": "G",
      "alt": "A"
    },
    "zygosity": {
      "id": "GENO:0000135",
      "label": "heterozygous"
    }
  }],
  "diseases": [{
    "term": {
      "id": "OMIM:600138",
      "label": "RETINITIS PIGMENTOSA 11; RP11"
    }
  }],
  "metaData": {
    "submittedBy": "HPO:probinson",
    "resources": [{
      "id": "hp",
      "name": "human phenotype ontology",
      "url": "http://purl.obolibrary.org/obo/hp.owl",
      "version": "2018-03-08",
      "namespacePrefix": "HP",
      "iriPrefix": "http://purl.obolibrary.org/obo/HP_"
    }, {
      "id": "pato",
      "name": "Phenotype And Trait Ontology",
      "url": "http://purl.obolibrary.org/obo/pato.owl",
      "version": "2018-03-28",
      "namespacePrefix": "PATO",
      "iriPrefix": "http://purl.obolibrary.org/obo/PATO_"
    }, {
      "id": "geno",
      "name": "Genotype Ontology",
      "url": "http://purl.obolibrary.org/obo/geno.owl",
      "version": "19-03-2018",
      "namespacePrefix": "GENO",
      "iriPrefix": "http://purl.obolibrary.org/obo/GENO_"
    }, {
      "id": "ncbitaxon",
      "name": "NCBI organismal classification",
      "url": "http://purl.obolibrary.org/obo/ncbitaxon.owl",
      "version": "2018-03-02",
      "namespacePrefix": "NCBITaxon"
    }, {
      "id": "eco",
      "name": "Evidence and Conclusion Ontology",
      "url": "http://purl.obolibrary.org/obo/eco.owl",
      "version": "2018-11-10",
      "namespacePrefix": "ECO",
      "iriPrefix": "http://purl.obolibrary.org/obo/ECO_"
    }, {
      "id": "omim",
      "name": "Online Mendelian Inheritance in Man",
      "url": "https://www.omim.org",
      "namespacePrefix": "OMIM"
    }],
    "phenopacketSchemaVersion": "1.0.0-RC3",
    "externalReferences": [{
      "id": "PMID:30099644",
      "description": "A novel mutation in the PRPF31 in a North Indian adRP family with incomplete penetrance"
    }]
  }
}