{
  "id": "PMID:16801345-Bicknell-2007-FLNB-19",
  "subject": {
    "id": "19",
    "ageAtCollection": {
      "age": "P17Y"
    },
    "sex": "FEMALE",
    "taxonomy": {
      "id": "NCBITaxon:9606",
      "label": "Homo sapiens"
    }
  },
  "phenotypicFeatures": [{
    "type": {
      "id": "HP:0002948",
      "label": "Vertebral fusion"
    },
    "evidence": [{
      "evidenceCode": {
        "id": "ECO:0000033",
        "label": "author statement supported by traceable reference"
      },
      "reference": {
        "id": "PMID:16801345",
        "description": "A molecular and clinical study of Larsen syndrome caused by mutations in FLNB"
      }
    }]
  }, {
    "type": {
      "id": "HP:0001374",
      "label": "Congenital hip dislocation"
    },
    "evidence": [{
      "evidenceCode": {
        "id": "ECO:0000033",
        "label": "author statement supported by traceable reference"
      },
      "reference": {
        "id": "PMID:16801345",
        "description": "A molecular and clinical study of Larsen syndrome caused by mutations in FLNB"
      }
    }]
  }, {
    "type": {
      "id": "HP:0004322",
      "label": "Short stature"
    },
    "evidence": [{
      "evidenceCode": {
        "id": "ECO:0000033",
        "label": "author statement supported by traceable reference"
      },
      "reference": {
        "id": "PMID:16801345",
        "description": "A molecular and clinical study of Larsen syndrome caused by mutations in FLNB"
      }
    }]
  }, {
    "type": {
      "id": "HP:0011849",
      "label": "Abnormal bone ossification"
    },
    "evidence": [{
      "evidenceCode": {
        "id": "ECO:0000033",
        "label": "author statement supported by traceable reference"
      },
      "reference": {
        "id": "PMID:16801345",
        "description": "A molecular and clinical study of Larsen syndrome caused by mutations in FLNB"
      }
    }]
  }, {
    "type": {
      "id": "HP:0003042",
      "label": "Elbow dislocation"
    },
    "evidence": [{
      "evidenceCode": {
        "id": "ECO:0000033",
        "label": "author statement supported by traceable reference"
      },
      "reference": {
        "id": "PMID:16801345",
        "description": "A molecular and clinical study of Larsen syndrome caused by mutations in FLNB"
      }
    }]
  }, {
    "type": {
      "id": "HP:0001762",
      "label": "Talipes equinovarus"
    },
    "evidence": [{
      "evidenceCode": {
        "id": "ECO:0000033",
        "label": "author statement supported by traceable reference"
      },
      "reference": {
        "id": "PMID:16801345",
        "description": "A molecular and clinical study of Larsen syndrome caused by mutations in FLNB"
      }
    }]
  }, {
    "type": {
      "id": "HP:0011800",
      "label": "Midface retrusion"
    },
    "evidence": [{
      "evidenceCode": {
        "id": "ECO:0000033",
        "label": "author statement supported by traceable reference"
      },
      "reference": {
        "id": "PMID:16801345",
        "description": "A molecular and clinical study of Larsen syndrome caused by mutations in FLNB"
      }
    }]
  }, {
    "type": {
      "id": "HP:0001222",
      "label": "Spatulate thumbs"
    },
    "evidence": [{
      "evidenceCode": {
        "id": "ECO:0000033",
        "label": "author statement supported by traceable reference"
      },
      "reference": {
        "id": "PMID:16801345",
        "description": "A molecular and clinical study of Larsen syndrome caused by mutations in FLNB"
      }
    }]
  }, {
    "type": {
      "id": "HP:0003883",
      "label": "Tapered humerus"
    },
    "evidence": [{
      "evidenceCode": {
        "id": "ECO:0000033",
        "label": "author statement supported by traceable reference"
      },
      "reference": {
        "id": "PMID:16801345",
        "description": "A molecular and clinical study of Larsen syndrome caused by mutations in FLNB"
      }
    }]
  }, {
    "type": {
      "id": "HP:0005191",
      "label": "Congenital knee dislocation"
    },
    "evidence": [{
      "evidenceCode": {
        "id": "ECO:0000033",
        "label": "author statement supported by traceable reference"
      },
      "reference": {
        "id": "PMID:16801345",
        "description": "A molecular and clinical study of Larsen syndrome caused by mutations in FLNB"
      }
    }]
  }, {
    "type": {
      "id": "HP:0008438",
      "label": "Vertebral arch anomaly"
    },
    "evidence": [{
      "evidenceCode": {
        "id": "ECO:0000033",
        "label": "author statement supported by traceable reference"
      },
      "reference": {
        "id": "PMID:16801345",
        "description": "A molecular and clinical study of Larsen syndrome caused by mutations in FLNB"
      }
    }]
  }, {
    "type": {
      "id": "HP:0000175",
      "label": "Cleft palate"
    },
    "evidence": [{
      "evidenceCode": {
        "id": "ECO:0000033",
        "label": "author statement supported by traceable reference"
      },
      "reference": {
        "id": "PMID:16801345",
        "description": "A molecular and clinical study of Larsen syndrome caused by mutations in FLNB"
      }
    }]
  }],
  "genes": [{
    "id": "NCBIGene:2317",
    "symbol": "FLNB"
  }],
  "variants": [{
    "vcfAllele": {
      "genomeAssembly": "GRCh37",
      "chr": "3",
      "pos": 58131722,
      "ref": "G",
      "alt": "A"
    },
    "zygosity": {
      "id": "GENO:0000135",
      "label": "heterozygous"
    }
  }],
  "diseases": [{
    "term": {
      "id": "OMIM:150250",
      "label": "LARSEN SYNDROME; LRS"
    }
  }],
  "metaData": {
    "createdBy": "Hpo Case Annotator : 1.0.12-SNAPSHOT",
    "submittedBy": "HPO:probinson",
    "resources": [{
      "id": "hp",
      "name": "human phenotype ontology",
      "url": "http://purl.obolibrary.org/obo/hp.owl",
      "version": "2018-03-08",
      "namespacePrefix": "HP",
      "iriPrefix": "http://purl.obolibrary.org/obo/HP_"
    }, {
      "id": "pato",
      "name": "Phenotype And Trait Ontology",
      "url": "http://purl.obolibrary.org/obo/pato.owl",
      "version": "2018-03-28",
      "namespacePrefix": "PATO",
      "iriPrefix": "http://purl.obolibrary.org/obo/PATO_"
    }, {
      "id": "geno",
      "name": "Genotype Ontology",
      "url": "http://purl.obolibrary.org/obo/geno.owl",
      "version": "19-03-2018",
      "namespacePrefix": "GENO",
      "iriPrefix": "http://purl.obolibrary.org/obo/GENO_"
    }, {
      "id": "ncbitaxon",
      "name": "NCBI organismal classification",
      "url": "http://purl.obolibrary.org/obo/ncbitaxon.owl",
      "version": "2018-03-02",
      "namespacePrefix": "NCBITaxon"
    }, {
      "id": "eco",
      "name": "Evidence and Conclusion Ontology",
      "url": "http://purl.obolibrary.org/obo/eco.owl",
      "version": "2018-11-10",
      "namespacePrefix": "ECO",
      "iriPrefix": "http://purl.obolibrary.org/obo/ECO_"
    }, {
      "id": "omim",
      "name": "Online Mendelian Inheritance in Man",
      "url": "https://www.omim.org",
      "namespacePrefix": "OMIM"
    }],
    "phenopacketSchemaVersion": "1.0.0-RC3",
    "externalReferences": [{
      "id": "PMID:16801345",
      "description": "A molecular and clinical study of Larsen syndrome caused by mutations in FLNB"
    }]
  }
}