{
  "id": "PMID:28061825-Blanco-Kelly-2017-CDH3-Patient",
  "subject": {
    "id": "Patient",
    "ageAtCollection": {
      "age": "P12Y"
    },
    "sex": "MALE",
    "taxonomy": {
      "id": "NCBITaxon:9606",
      "label": "Homo sapiens"
    }
  },
  "phenotypicFeatures": [{
    "type": {
      "id": "HP:0002209",
      "label": "Sparse scalp hair"
    },
    "evidence": [{
      "evidenceCode": {
        "id": "ECO:0000033",
        "label": "author statement supported by traceable reference"
      },
      "reference": {
        "id": "PMID:28061825",
        "description": "New CDH3 mutation in the first Spanish case of hypotrichosis with juvenile macular dystrophy, a case report"
      }
    }]
  }, {
    "type": {
      "id": "HP:0007502",
      "label": "Follicular hyperkeratosis"
    },
    "evidence": [{
      "evidenceCode": {
        "id": "ECO:0000033",
        "label": "author statement supported by traceable reference"
      },
      "reference": {
        "id": "PMID:28061825",
        "description": "New CDH3 mutation in the first Spanish case of hypotrichosis with juvenile macular dystrophy, a case report"
      }
    }]
  }, {
    "type": {
      "id": "HP:0001760",
      "label": "Abnormality of the foot"
    },
    "negated": true,
    "evidence": [{
      "evidenceCode": {
        "id": "ECO:0000033",
        "label": "author statement supported by traceable reference"
      },
      "reference": {
        "id": "PMID:28061825",
        "description": "New CDH3 mutation in the first Spanish case of hypotrichosis with juvenile macular dystrophy, a case report"
      }
    }]
  }, {
    "type": {
      "id": "HP:0000958",
      "label": "Dry skin"
    },
    "evidence": [{
      "evidenceCode": {
        "id": "ECO:0000033",
        "label": "author statement supported by traceable reference"
      },
      "reference": {
        "id": "PMID:28061825",
        "description": "New CDH3 mutation in the first Spanish case of hypotrichosis with juvenile macular dystrophy, a case report"
      }
    }]
  }, {
    "type": {
      "id": "HP:0006482",
      "label": "Abnormality of dental morphology"
    },
    "negated": true,
    "evidence": [{
      "evidenceCode": {
        "id": "ECO:0000033",
        "label": "author statement supported by traceable reference"
      },
      "reference": {
        "id": "PMID:28061825",
        "description": "New CDH3 mutation in the first Spanish case of hypotrichosis with juvenile macular dystrophy, a case report"
      }
    }]
  }, {
    "type": {
      "id": "HP:0007663",
      "label": "Reduced visual acuity"
    },
    "evidence": [{
      "evidenceCode": {
        "id": "ECO:0000033",
        "label": "author statement supported by traceable reference"
      },
      "reference": {
        "id": "PMID:28061825",
        "description": "New CDH3 mutation in the first Spanish case of hypotrichosis with juvenile macular dystrophy, a case report"
      }
    }]
  }, {
    "type": {
      "id": "HP:0007401",
      "label": "Macular atrophy"
    },
    "evidence": [{
      "evidenceCode": {
        "id": "ECO:0000033",
        "label": "author statement supported by traceable reference"
      },
      "reference": {
        "id": "PMID:28061825",
        "description": "New CDH3 mutation in the first Spanish case of hypotrichosis with juvenile macular dystrophy, a case report"
      }
    }]
  }, {
    "type": {
      "id": "HP:0200040",
      "label": "Epidermoid cyst"
    },
    "evidence": [{
      "evidenceCode": {
        "id": "ECO:0000033",
        "label": "author statement supported by traceable reference"
      },
      "reference": {
        "id": "PMID:28061825",
        "description": "New CDH3 mutation in the first Spanish case of hypotrichosis with juvenile macular dystrophy, a case report"
      }
    }]
  }, {
    "type": {
      "id": "HP:0410400",
      "label": "Absent sebaceous glands"
    },
    "evidence": [{
      "evidenceCode": {
        "id": "ECO:0000033",
        "label": "author statement supported by traceable reference"
      },
      "reference": {
        "id": "PMID:28061825",
        "description": "New CDH3 mutation in the first Spanish case of hypotrichosis with juvenile macular dystrophy, a case report"
      }
    }]
  }, {
    "type": {
      "id": "HP:0003777",
      "label": "Pili torti"
    },
    "evidence": [{
      "evidenceCode": {
        "id": "ECO:0000033",
        "label": "author statement supported by traceable reference"
      },
      "reference": {
        "id": "PMID:28061825",
        "description": "New CDH3 mutation in the first Spanish case of hypotrichosis with juvenile macular dystrophy, a case report"
      }
    }]
  }, {
    "type": {
      "id": "HP:0011509",
      "label": "Macular hyperpigmentation"
    },
    "evidence": [{
      "evidenceCode": {
        "id": "ECO:0000033",
        "label": "author statement supported by traceable reference"
      },
      "reference": {
        "id": "PMID:28061825",
        "description": "New CDH3 mutation in the first Spanish case of hypotrichosis with juvenile macular dystrophy, a case report"
      }
    }]
  }, {
    "type": {
      "id": "HP:0001155",
      "label": "Abnormality of the hand"
    },
    "negated": true,
    "evidence": [{
      "evidenceCode": {
        "id": "ECO:0000033",
        "label": "author statement supported by traceable reference"
      },
      "reference": {
        "id": "PMID:28061825",
        "description": "New CDH3 mutation in the first Spanish case of hypotrichosis with juvenile macular dystrophy, a case report"
      }
    }]
  }, {
    "type": {
      "id": "HP:0045075",
      "label": "Sparse eyebrow"
    },
    "evidence": [{
      "evidenceCode": {
        "id": "ECO:0000033",
        "label": "author statement supported by traceable reference"
      },
      "reference": {
        "id": "PMID:28061825",
        "description": "New CDH3 mutation in the first Spanish case of hypotrichosis with juvenile macular dystrophy, a case report"
      }
    }]
  }, {
    "type": {
      "id": "HP:0000980",
      "label": "Pallor"
    },
    "evidence": [{
      "evidenceCode": {
        "id": "ECO:0000033",
        "label": "author statement supported by traceable reference"
      },
      "reference": {
        "id": "PMID:28061825",
        "description": "New CDH3 mutation in the first Spanish case of hypotrichosis with juvenile macular dystrophy, a case report"
      }
    }]
  }],
  "genes": [{
    "id": "NCBIGene:1001",
    "symbol": "CDH3"
  }],
  "variants": [{
    "vcfAllele": {
      "genomeAssembly": "GRCh37",
      "chr": "16",
      "pos": 68712731,
      "ref": "G",
      "alt": "A"
    },
    "zygosity": {
      "id": "GENO:0000135",
      "label": "heterozygous"
    }
  }, {
    "vcfAllele": {
      "genomeAssembly": "GRCh37",
      "chr": "16",
      "pos": 68713838,
      "ref": "AG",
      "alt": "A"
    },
    "zygosity": {
      "id": "GENO:0000135",
      "label": "heterozygous"
    }
  }],
  "diseases": [{
    "term": {
      "id": "OMIM:601553",
      "label": "HYPOTRICHOSIS, CONGENITAL, WITH JUVENILE MACULAR DYSTROPHY; HJMD"
    }
  }],
  "metaData": {
    "createdBy": "Hpo Case Annotator : 1.0.13-SNAPSHOT",
    "submittedBy": "HPO:probinson",
    "resources": [{
      "id": "hp",
      "name": "human phenotype ontology",
      "url": "http://purl.obolibrary.org/obo/hp.owl",
      "version": "2018-03-08",
      "namespacePrefix": "HP",
      "iriPrefix": "http://purl.obolibrary.org/obo/HP_"
    }, {
      "id": "pato",
      "name": "Phenotype And Trait Ontology",
      "url": "http://purl.obolibrary.org/obo/pato.owl",
      "version": "2018-03-28",
      "namespacePrefix": "PATO",
      "iriPrefix": "http://purl.obolibrary.org/obo/PATO_"
    }, {
      "id": "geno",
      "name": "Genotype Ontology",
      "url": "http://purl.obolibrary.org/obo/geno.owl",
      "version": "19-03-2018",
      "namespacePrefix": "GENO",
      "iriPrefix": "http://purl.obolibrary.org/obo/GENO_"
    }, {
      "id": "ncbitaxon",
      "name": "NCBI organismal classification",
      "url": "http://purl.obolibrary.org/obo/ncbitaxon.owl",
      "version": "2018-03-02",
      "namespacePrefix": "NCBITaxon"
    }, {
      "id": "eco",
      "name": "Evidence and Conclusion Ontology",
      "url": "http://purl.obolibrary.org/obo/eco.owl",
      "version": "2018-11-10",
      "namespacePrefix": "ECO",
      "iriPrefix": "http://purl.obolibrary.org/obo/ECO_"
    }, {
      "id": "omim",
      "name": "Online Mendelian Inheritance in Man",
      "url": "https://www.omim.org",
      "namespacePrefix": "OMIM"
    }],
    "phenopacketSchemaVersion": "1.0.0-RC3",
    "externalReferences": [{
      "id": "PMID:28061825",
      "description": "New CDH3 mutation in the first Spanish case of hypotrichosis with juvenile macular dystrophy, a case report"
    }]
  }
}