{
  "id": "PMID:29146883-Bluteau-2018-SAMD9L-UB049",
  "subject": {
    "id": "UB049",
    "ageAtCollection": {
      "age": "P10M"
    },
    "sex": "FEMALE",
    "taxonomy": {
      "id": "NCBITaxon:9606",
      "label": "Homo sapiens"
    }
  },
  "phenotypicFeatures": [{
    "type": {
      "id": "HP:0005528",
      "label": "Bone marrow hypocellularity"
    },
    "evidence": [{
      "evidenceCode": {
        "id": "ECO:0000033",
        "label": "author statement supported by traceable reference"
      },
      "reference": {
        "id": "PMID:29146883",
        "description": "A landscape of germ line mutations in a cohort of inherited bone marrow failure patients"
      }
    }]
  }, {
    "type": {
      "id": "HP:0001510",
      "label": "Growth delay"
    },
    "negated": true,
    "evidence": [{
      "evidenceCode": {
        "id": "ECO:0000033",
        "label": "author statement supported by traceable reference"
      },
      "reference": {
        "id": "PMID:29146883",
        "description": "A landscape of germ line mutations in a cohort of inherited bone marrow failure patients"
      }
    }]
  }, {
    "type": {
      "id": "HP:0031413",
      "label": "Short telomere length"
    },
    "negated": true,
    "evidence": [{
      "evidenceCode": {
        "id": "ECO:0000033",
        "label": "author statement supported by traceable reference"
      },
      "reference": {
        "id": "PMID:29146883",
        "description": "A landscape of germ line mutations in a cohort of inherited bone marrow failure patients"
      }
    }]
  }, {
    "type": {
      "id": "HP:0000119",
      "label": "Abnormality of the genitourinary system"
    },
    "negated": true,
    "evidence": [{
      "evidenceCode": {
        "id": "ECO:0000033",
        "label": "author statement supported by traceable reference"
      },
      "reference": {
        "id": "PMID:29146883",
        "description": "A landscape of germ line mutations in a cohort of inherited bone marrow failure patients"
      }
    }]
  }, {
    "type": {
      "id": "HP:0000707",
      "label": "Abnormality of the nervous system"
    },
    "negated": true,
    "evidence": [{
      "evidenceCode": {
        "id": "ECO:0000033",
        "label": "author statement supported by traceable reference"
      },
      "reference": {
        "id": "PMID:29146883",
        "description": "A landscape of germ line mutations in a cohort of inherited bone marrow failure patients"
      }
    }]
  }, {
    "type": {
      "id": "HP:0001876",
      "label": "Pancytopenia"
    },
    "evidence": [{
      "evidenceCode": {
        "id": "ECO:0000033",
        "label": "author statement supported by traceable reference"
      },
      "reference": {
        "id": "PMID:29146883",
        "description": "A landscape of germ line mutations in a cohort of inherited bone marrow failure patients"
      }
    }]
  }, {
    "type": {
      "id": "HP:0002721",
      "label": "Immunodeficiency"
    },
    "negated": true,
    "evidence": [{
      "evidenceCode": {
        "id": "ECO:0000033",
        "label": "author statement supported by traceable reference"
      },
      "reference": {
        "id": "PMID:29146883",
        "description": "A landscape of germ line mutations in a cohort of inherited bone marrow failure patients"
      }
    }]
  }],
  "genes": [{
    "id": "NCBIGene:219285",
    "symbol": "SAMD9L"
  }],
  "variants": [{
    "vcfAllele": {
      "genomeAssembly": "GRCh37",
      "chr": "7",
      "pos": 92760808,
      "ref": "T",
      "alt": "C"
    },
    "zygosity": {
      "id": "GENO:0000135",
      "label": "heterozygous"
    }
  }],
  "diseases": [{
    "term": {
      "id": "OMIM:159550",
      "label": "Ataxia-pancytopenia syndrome"
    }
  }],
  "metaData": {
    "createdBy": "Hpo Case Annotator : 1.0.14-SNAPSHOT",
    "submittedBy": "UNC:biocuration",
    "resources": [{
      "id": "hp",
      "name": "human phenotype ontology",
      "url": "http://purl.obolibrary.org/obo/hp.owl",
      "version": "2018-03-08",
      "namespacePrefix": "HP",
      "iriPrefix": "http://purl.obolibrary.org/obo/HP_"
    }, {
      "id": "pato",
      "name": "Phenotype And Trait Ontology",
      "url": "http://purl.obolibrary.org/obo/pato.owl",
      "version": "2018-03-28",
      "namespacePrefix": "PATO",
      "iriPrefix": "http://purl.obolibrary.org/obo/PATO_"
    }, {
      "id": "geno",
      "name": "Genotype Ontology",
      "url": "http://purl.obolibrary.org/obo/geno.owl",
      "version": "19-03-2018",
      "namespacePrefix": "GENO",
      "iriPrefix": "http://purl.obolibrary.org/obo/GENO_"
    }, {
      "id": "ncbitaxon",
      "name": "NCBI organismal classification",
      "url": "http://purl.obolibrary.org/obo/ncbitaxon.owl",
      "version": "2018-03-02",
      "namespacePrefix": "NCBITaxon"
    }, {
      "id": "eco",
      "name": "Evidence and Conclusion Ontology",
      "url": "http://purl.obolibrary.org/obo/eco.owl",
      "version": "2018-11-10",
      "namespacePrefix": "ECO",
      "iriPrefix": "http://purl.obolibrary.org/obo/ECO_"
    }, {
      "id": "omim",
      "name": "Online Mendelian Inheritance in Man",
      "url": "https://www.omim.org",
      "namespacePrefix": "OMIM"
    }],
    "phenopacketSchemaVersion": "1.0.0-RC3",
    "externalReferences": [{
      "id": "PMID:29146883",
      "description": "A landscape of germ line mutations in a cohort of inherited bone marrow failure patients"
    }]
  }
}