{
  "id": "PMID:30569521-Caro-Contreras-2019-ERF-proband",
  "subject": {
    "id": "proband",
    "ageAtCollection": {
      "age": "P3Y"
    },
    "sex": "MALE",
    "taxonomy": {
      "id": "NCBITaxon:9606",
      "label": "Homo sapiens"
    }
  },
  "phenotypicFeatures": [{
    "type": {
      "id": "HP:0004209",
      "label": "Clinodactyly of the 5th finger"
    },
    "evidence": [{
      "evidenceCode": {
        "id": "ECO:0000033",
        "label": "author statement supported by traceable reference"
      },
      "reference": {
        "id": "PMID:30569521",
        "description": "Molecular analysis provides further evidence that Chitayat syndrome is caused by the recurrent p"
      }
    }]
  }, {
    "type": {
      "id": "HP:0012471",
      "label": "Thick vermilion border"
    },
    "evidence": [{
      "evidenceCode": {
        "id": "ECO:0000033",
        "label": "author statement supported by traceable reference"
      },
      "reference": {
        "id": "PMID:30569521",
        "description": "Molecular analysis provides further evidence that Chitayat syndrome is caused by the recurrent p"
      }
    }]
  }, {
    "type": {
      "id": "HP:0000750",
      "label": "Delayed speech and language development"
    },
    "evidence": [{
      "evidenceCode": {
        "id": "ECO:0000033",
        "label": "author statement supported by traceable reference"
      },
      "reference": {
        "id": "PMID:30569521",
        "description": "Molecular analysis provides further evidence that Chitayat syndrome is caused by the recurrent p"
      }
    }]
  }, {
    "type": {
      "id": "HP:0001561",
      "label": "Polyhydramnios"
    },
    "evidence": [{
      "evidenceCode": {
        "id": "ECO:0000033",
        "label": "author statement supported by traceable reference"
      },
      "reference": {
        "id": "PMID:30569521",
        "description": "Molecular analysis provides further evidence that Chitayat syndrome is caused by the recurrent p"
      }
    }]
  }, {
    "type": {
      "id": "HP:0001822",
      "label": "Hallux valgus"
    },
    "evidence": [{
      "evidenceCode": {
        "id": "ECO:0000033",
        "label": "author statement supported by traceable reference"
      },
      "reference": {
        "id": "PMID:30569521",
        "description": "Molecular analysis provides further evidence that Chitayat syndrome is caused by the recurrent p"
      }
    }]
  }, {
    "type": {
      "id": "HP:0000768",
      "label": "Pectus carinatum"
    },
    "evidence": [{
      "evidenceCode": {
        "id": "ECO:0000033",
        "label": "author statement supported by traceable reference"
      },
      "reference": {
        "id": "PMID:30569521",
        "description": "Molecular analysis provides further evidence that Chitayat syndrome is caused by the recurrent p"
      }
    }]
  }, {
    "type": {
      "id": "HP:0000520",
      "label": "Proptosis"
    },
    "evidence": [{
      "evidenceCode": {
        "id": "ECO:0000033",
        "label": "author statement supported by traceable reference"
      },
      "reference": {
        "id": "PMID:30569521",
        "description": "Molecular analysis provides further evidence that Chitayat syndrome is caused by the recurrent p"
      }
    }]
  }, {
    "type": {
      "id": "HP:0002098",
      "label": "Respiratory distress"
    },
    "evidence": [{
      "evidenceCode": {
        "id": "ECO:0000033",
        "label": "author statement supported by traceable reference"
      },
      "reference": {
        "id": "PMID:30569521",
        "description": "Molecular analysis provides further evidence that Chitayat syndrome is caused by the recurrent p"
      }
    }]
  }, {
    "type": {
      "id": "HP:0005469",
      "label": "Flat occiput"
    },
    "evidence": [{
      "evidenceCode": {
        "id": "ECO:0000033",
        "label": "author statement supported by traceable reference"
      },
      "reference": {
        "id": "PMID:30569521",
        "description": "Molecular analysis provides further evidence that Chitayat syndrome is caused by the recurrent p"
      }
    }]
  }, {
    "type": {
      "id": "HP:0001156",
      "label": "Brachydactyly"
    },
    "evidence": [{
      "evidenceCode": {
        "id": "ECO:0000033",
        "label": "author statement supported by traceable reference"
      },
      "reference": {
        "id": "PMID:30569521",
        "description": "Molecular analysis provides further evidence that Chitayat syndrome is caused by the recurrent p"
      }
    }]
  }, {
    "type": {
      "id": "HP:0000341",
      "label": "Narrow forehead"
    },
    "evidence": [{
      "evidenceCode": {
        "id": "ECO:0000033",
        "label": "author statement supported by traceable reference"
      },
      "reference": {
        "id": "PMID:30569521",
        "description": "Molecular analysis provides further evidence that Chitayat syndrome is caused by the recurrent p"
      }
    }]
  }, {
    "type": {
      "id": "HP:0002020",
      "label": "Gastroesophageal reflux"
    },
    "evidence": [{
      "evidenceCode": {
        "id": "ECO:0000033",
        "label": "author statement supported by traceable reference"
      },
      "reference": {
        "id": "PMID:30569521",
        "description": "Molecular analysis provides further evidence that Chitayat syndrome is caused by the recurrent p"
      }
    }]
  }, {
    "type": {
      "id": "HP:0011951",
      "label": "Aspiration pneumonia"
    },
    "evidence": [{
      "evidenceCode": {
        "id": "ECO:0000033",
        "label": "author statement supported by traceable reference"
      },
      "reference": {
        "id": "PMID:30569521",
        "description": "Molecular analysis provides further evidence that Chitayat syndrome is caused by the recurrent p"
      }
    }]
  }, {
    "type": {
      "id": "HP:0000248",
      "label": "Brachycephaly"
    },
    "evidence": [{
      "evidenceCode": {
        "id": "ECO:0000033",
        "label": "author statement supported by traceable reference"
      },
      "reference": {
        "id": "PMID:30569521",
        "description": "Molecular analysis provides further evidence that Chitayat syndrome is caused by the recurrent p"
      }
    }]
  }, {
    "type": {
      "id": "HP:0001561",
      "label": "Polyhydramnios"
    },
    "negated": true,
    "evidence": [{
      "evidenceCode": {
        "id": "ECO:0000033",
        "label": "author statement supported by traceable reference"
      },
      "reference": {
        "id": "PMID:30569521",
        "description": "Molecular analysis provides further evidence that Chitayat syndrome is caused by the recurrent p"
      }
    }]
  }, {
    "type": {
      "id": "HP:0005280",
      "label": "Depressed nasal bridge"
    },
    "evidence": [{
      "evidenceCode": {
        "id": "ECO:0000033",
        "label": "author statement supported by traceable reference"
      },
      "reference": {
        "id": "PMID:30569521",
        "description": "Molecular analysis provides further evidence that Chitayat syndrome is caused by the recurrent p"
      }
    }]
  }, {
    "type": {
      "id": "HP:0000316",
      "label": "Hypertelorism"
    },
    "evidence": [{
      "evidenceCode": {
        "id": "ECO:0000033",
        "label": "author statement supported by traceable reference"
      },
      "reference": {
        "id": "PMID:30569521",
        "description": "Molecular analysis provides further evidence that Chitayat syndrome is caused by the recurrent p"
      }
    }]
  }],
  "genes": [{
    "id": "NCBIGene:2077",
    "symbol": "ERF"
  }],
  "variants": [{
    "vcfAllele": {
      "genomeAssembly": "GRCh37",
      "chr": "19",
      "pos": 42754086,
      "ref": "T",
      "alt": "C"
    },
    "zygosity": {
      "id": "GENO:0000135",
      "label": "heterozygous"
    }
  }],
  "diseases": [{
    "term": {
      "id": "OMIM:617180",
      "label": "Chitayat syndrome"
    }
  }],
  "metaData": {
    "createdBy": "Hpo Case Annotator : 1.0.13-SNAPSHOT",
    "submittedBy": "HPO:probinson",
    "resources": [{
      "id": "hp",
      "name": "human phenotype ontology",
      "url": "http://purl.obolibrary.org/obo/hp.owl",
      "version": "2018-03-08",
      "namespacePrefix": "HP",
      "iriPrefix": "http://purl.obolibrary.org/obo/HP_"
    }, {
      "id": "pato",
      "name": "Phenotype And Trait Ontology",
      "url": "http://purl.obolibrary.org/obo/pato.owl",
      "version": "2018-03-28",
      "namespacePrefix": "PATO",
      "iriPrefix": "http://purl.obolibrary.org/obo/PATO_"
    }, {
      "id": "geno",
      "name": "Genotype Ontology",
      "url": "http://purl.obolibrary.org/obo/geno.owl",
      "version": "19-03-2018",
      "namespacePrefix": "GENO",
      "iriPrefix": "http://purl.obolibrary.org/obo/GENO_"
    }, {
      "id": "ncbitaxon",
      "name": "NCBI organismal classification",
      "url": "http://purl.obolibrary.org/obo/ncbitaxon.owl",
      "version": "2018-03-02",
      "namespacePrefix": "NCBITaxon"
    }, {
      "id": "eco",
      "name": "Evidence and Conclusion Ontology",
      "url": "http://purl.obolibrary.org/obo/eco.owl",
      "version": "2018-11-10",
      "namespacePrefix": "ECO",
      "iriPrefix": "http://purl.obolibrary.org/obo/ECO_"
    }, {
      "id": "omim",
      "name": "Online Mendelian Inheritance in Man",
      "url": "https://www.omim.org",
      "namespacePrefix": "OMIM"
    }],
    "phenopacketSchemaVersion": "1.0.0-RC3",
    "externalReferences": [{
      "id": "PMID:30569521",
      "description": "Molecular analysis provides further evidence that Chitayat syndrome is caused by the recurrent p"
    }]
  }
}