{
  "id": "PMID:30200888-Chebly-2018-ERCC6-Patient_B",
  "subject": {
    "id": "Patient B",
    "ageAtCollection": {
      "age": "P1Y"
    },
    "sex": "FEMALE",
    "taxonomy": {
      "id": "NCBITaxon:9606",
      "label": "Homo sapiens"
    }
  },
  "phenotypicFeatures": [{
    "type": {
      "id": "HP:0000958",
      "label": "Dry skin"
    },
    "evidence": [{
      "evidenceCode": {
        "id": "ECO:0000033",
        "label": "author statement supported by traceable reference"
      },
      "reference": {
        "id": "PMID:30200888",
        "description": "First molecular study in Lebanese patients with Cockayne syndrome and report of a novel mutation in ERCC8 gene"
      }
    }]
  }, {
    "type": {
      "id": "HP:0000519",
      "label": "Developmental cataract"
    },
    "evidence": [{
      "evidenceCode": {
        "id": "ECO:0000033",
        "label": "author statement supported by traceable reference"
      },
      "reference": {
        "id": "PMID:30200888",
        "description": "First molecular study in Lebanese patients with Cockayne syndrome and report of a novel mutation in ERCC8 gene"
      }
    }]
  }, {
    "type": {
      "id": "HP:0000992",
      "label": "Cutaneous photosensitivity"
    },
    "evidence": [{
      "evidenceCode": {
        "id": "ECO:0000033",
        "label": "author statement supported by traceable reference"
      },
      "reference": {
        "id": "PMID:30200888",
        "description": "First molecular study in Lebanese patients with Cockayne syndrome and report of a novel mutation in ERCC8 gene"
      }
    }]
  }, {
    "type": {
      "id": "HP:0000490",
      "label": "Deeply set eye"
    },
    "evidence": [{
      "evidenceCode": {
        "id": "ECO:0000033",
        "label": "author statement supported by traceable reference"
      },
      "reference": {
        "id": "PMID:30200888",
        "description": "First molecular study in Lebanese patients with Cockayne syndrome and report of a novel mutation in ERCC8 gene"
      }
    }]
  }, {
    "type": {
      "id": "HP:0000252",
      "label": "Microcephaly"
    },
    "evidence": [{
      "evidenceCode": {
        "id": "ECO:0000033",
        "label": "author statement supported by traceable reference"
      },
      "reference": {
        "id": "PMID:30200888",
        "description": "First molecular study in Lebanese patients with Cockayne syndrome and report of a novel mutation in ERCC8 gene"
      }
    }]
  }],
  "genes": [{
    "id": "NCBIGene:2074",
    "symbol": "ERCC6"
  }],
  "variants": [{
    "vcfAllele": {
      "genomeAssembly": "GRCh37",
      "chr": "10",
      "pos": 50690894,
      "ref": "G",
      "alt": "A"
    },
    "zygosity": {
      "id": "GENO:0000136",
      "label": "homozygous"
    }
  }],
  "diseases": [{
    "term": {
      "id": "OMIM:133540",
      "label": "COCKAYNE SYNDROME B; CSB"
    }
  }],
  "metaData": {
    "createdBy": "Hpo Case Annotator : 1.0.13-SNAPSHOT",
    "submittedBy": "HPO:probinson",
    "resources": [{
      "id": "hp",
      "name": "human phenotype ontology",
      "url": "http://purl.obolibrary.org/obo/hp.owl",
      "version": "2018-03-08",
      "namespacePrefix": "HP",
      "iriPrefix": "http://purl.obolibrary.org/obo/HP_"
    }, {
      "id": "pato",
      "name": "Phenotype And Trait Ontology",
      "url": "http://purl.obolibrary.org/obo/pato.owl",
      "version": "2018-03-28",
      "namespacePrefix": "PATO",
      "iriPrefix": "http://purl.obolibrary.org/obo/PATO_"
    }, {
      "id": "geno",
      "name": "Genotype Ontology",
      "url": "http://purl.obolibrary.org/obo/geno.owl",
      "version": "19-03-2018",
      "namespacePrefix": "GENO",
      "iriPrefix": "http://purl.obolibrary.org/obo/GENO_"
    }, {
      "id": "ncbitaxon",
      "name": "NCBI organismal classification",
      "url": "http://purl.obolibrary.org/obo/ncbitaxon.owl",
      "version": "2018-03-02",
      "namespacePrefix": "NCBITaxon"
    }, {
      "id": "eco",
      "name": "Evidence and Conclusion Ontology",
      "url": "http://purl.obolibrary.org/obo/eco.owl",
      "version": "2018-11-10",
      "namespacePrefix": "ECO",
      "iriPrefix": "http://purl.obolibrary.org/obo/ECO_"
    }, {
      "id": "omim",
      "name": "Online Mendelian Inheritance in Man",
      "url": "https://www.omim.org",
      "namespacePrefix": "OMIM"
    }],
    "phenopacketSchemaVersion": "1.0.0-RC3",
    "externalReferences": [{
      "id": "PMID:30200888",
      "description": "First molecular study in Lebanese patients with Cockayne syndrome and report of a novel mutation in ERCC8 gene"
    }]
  }
}