{
  "id": "PMID:28575651-Chelban-2017-NKX6-2-III-1",
  "subject": {
    "id": "III-1",
    "ageAtCollection": {
      "age": "P27Y"
    },
    "sex": "FEMALE",
    "taxonomy": {
      "id": "NCBITaxon:9606",
      "label": "Homo sapiens"
    }
  },
  "phenotypicFeatures": [{
    "type": {
      "id": "HP:0003429",
      "label": "CNS hypomyelination"
    },
    "evidence": [{
      "evidenceCode": {
        "id": "ECO:0000033",
        "label": "author statement supported by traceable reference"
      },
      "reference": {
        "id": "PMID:28575651",
        "description": "Mutations in NKX6-2 Cause Progressive Spastic Ataxia and Hypomyelination"
      }
    }]
  }, {
    "type": {
      "id": "HP:0003474",
      "label": "Sensory impairment"
    },
    "negated": true,
    "evidence": [{
      "evidenceCode": {
        "id": "ECO:0000033",
        "label": "author statement supported by traceable reference"
      },
      "reference": {
        "id": "PMID:28575651",
        "description": "Mutations in NKX6-2 Cause Progressive Spastic Ataxia and Hypomyelination"
      }
    }]
  }, {
    "type": {
      "id": "HP:0000639",
      "label": "Nystagmus"
    },
    "evidence": [{
      "evidenceCode": {
        "id": "ECO:0000033",
        "label": "author statement supported by traceable reference"
      },
      "reference": {
        "id": "PMID:28575651",
        "description": "Mutations in NKX6-2 Cause Progressive Spastic Ataxia and Hypomyelination"
      }
    }]
  }, {
    "type": {
      "id": "HP:0007108",
      "label": "Demyelinating peripheral neuropathy"
    },
    "negated": true,
    "evidence": [{
      "evidenceCode": {
        "id": "ECO:0000033",
        "label": "author statement supported by traceable reference"
      },
      "reference": {
        "id": "PMID:28575651",
        "description": "Mutations in NKX6-2 Cause Progressive Spastic Ataxia and Hypomyelination"
      }
    }]
  }, {
    "type": {
      "id": "HP:0000605",
      "label": "Supranuclear gaze palsy"
    },
    "evidence": [{
      "evidenceCode": {
        "id": "ECO:0000033",
        "label": "author statement supported by traceable reference"
      },
      "reference": {
        "id": "PMID:28575651",
        "description": "Mutations in NKX6-2 Cause Progressive Spastic Ataxia and Hypomyelination"
      }
    }]
  }, {
    "type": {
      "id": "HP:0001332",
      "label": "Dystonia"
    },
    "evidence": [{
      "evidenceCode": {
        "id": "ECO:0000033",
        "label": "author statement supported by traceable reference"
      },
      "reference": {
        "id": "PMID:28575651",
        "description": "Mutations in NKX6-2 Cause Progressive Spastic Ataxia and Hypomyelination"
      }
    }]
  }, {
    "type": {
      "id": "HP:0000473",
      "label": "Torticollis"
    },
    "evidence": [{
      "evidenceCode": {
        "id": "ECO:0000033",
        "label": "author statement supported by traceable reference"
      },
      "reference": {
        "id": "PMID:28575651",
        "description": "Mutations in NKX6-2 Cause Progressive Spastic Ataxia and Hypomyelination"
      }
    }]
  }, {
    "type": {
      "id": "HP:0002540",
      "label": "Inability to walk"
    },
    "evidence": [{
      "evidenceCode": {
        "id": "ECO:0000033",
        "label": "author statement supported by traceable reference"
      },
      "reference": {
        "id": "PMID:28575651",
        "description": "Mutations in NKX6-2 Cause Progressive Spastic Ataxia and Hypomyelination"
      }
    }]
  }, {
    "type": {
      "id": "HP:0002497",
      "label": "Spastic ataxia"
    },
    "evidence": [{
      "evidenceCode": {
        "id": "ECO:0000033",
        "label": "author statement supported by traceable reference"
      },
      "reference": {
        "id": "PMID:28575651",
        "description": "Mutations in NKX6-2 Cause Progressive Spastic Ataxia and Hypomyelination"
      }
    }]
  }, {
    "type": {
      "id": "HP:0000571",
      "label": "Hypometric saccades"
    },
    "evidence": [{
      "evidenceCode": {
        "id": "ECO:0000033",
        "label": "author statement supported by traceable reference"
      },
      "reference": {
        "id": "PMID:28575651",
        "description": "Mutations in NKX6-2 Cause Progressive Spastic Ataxia and Hypomyelination"
      }
    }]
  }, {
    "type": {
      "id": "HP:0001270",
      "label": "Motor delay"
    },
    "evidence": [{
      "evidenceCode": {
        "id": "ECO:0000033",
        "label": "author statement supported by traceable reference"
      },
      "reference": {
        "id": "PMID:28575651",
        "description": "Mutations in NKX6-2 Cause Progressive Spastic Ataxia and Hypomyelination"
      }
    }]
  }, {
    "type": {
      "id": "HP:0000511",
      "label": "Vertical supranuclear gaze palsy"
    },
    "evidence": [{
      "evidenceCode": {
        "id": "ECO:0000033",
        "label": "author statement supported by traceable reference"
      },
      "reference": {
        "id": "PMID:28575651",
        "description": "Mutations in NKX6-2 Cause Progressive Spastic Ataxia and Hypomyelination"
      }
    }]
  }, {
    "type": {
      "id": "HP:0030187",
      "label": "Titubation"
    },
    "evidence": [{
      "evidenceCode": {
        "id": "ECO:0000033",
        "label": "author statement supported by traceable reference"
      },
      "reference": {
        "id": "PMID:28575651",
        "description": "Mutations in NKX6-2 Cause Progressive Spastic Ataxia and Hypomyelination"
      }
    }]
  }, {
    "type": {
      "id": "HP:0001260",
      "label": "Dysarthria"
    },
    "evidence": [{
      "evidenceCode": {
        "id": "ECO:0000033",
        "label": "author statement supported by traceable reference"
      },
      "reference": {
        "id": "PMID:28575651",
        "description": "Mutations in NKX6-2 Cause Progressive Spastic Ataxia and Hypomyelination"
      }
    }]
  }, {
    "type": {
      "id": "HP:0002062",
      "label": "Morphological abnormality of the pyramidal tract"
    },
    "evidence": [{
      "evidenceCode": {
        "id": "ECO:0000033",
        "label": "author statement supported by traceable reference"
      },
      "reference": {
        "id": "PMID:28575651",
        "description": "Mutations in NKX6-2 Cause Progressive Spastic Ataxia and Hypomyelination"
      }
    }]
  }, {
    "type": {
      "id": "HP:0001251",
      "label": "Ataxia"
    },
    "evidence": [{
      "evidenceCode": {
        "id": "ECO:0000033",
        "label": "author statement supported by traceable reference"
      },
      "reference": {
        "id": "PMID:28575651",
        "description": "Mutations in NKX6-2 Cause Progressive Spastic Ataxia and Hypomyelination"
      }
    }]
  }, {
    "type": {
      "id": "HP:0012547",
      "label": "Abnormal involuntary eye movements"
    },
    "evidence": [{
      "evidenceCode": {
        "id": "ECO:0000033",
        "label": "author statement supported by traceable reference"
      },
      "reference": {
        "id": "PMID:28575651",
        "description": "Mutations in NKX6-2 Cause Progressive Spastic Ataxia and Hypomyelination"
      }
    }]
  }, {
    "type": {
      "id": "HP:0001272",
      "label": "Cerebellar atrophy"
    },
    "evidence": [{
      "evidenceCode": {
        "id": "ECO:0000033",
        "label": "author statement supported by traceable reference"
      },
      "reference": {
        "id": "PMID:28575651",
        "description": "Mutations in NKX6-2 Cause Progressive Spastic Ataxia and Hypomyelination"
      }
    }]
  }, {
    "type": {
      "id": "HP:0009830",
      "label": "Peripheral neuropathy"
    },
    "evidence": [{
      "evidenceCode": {
        "id": "ECO:0000033",
        "label": "author statement supported by traceable reference"
      },
      "reference": {
        "id": "PMID:28575651",
        "description": "Mutations in NKX6-2 Cause Progressive Spastic Ataxia and Hypomyelination"
      }
    }]
  }],
  "genes": [{
    "id": "NCBIGene:84504",
    "symbol": "NKX6-2"
  }],
  "variants": [{
    "vcfAllele": {
      "genomeAssembly": "GRCh37",
      "chr": "10",
      "pos": 134599332,
      "ref": "T",
      "alt": "A"
    },
    "zygosity": {
      "id": "GENO:0000136",
      "label": "homozygous"
    }
  }],
  "diseases": [{
    "term": {
      "id": "OMIM:617560",
      "label": "Spastic ataxia 8, autosomal recessive, with hypomyelinating leukodystrophy"
    }
  }],
  "metaData": {
    "createdBy": "Hpo Case Annotator : 1.0.14-SNAPSHOT",
    "submittedBy": "UNC:biocuration",
    "resources": [{
      "id": "hp",
      "name": "human phenotype ontology",
      "url": "http://purl.obolibrary.org/obo/hp.owl",
      "version": "2018-03-08",
      "namespacePrefix": "HP",
      "iriPrefix": "http://purl.obolibrary.org/obo/HP_"
    }, {
      "id": "pato",
      "name": "Phenotype And Trait Ontology",
      "url": "http://purl.obolibrary.org/obo/pato.owl",
      "version": "2018-03-28",
      "namespacePrefix": "PATO",
      "iriPrefix": "http://purl.obolibrary.org/obo/PATO_"
    }, {
      "id": "geno",
      "name": "Genotype Ontology",
      "url": "http://purl.obolibrary.org/obo/geno.owl",
      "version": "19-03-2018",
      "namespacePrefix": "GENO",
      "iriPrefix": "http://purl.obolibrary.org/obo/GENO_"
    }, {
      "id": "ncbitaxon",
      "name": "NCBI organismal classification",
      "url": "http://purl.obolibrary.org/obo/ncbitaxon.owl",
      "version": "2018-03-02",
      "namespacePrefix": "NCBITaxon"
    }, {
      "id": "eco",
      "name": "Evidence and Conclusion Ontology",
      "url": "http://purl.obolibrary.org/obo/eco.owl",
      "version": "2018-11-10",
      "namespacePrefix": "ECO",
      "iriPrefix": "http://purl.obolibrary.org/obo/ECO_"
    }, {
      "id": "omim",
      "name": "Online Mendelian Inheritance in Man",
      "url": "https://www.omim.org",
      "namespacePrefix": "OMIM"
    }],
    "phenopacketSchemaVersion": "1.0.0-RC3",
    "externalReferences": [{
      "id": "PMID:28575651",
      "description": "Mutations in NKX6-2 Cause Progressive Spastic Ataxia and Hypomyelination"
    }]
  }
}