{
  "id": "PMID:24966961-Chen-2014-RUNX2-III:3",
  "subject": {
    "id": "III:3",
    "ageAtCollection": {
      "age": "P29Y"
    },
    "sex": "FEMALE",
    "taxonomy": {
      "id": "NCBITaxon:9606",
      "label": "Homo sapiens"
    }
  },
  "phenotypicFeatures": [{
    "type": {
      "id": "HP:0002645",
      "label": "Wormian bones"
    },
    "evidence": [{
      "evidenceCode": {
        "id": "ECO:0000033",
        "label": "author statement supported by traceable reference"
      },
      "reference": {
        "id": "PMID:24966961",
        "description": "A novel small deletion mutation in RUNX2 gene in one Chinese family with cleidocranial dysplasia"
      }
    }]
  }, {
    "type": {
      "id": "HP:0000270",
      "label": "Delayed cranial suture closure"
    },
    "evidence": [{
      "evidenceCode": {
        "id": "ECO:0000033",
        "label": "author statement supported by traceable reference"
      },
      "reference": {
        "id": "PMID:24966961",
        "description": "A novel small deletion mutation in RUNX2 gene in one Chinese family with cleidocranial dysplasia"
      }
    }]
  }, {
    "type": {
      "id": "HP:0002866",
      "label": "Hypoplastic iliac wing"
    },
    "evidence": [{
      "evidenceCode": {
        "id": "ECO:0000033",
        "label": "author statement supported by traceable reference"
      },
      "reference": {
        "id": "PMID:24966961",
        "description": "A novel small deletion mutation in RUNX2 gene in one Chinese family with cleidocranial dysplasia"
      }
    }]
  }, {
    "type": {
      "id": "HP:0011069",
      "label": "Increased number of teeth"
    },
    "evidence": [{
      "evidenceCode": {
        "id": "ECO:0000033",
        "label": "author statement supported by traceable reference"
      },
      "reference": {
        "id": "PMID:24966961",
        "description": "A novel small deletion mutation in RUNX2 gene in one Chinese family with cleidocranial dysplasia"
      }
    }]
  }, {
    "type": {
      "id": "HP:0005280",
      "label": "Depressed nasal bridge"
    },
    "evidence": [{
      "evidenceCode": {
        "id": "ECO:0000033",
        "label": "author statement supported by traceable reference"
      },
      "reference": {
        "id": "PMID:24966961",
        "description": "A novel small deletion mutation in RUNX2 gene in one Chinese family with cleidocranial dysplasia"
      }
    }]
  }, {
    "type": {
      "id": "HP:0001388",
      "label": "Joint laxity"
    },
    "evidence": [{
      "evidenceCode": {
        "id": "ECO:0000033",
        "label": "author statement supported by traceable reference"
      },
      "reference": {
        "id": "PMID:24966961",
        "description": "A novel small deletion mutation in RUNX2 gene in one Chinese family with cleidocranial dysplasia"
      }
    }]
  }, {
    "type": {
      "id": "HP:0000696",
      "label": "Delayed eruption of permanent teeth"
    },
    "evidence": [{
      "evidenceCode": {
        "id": "ECO:0000033",
        "label": "author statement supported by traceable reference"
      },
      "reference": {
        "id": "PMID:24966961",
        "description": "A novel small deletion mutation in RUNX2 gene in one Chinese family with cleidocranial dysplasia"
      }
    }]
  }, {
    "type": {
      "id": "HP:0006660",
      "label": "Aplastic clavicle"
    },
    "evidence": [{
      "evidenceCode": {
        "id": "ECO:0000033",
        "label": "author statement supported by traceable reference"
      },
      "reference": {
        "id": "PMID:24966961",
        "description": "A novel small deletion mutation in RUNX2 gene in one Chinese family with cleidocranial dysplasia"
      }
    }]
  }, {
    "type": {
      "id": "HP:0008788",
      "label": "Delayed pubic bone ossification"
    },
    "evidence": [{
      "evidenceCode": {
        "id": "ECO:0000033",
        "label": "author statement supported by traceable reference"
      },
      "reference": {
        "id": "PMID:24966961",
        "description": "A novel small deletion mutation in RUNX2 gene in one Chinese family with cleidocranial dysplasia"
      }
    }]
  }, {
    "type": {
      "id": "HP:0000689",
      "label": "Dental malocclusion"
    },
    "evidence": [{
      "evidenceCode": {
        "id": "ECO:0000033",
        "label": "author statement supported by traceable reference"
      },
      "reference": {
        "id": "PMID:24966961",
        "description": "A novel small deletion mutation in RUNX2 gene in one Chinese family with cleidocranial dysplasia"
      }
    }]
  }],
  "genes": [{
    "id": "NCBIGene:860",
    "symbol": "RUNX2"
  }],
  "variants": [{
    "vcfAllele": {
      "genomeAssembly": "GRCh37",
      "chr": "6",
      "pos": 45405734,
      "ref": "GCTAC",
      "alt": "G"
    },
    "zygosity": {
      "id": "GENO:0000135",
      "label": "heterozygous"
    }
  }],
  "diseases": [{
    "term": {
      "id": "OMIM:119600",
      "label": "CLEIDOCRANIAL DYSPLASIA; CCD"
    }
  }],
  "metaData": {
    "createdBy": "Hpo Case Annotator : 1.0.13-SNAPSHOT",
    "submittedBy": "HPO:probinson",
    "resources": [{
      "id": "hp",
      "name": "human phenotype ontology",
      "url": "http://purl.obolibrary.org/obo/hp.owl",
      "version": "2018-03-08",
      "namespacePrefix": "HP",
      "iriPrefix": "http://purl.obolibrary.org/obo/HP_"
    }, {
      "id": "pato",
      "name": "Phenotype And Trait Ontology",
      "url": "http://purl.obolibrary.org/obo/pato.owl",
      "version": "2018-03-28",
      "namespacePrefix": "PATO",
      "iriPrefix": "http://purl.obolibrary.org/obo/PATO_"
    }, {
      "id": "geno",
      "name": "Genotype Ontology",
      "url": "http://purl.obolibrary.org/obo/geno.owl",
      "version": "19-03-2018",
      "namespacePrefix": "GENO",
      "iriPrefix": "http://purl.obolibrary.org/obo/GENO_"
    }, {
      "id": "ncbitaxon",
      "name": "NCBI organismal classification",
      "url": "http://purl.obolibrary.org/obo/ncbitaxon.owl",
      "version": "2018-03-02",
      "namespacePrefix": "NCBITaxon"
    }, {
      "id": "eco",
      "name": "Evidence and Conclusion Ontology",
      "url": "http://purl.obolibrary.org/obo/eco.owl",
      "version": "2018-11-10",
      "namespacePrefix": "ECO",
      "iriPrefix": "http://purl.obolibrary.org/obo/ECO_"
    }, {
      "id": "omim",
      "name": "Online Mendelian Inheritance in Man",
      "url": "https://www.omim.org",
      "namespacePrefix": "OMIM"
    }],
    "phenopacketSchemaVersion": "1.0.0-RC3",
    "externalReferences": [{
      "id": "PMID:24966961",
      "description": "A novel small deletion mutation in RUNX2 gene in one Chinese family with cleidocranial dysplasia"
    }]
  }
}