{
  "id": "PMID:28821231-Dastsooz-2017-PANK2-Family_I_patient_I",
  "subject": {
    "id": "Family I patient I",
    "ageAtCollection": {
      "age": "P9Y"
    },
    "sex": "FEMALE",
    "taxonomy": {
      "id": "NCBITaxon:9606",
      "label": "Homo sapiens"
    }
  },
  "phenotypicFeatures": [{
    "type": {
      "id": "HP:0002370",
      "label": "Poor coordination"
    },
    "evidence": [{
      "evidenceCode": {
        "id": "ECO:0000033",
        "label": "author statement supported by traceable reference"
      },
      "reference": {
        "id": "PMID:28821231",
        "description": "Novel mutations in PANK2 and PLA2G6 genes in patients with neurodegenerative disorders: two case reports"
      }
    }]
  }, {
    "type": {
      "id": "HP:0000238",
      "label": "Hydrocephalus"
    },
    "negated": true,
    "evidence": [{
      "evidenceCode": {
        "id": "ECO:0000033",
        "label": "author statement supported by traceable reference"
      },
      "reference": {
        "id": "PMID:28821231",
        "description": "Novel mutations in PANK2 and PLA2G6 genes in patients with neurodegenerative disorders: two case reports"
      }
    }]
  }, {
    "type": {
      "id": "HP:0003155",
      "label": "Elevated alkaline phosphatase"
    },
    "evidence": [{
      "evidenceCode": {
        "id": "ECO:0000033",
        "label": "author statement supported by traceable reference"
      },
      "reference": {
        "id": "PMID:28821231",
        "description": "Novel mutations in PANK2 and PLA2G6 genes in patients with neurodegenerative disorders: two case reports"
      }
    }]
  }, {
    "type": {
      "id": "HP:0012503",
      "label": "Abnormality of the pituitary gland"
    },
    "negated": true,
    "evidence": [{
      "evidenceCode": {
        "id": "ECO:0000033",
        "label": "author statement supported by traceable reference"
      },
      "reference": {
        "id": "PMID:28821231",
        "description": "Novel mutations in PANK2 and PLA2G6 genes in patients with neurodegenerative disorders: two case reports"
      }
    }]
  }, {
    "type": {
      "id": "HP:0002454",
      "label": "Eye of the tiger anomaly of globus pallidus"
    },
    "evidence": [{
      "evidenceCode": {
        "id": "ECO:0000033",
        "label": "author statement supported by traceable reference"
      },
      "reference": {
        "id": "PMID:28821231",
        "description": "Novel mutations in PANK2 and PLA2G6 genes in patients with neurodegenerative disorders: two case reports"
      }
    }]
  }, {
    "type": {
      "id": "HP:0003236",
      "label": "Elevated serum creatine kinase"
    },
    "evidence": [{
      "evidenceCode": {
        "id": "ECO:0000033",
        "label": "author statement supported by traceable reference"
      },
      "reference": {
        "id": "PMID:28821231",
        "description": "Novel mutations in PANK2 and PLA2G6 genes in patients with neurodegenerative disorders: two case reports"
      }
    }]
  }, {
    "type": {
      "id": "HP:0001249",
      "label": "Intellectual disability"
    },
    "negated": true,
    "evidence": [{
      "evidenceCode": {
        "id": "ECO:0000033",
        "label": "author statement supported by traceable reference"
      },
      "reference": {
        "id": "PMID:28821231",
        "description": "Novel mutations in PANK2 and PLA2G6 genes in patients with neurodegenerative disorders: two case reports"
      }
    }]
  }],
  "genes": [{
    "id": "NCBIGene:80025",
    "symbol": "PANK2"
  }],
  "variants": [{
    "vcfAllele": {
      "genomeAssembly": "GRCh37",
      "chr": "20",
      "pos": 3897586,
      "ref": "GATGA",
      "alt": "G"
    },
    "zygosity": {
      "id": "GENO:0000136",
      "label": "homozygous"
    }
  }],
  "diseases": [{
    "term": {
      "id": "OMIM:234200",
      "label": "NEURODEGENERATION WITH BRAIN IRON ACCUMULATION 1; NBIA1"
    }
  }],
  "metaData": {
    "createdBy": "Hpo Case Annotator : 1.0.13-SNAPSHOT",
    "submittedBy": "HPO:probinson",
    "resources": [{
      "id": "hp",
      "name": "human phenotype ontology",
      "url": "http://purl.obolibrary.org/obo/hp.owl",
      "version": "2018-03-08",
      "namespacePrefix": "HP",
      "iriPrefix": "http://purl.obolibrary.org/obo/HP_"
    }, {
      "id": "pato",
      "name": "Phenotype And Trait Ontology",
      "url": "http://purl.obolibrary.org/obo/pato.owl",
      "version": "2018-03-28",
      "namespacePrefix": "PATO",
      "iriPrefix": "http://purl.obolibrary.org/obo/PATO_"
    }, {
      "id": "geno",
      "name": "Genotype Ontology",
      "url": "http://purl.obolibrary.org/obo/geno.owl",
      "version": "19-03-2018",
      "namespacePrefix": "GENO",
      "iriPrefix": "http://purl.obolibrary.org/obo/GENO_"
    }, {
      "id": "ncbitaxon",
      "name": "NCBI organismal classification",
      "url": "http://purl.obolibrary.org/obo/ncbitaxon.owl",
      "version": "2018-03-02",
      "namespacePrefix": "NCBITaxon"
    }, {
      "id": "eco",
      "name": "Evidence and Conclusion Ontology",
      "url": "http://purl.obolibrary.org/obo/eco.owl",
      "version": "2018-11-10",
      "namespacePrefix": "ECO",
      "iriPrefix": "http://purl.obolibrary.org/obo/ECO_"
    }, {
      "id": "omim",
      "name": "Online Mendelian Inheritance in Man",
      "url": "https://www.omim.org",
      "namespacePrefix": "OMIM"
    }],
    "phenopacketSchemaVersion": "1.0.0-RC3",
    "externalReferences": [{
      "id": "PMID:28821231",
      "description": "Novel mutations in PANK2 and PLA2G6 genes in patients with neurodegenerative disorders: two case reports"
    }]
  }
}