{
  "id": "PMID:28821231-Dastsooz-2017-PLA2G6-family_II_patient_II",
  "subject": {
    "id": "family II patient II",
    "ageAtCollection": {
      "age": "P1Y6M"
    },
    "sex": "MALE",
    "taxonomy": {
      "id": "NCBITaxon:9606",
      "label": "Homo sapiens"
    }
  },
  "phenotypicFeatures": [{
    "type": {
      "id": "HP:0025435",
      "label": "Increased lactate dehydrogenase activity"
    },
    "evidence": [{
      "evidenceCode": {
        "id": "ECO:0000033",
        "label": "author statement supported by traceable reference"
      },
      "reference": {
        "id": "PMID:28821231",
        "description": "Novel mutations in PANK2 and PLA2G6 genes in patients with neurodegenerative disorders: two case reports"
      }
    }]
  }, {
    "type": {
      "id": "HP:0031956",
      "label": "Elevated serum aspartate aminotransferase"
    },
    "evidence": [{
      "evidenceCode": {
        "id": "ECO:0000033",
        "label": "author statement supported by traceable reference"
      },
      "reference": {
        "id": "PMID:28821231",
        "description": "Novel mutations in PANK2 and PLA2G6 genes in patients with neurodegenerative disorders: two case reports"
      }
    }]
  }, {
    "type": {
      "id": "HP:0002376",
      "label": "Developmental regression"
    },
    "evidence": [{
      "evidenceCode": {
        "id": "ECO:0000033",
        "label": "author statement supported by traceable reference"
      },
      "reference": {
        "id": "PMID:28821231",
        "description": "Novel mutations in PANK2 and PLA2G6 genes in patients with neurodegenerative disorders: two case reports"
      }
    }]
  }, {
    "type": {
      "id": "HP:0003236",
      "label": "Elevated serum creatine kinase"
    },
    "evidence": [{
      "evidenceCode": {
        "id": "ECO:0000033",
        "label": "author statement supported by traceable reference"
      },
      "reference": {
        "id": "PMID:28821231",
        "description": "Novel mutations in PANK2 and PLA2G6 genes in patients with neurodegenerative disorders: two case reports"
      }
    }]
  }, {
    "type": {
      "id": "HP:0001324",
      "label": "Muscle weakness"
    },
    "evidence": [{
      "evidenceCode": {
        "id": "ECO:0000033",
        "label": "author statement supported by traceable reference"
      },
      "reference": {
        "id": "PMID:28821231",
        "description": "Novel mutations in PANK2 and PLA2G6 genes in patients with neurodegenerative disorders: two case reports"
      }
    }]
  }, {
    "type": {
      "id": "HP:0001433",
      "label": "Hepatosplenomegaly"
    },
    "negated": true,
    "evidence": [{
      "evidenceCode": {
        "id": "ECO:0000033",
        "label": "author statement supported by traceable reference"
      },
      "reference": {
        "id": "PMID:28821231",
        "description": "Novel mutations in PANK2 and PLA2G6 genes in patients with neurodegenerative disorders: two case reports"
      }
    }]
  }, {
    "type": {
      "id": "HP:0012759",
      "label": "Neurodevelopmental abnormality"
    },
    "evidence": [{
      "evidenceCode": {
        "id": "ECO:0000033",
        "label": "author statement supported by traceable reference"
      },
      "reference": {
        "id": "PMID:28821231",
        "description": "Novel mutations in PANK2 and PLA2G6 genes in patients with neurodegenerative disorders: two case reports"
      }
    }]
  }, {
    "type": {
      "id": "HP:0001250",
      "label": "Seizures"
    },
    "negated": true,
    "evidence": [{
      "evidenceCode": {
        "id": "ECO:0000033",
        "label": "author statement supported by traceable reference"
      },
      "reference": {
        "id": "PMID:28821231",
        "description": "Novel mutations in PANK2 and PLA2G6 genes in patients with neurodegenerative disorders: two case reports"
      }
    }]
  }],
  "genes": [{
    "id": "NCBIGene:8398",
    "symbol": "PLA2G6"
  }],
  "variants": [{
    "vcfAllele": {
      "genomeAssembly": "GRCh37",
      "chr": "22",
      "pos": 38565431,
      "ref": "C",
      "alt": "A"
    },
    "zygosity": {
      "id": "GENO:0000136",
      "label": "homozygous"
    }
  }],
  "diseases": [{
    "term": {
      "id": "OMIM:610217",
      "label": "NEURODEGENERATION WITH BRAIN IRON ACCUMULATION 2B; NBIA2B"
    }
  }],
  "metaData": {
    "createdBy": "Hpo Case Annotator : 1.0.13-SNAPSHOT",
    "submittedBy": "HPO:probinson",
    "resources": [{
      "id": "hp",
      "name": "human phenotype ontology",
      "url": "http://purl.obolibrary.org/obo/hp.owl",
      "version": "2018-03-08",
      "namespacePrefix": "HP",
      "iriPrefix": "http://purl.obolibrary.org/obo/HP_"
    }, {
      "id": "pato",
      "name": "Phenotype And Trait Ontology",
      "url": "http://purl.obolibrary.org/obo/pato.owl",
      "version": "2018-03-28",
      "namespacePrefix": "PATO",
      "iriPrefix": "http://purl.obolibrary.org/obo/PATO_"
    }, {
      "id": "geno",
      "name": "Genotype Ontology",
      "url": "http://purl.obolibrary.org/obo/geno.owl",
      "version": "19-03-2018",
      "namespacePrefix": "GENO",
      "iriPrefix": "http://purl.obolibrary.org/obo/GENO_"
    }, {
      "id": "ncbitaxon",
      "name": "NCBI organismal classification",
      "url": "http://purl.obolibrary.org/obo/ncbitaxon.owl",
      "version": "2018-03-02",
      "namespacePrefix": "NCBITaxon"
    }, {
      "id": "eco",
      "name": "Evidence and Conclusion Ontology",
      "url": "http://purl.obolibrary.org/obo/eco.owl",
      "version": "2018-11-10",
      "namespacePrefix": "ECO",
      "iriPrefix": "http://purl.obolibrary.org/obo/ECO_"
    }, {
      "id": "omim",
      "name": "Online Mendelian Inheritance in Man",
      "url": "https://www.omim.org",
      "namespacePrefix": "OMIM"
    }],
    "phenopacketSchemaVersion": "1.0.0-RC3",
    "externalReferences": [{
      "id": "PMID:28821231",
      "description": "Novel mutations in PANK2 and PLA2G6 genes in patients with neurodegenerative disorders: two case reports"
    }]
  }
}