{
  "id": "PMID:22701786-de_Vries-2012-FANCC-proband",
  "subject": {
    "id": "proband",
    "ageAtCollection": {
      "age": "P6Y"
    },
    "sex": "FEMALE",
    "taxonomy": {
      "id": "NCBITaxon:9606",
      "label": "Homo sapiens"
    }
  },
  "phenotypicFeatures": [{
    "type": {
      "id": "HP:0001511",
      "label": "Intrauterine growth retardation"
    },
    "evidence": [{
      "evidenceCode": {
        "id": "ECO:0000033",
        "label": "author statement supported by traceable reference"
      },
      "reference": {
        "id": "PMID:22701786",
        "description": "A Dutch Fanconi Anemia FANCC Founder Mutation in Canadian Manitoba Mennonites"
      }
    }]
  }, {
    "type": {
      "id": "HP:0001629",
      "label": "Ventricular septal defect"
    },
    "evidence": [{
      "evidenceCode": {
        "id": "ECO:0000033",
        "label": "author statement supported by traceable reference"
      },
      "reference": {
        "id": "PMID:22701786",
        "description": "A Dutch Fanconi Anemia FANCC Founder Mutation in Canadian Manitoba Mennonites"
      }
    }]
  }, {
    "type": {
      "id": "HP:0005528",
      "label": "Bone marrow hypocellularity"
    },
    "evidence": [{
      "evidenceCode": {
        "id": "ECO:0000033",
        "label": "author statement supported by traceable reference"
      },
      "reference": {
        "id": "PMID:22701786",
        "description": "A Dutch Fanconi Anemia FANCC Founder Mutation in Canadian Manitoba Mennonites"
      }
    }]
  }, {
    "type": {
      "id": "HP:0004322",
      "label": "Short stature"
    },
    "evidence": [{
      "evidenceCode": {
        "id": "ECO:0000033",
        "label": "author statement supported by traceable reference"
      },
      "reference": {
        "id": "PMID:22701786",
        "description": "A Dutch Fanconi Anemia FANCC Founder Mutation in Canadian Manitoba Mennonites"
      }
    }]
  }, {
    "type": {
      "id": "HP:0001371",
      "label": "Flexion contracture"
    },
    "evidence": [{
      "evidenceCode": {
        "id": "ECO:0000033",
        "label": "author statement supported by traceable reference"
      },
      "reference": {
        "id": "PMID:22701786",
        "description": "A Dutch Fanconi Anemia FANCC Founder Mutation in Canadian Manitoba Mennonites"
      }
    }]
  }, {
    "type": {
      "id": "HP:0000325",
      "label": "Triangular face"
    },
    "evidence": [{
      "evidenceCode": {
        "id": "ECO:0000033",
        "label": "author statement supported by traceable reference"
      },
      "reference": {
        "id": "PMID:22701786",
        "description": "A Dutch Fanconi Anemia FANCC Founder Mutation in Canadian Manitoba Mennonites"
      }
    }]
  }, {
    "type": {
      "id": "HP:0000957",
      "label": "Cafe-au-lait spot"
    },
    "evidence": [{
      "evidenceCode": {
        "id": "ECO:0000033",
        "label": "author statement supported by traceable reference"
      },
      "reference": {
        "id": "PMID:22701786",
        "description": "A Dutch Fanconi Anemia FANCC Founder Mutation in Canadian Manitoba Mennonites"
      }
    }]
  }],
  "genes": [{
    "id": "NCBIGene:2176",
    "symbol": "FANCC"
  }],
  "variants": [{
    "vcfAllele": {
      "genomeAssembly": "GRCh37",
      "chr": "9",
      "pos": 98011506,
      "ref": "TC",
      "alt": "T"
    },
    "zygosity": {
      "id": "GENO:0000136",
      "label": "homozygous"
    }
  }],
  "diseases": [{
    "term": {
      "id": "OMIM:227645",
      "label": "FANCONI ANEMIA, COMPLEMENTATION GROUP C; FANCC"
    }
  }],
  "metaData": {
    "createdBy": "Hpo Case Annotator : 1.0.13-SNAPSHOT",
    "submittedBy": "HPO:probinson",
    "resources": [{
      "id": "hp",
      "name": "human phenotype ontology",
      "url": "http://purl.obolibrary.org/obo/hp.owl",
      "version": "2018-03-08",
      "namespacePrefix": "HP",
      "iriPrefix": "http://purl.obolibrary.org/obo/HP_"
    }, {
      "id": "pato",
      "name": "Phenotype And Trait Ontology",
      "url": "http://purl.obolibrary.org/obo/pato.owl",
      "version": "2018-03-28",
      "namespacePrefix": "PATO",
      "iriPrefix": "http://purl.obolibrary.org/obo/PATO_"
    }, {
      "id": "geno",
      "name": "Genotype Ontology",
      "url": "http://purl.obolibrary.org/obo/geno.owl",
      "version": "19-03-2018",
      "namespacePrefix": "GENO",
      "iriPrefix": "http://purl.obolibrary.org/obo/GENO_"
    }, {
      "id": "ncbitaxon",
      "name": "NCBI organismal classification",
      "url": "http://purl.obolibrary.org/obo/ncbitaxon.owl",
      "version": "2018-03-02",
      "namespacePrefix": "NCBITaxon"
    }, {
      "id": "eco",
      "name": "Evidence and Conclusion Ontology",
      "url": "http://purl.obolibrary.org/obo/eco.owl",
      "version": "2018-11-10",
      "namespacePrefix": "ECO",
      "iriPrefix": "http://purl.obolibrary.org/obo/ECO_"
    }, {
      "id": "omim",
      "name": "Online Mendelian Inheritance in Man",
      "url": "https://www.omim.org",
      "namespacePrefix": "OMIM"
    }],
    "phenopacketSchemaVersion": "1.0.0-RC3",
    "externalReferences": [{
      "id": "PMID:22701786",
      "description": "A Dutch Fanconi Anemia FANCC Founder Mutation in Canadian Manitoba Mennonites"
    }]
  }
}