{
  "id": "PMID:17661815-Delahaye-2007-CHD7-Patient_A_III-2",
  "subject": {
    "id": "Patient A III-2",
    "ageAtCollection": {
      "age": "P15Y"
    },
    "sex": "MALE",
    "taxonomy": {
      "id": "NCBITaxon:9606",
      "label": "Homo sapiens"
    }
  },
  "phenotypicFeatures": [{
    "type": {
      "id": "HP:0000403",
      "label": "Recurrent otitis media"
    },
    "evidence": [{
      "evidenceCode": {
        "id": "ECO:0000033",
        "label": "author statement supported by traceable reference"
      },
      "reference": {
        "id": "PMID:17661815",
        "description": "Familial CHARGE syndrome because of CHD7 mutation: clinical intra- and interfamilial variability"
      }
    }]
  }, {
    "type": {
      "id": "HP:0001629",
      "label": "Ventricular septal defect"
    },
    "evidence": [{
      "evidenceCode": {
        "id": "ECO:0000033",
        "label": "author statement supported by traceable reference"
      },
      "reference": {
        "id": "PMID:17661815",
        "description": "Familial CHARGE syndrome because of CHD7 mutation: clinical intra- and interfamilial variability"
      }
    }]
  }, {
    "type": {
      "id": "HP:0000276",
      "label": "Long face"
    },
    "evidence": [{
      "evidenceCode": {
        "id": "ECO:0000033",
        "label": "author statement supported by traceable reference"
      },
      "reference": {
        "id": "PMID:17661815",
        "description": "Familial CHARGE syndrome because of CHD7 mutation: clinical intra- and interfamilial variability"
      }
    }]
  }, {
    "type": {
      "id": "HP:0002780",
      "label": "Bronchomalacia"
    },
    "evidence": [{
      "evidenceCode": {
        "id": "ECO:0000033",
        "label": "author statement supported by traceable reference"
      },
      "reference": {
        "id": "PMID:17661815",
        "description": "Familial CHARGE syndrome because of CHD7 mutation: clinical intra- and interfamilial variability"
      }
    }]
  }, {
    "type": {
      "id": "HP:0000627",
      "label": "Posterior embryotoxon"
    },
    "evidence": [{
      "evidenceCode": {
        "id": "ECO:0000033",
        "label": "author statement supported by traceable reference"
      },
      "reference": {
        "id": "PMID:17661815",
        "description": "Familial CHARGE syndrome because of CHD7 mutation: clinical intra- and interfamilial variability"
      }
    }]
  }, {
    "type": {
      "id": "HP:0100336",
      "label": "Bilateral cleft lip"
    },
    "evidence": [{
      "evidenceCode": {
        "id": "ECO:0000033",
        "label": "author statement supported by traceable reference"
      },
      "reference": {
        "id": "PMID:17661815",
        "description": "Familial CHARGE syndrome because of CHD7 mutation: clinical intra- and interfamilial variability"
      }
    }]
  }, {
    "type": {
      "id": "HP:0000426",
      "label": "Prominent nasal bridge"
    },
    "evidence": [{
      "evidenceCode": {
        "id": "ECO:0000033",
        "label": "author statement supported by traceable reference"
      },
      "reference": {
        "id": "PMID:17661815",
        "description": "Familial CHARGE syndrome because of CHD7 mutation: clinical intra- and interfamilial variability"
      }
    }]
  }, {
    "type": {
      "id": "HP:0001561",
      "label": "Polyhydramnios"
    },
    "evidence": [{
      "evidenceCode": {
        "id": "ECO:0000033",
        "label": "author statement supported by traceable reference"
      },
      "reference": {
        "id": "PMID:17661815",
        "description": "Familial CHARGE syndrome because of CHD7 mutation: clinical intra- and interfamilial variability"
      }
    }]
  }, {
    "type": {
      "id": "HP:0002575",
      "label": "Tracheoesophageal fistula"
    },
    "evidence": [{
      "evidenceCode": {
        "id": "ECO:0000033",
        "label": "author statement supported by traceable reference"
      },
      "reference": {
        "id": "PMID:17661815",
        "description": "Familial CHARGE syndrome because of CHD7 mutation: clinical intra- and interfamilial variability"
      }
    }]
  }, {
    "type": {
      "id": "HP:0011382",
      "label": "Hypoplasia of the semicircular canal"
    },
    "evidence": [{
      "evidenceCode": {
        "id": "ECO:0000033",
        "label": "author statement supported by traceable reference"
      },
      "reference": {
        "id": "PMID:17661815",
        "description": "Familial CHARGE syndrome because of CHD7 mutation: clinical intra- and interfamilial variability"
      }
    }]
  }, {
    "type": {
      "id": "HP:0031936",
      "label": "Delayed ability to walk"
    },
    "evidence": [{
      "evidenceCode": {
        "id": "ECO:0000033",
        "label": "author statement supported by traceable reference"
      },
      "reference": {
        "id": "PMID:17661815",
        "description": "Familial CHARGE syndrome because of CHD7 mutation: clinical intra- and interfamilial variability"
      }
    }]
  }, {
    "type": {
      "id": "HP:0003298",
      "label": "Spina bifida occulta"
    },
    "evidence": [{
      "evidenceCode": {
        "id": "ECO:0000033",
        "label": "author statement supported by traceable reference"
      },
      "reference": {
        "id": "PMID:17661815",
        "description": "Familial CHARGE syndrome because of CHD7 mutation: clinical intra- and interfamilial variability"
      }
    }]
  }, {
    "type": {
      "id": "HP:0002032",
      "label": "Esophageal atresia"
    },
    "evidence": [{
      "evidenceCode": {
        "id": "ECO:0000033",
        "label": "author statement supported by traceable reference"
      },
      "reference": {
        "id": "PMID:17661815",
        "description": "Familial CHARGE syndrome because of CHD7 mutation: clinical intra- and interfamilial variability"
      }
    }]
  }, {
    "type": {
      "id": "HP:0100337",
      "label": "Bilateral cleft palate"
    },
    "evidence": [{
      "evidenceCode": {
        "id": "ECO:0000033",
        "label": "author statement supported by traceable reference"
      },
      "reference": {
        "id": "PMID:17661815",
        "description": "Familial CHARGE syndrome because of CHD7 mutation: clinical intra- and interfamilial variability"
      }
    }]
  }],
  "genes": [{
    "id": "NCBIGene:55636",
    "symbol": "CHD7"
  }],
  "variants": [{
    "vcfAllele": {
      "genomeAssembly": "GRCh37",
      "chr": "8",
      "pos": 61728948,
      "ref": "C",
      "alt": "T"
    },
    "zygosity": {
      "id": "GENO:0000135",
      "label": "heterozygous"
    }
  }],
  "diseases": [{
    "term": {
      "id": "OMIM:214800",
      "label": "CHARGE SYNDROME"
    }
  }],
  "metaData": {
    "createdBy": "Hpo Case Annotator : 1.0.13-SNAPSHOT",
    "submittedBy": "HPO:probinson",
    "resources": [{
      "id": "hp",
      "name": "human phenotype ontology",
      "url": "http://purl.obolibrary.org/obo/hp.owl",
      "version": "2018-03-08",
      "namespacePrefix": "HP",
      "iriPrefix": "http://purl.obolibrary.org/obo/HP_"
    }, {
      "id": "pato",
      "name": "Phenotype And Trait Ontology",
      "url": "http://purl.obolibrary.org/obo/pato.owl",
      "version": "2018-03-28",
      "namespacePrefix": "PATO",
      "iriPrefix": "http://purl.obolibrary.org/obo/PATO_"
    }, {
      "id": "geno",
      "name": "Genotype Ontology",
      "url": "http://purl.obolibrary.org/obo/geno.owl",
      "version": "19-03-2018",
      "namespacePrefix": "GENO",
      "iriPrefix": "http://purl.obolibrary.org/obo/GENO_"
    }, {
      "id": "ncbitaxon",
      "name": "NCBI organismal classification",
      "url": "http://purl.obolibrary.org/obo/ncbitaxon.owl",
      "version": "2018-03-02",
      "namespacePrefix": "NCBITaxon"
    }, {
      "id": "eco",
      "name": "Evidence and Conclusion Ontology",
      "url": "http://purl.obolibrary.org/obo/eco.owl",
      "version": "2018-11-10",
      "namespacePrefix": "ECO",
      "iriPrefix": "http://purl.obolibrary.org/obo/ECO_"
    }, {
      "id": "omim",
      "name": "Online Mendelian Inheritance in Man",
      "url": "https://www.omim.org",
      "namespacePrefix": "OMIM"
    }],
    "phenopacketSchemaVersion": "1.0.0-RC3",
    "externalReferences": [{
      "id": "PMID:17661815",
      "description": "Familial CHARGE syndrome because of CHD7 mutation: clinical intra- and interfamilial variability"
    }]
  }
}