{
  "id": "PMID:17661815-Delahaye-2007-CHD7-B_III-3",
  "subject": {
    "id": "B III-3",
    "ageAtCollection": {
      "age": "P2Y6M"
    },
    "sex": "MALE",
    "taxonomy": {
      "id": "NCBITaxon:9606",
      "label": "Homo sapiens"
    }
  },
  "phenotypicFeatures": [{
    "type": {
      "id": "HP:0001635",
      "label": "Congestive heart failure"
    },
    "evidence": [{
      "evidenceCode": {
        "id": "ECO:0000033",
        "label": "author statement supported by traceable reference"
      },
      "reference": {
        "id": "PMID:17661815",
        "description": "Familial CHARGE syndrome because of CHD7 mutation: clinical intra- and interfamilial variability"
      }
    }]
  }, {
    "type": {
      "id": "HP:0002643",
      "label": "Neonatal respiratory distress"
    },
    "evidence": [{
      "evidenceCode": {
        "id": "ECO:0000033",
        "label": "author statement supported by traceable reference"
      },
      "reference": {
        "id": "PMID:17661815",
        "description": "Familial CHARGE syndrome because of CHD7 mutation: clinical intra- and interfamilial variability"
      }
    }]
  }, {
    "type": {
      "id": "HP:0000376",
      "label": "Incomplete partition of the cochlea type II"
    },
    "evidence": [{
      "evidenceCode": {
        "id": "ECO:0000033",
        "label": "author statement supported by traceable reference"
      },
      "reference": {
        "id": "PMID:17661815",
        "description": "Familial CHARGE syndrome because of CHD7 mutation: clinical intra- and interfamilial variability"
      }
    }]
  }, {
    "type": {
      "id": "HP:0002020",
      "label": "Gastroesophageal reflux"
    },
    "evidence": [{
      "evidenceCode": {
        "id": "ECO:0000033",
        "label": "author statement supported by traceable reference"
      },
      "reference": {
        "id": "PMID:17661815",
        "description": "Familial CHARGE syndrome because of CHD7 mutation: clinical intra- and interfamilial variability"
      }
    }]
  }, {
    "type": {
      "id": "HP:0010628",
      "label": "Facial palsy"
    },
    "evidence": [{
      "evidenceCode": {
        "id": "ECO:0000033",
        "label": "author statement supported by traceable reference"
      },
      "reference": {
        "id": "PMID:17661815",
        "description": "Familial CHARGE syndrome because of CHD7 mutation: clinical intra- and interfamilial variability"
      }
    }]
  }, {
    "type": {
      "id": "HP:0001290",
      "label": "Generalized hypotonia"
    },
    "evidence": [{
      "evidenceCode": {
        "id": "ECO:0000033",
        "label": "author statement supported by traceable reference"
      },
      "reference": {
        "id": "PMID:17661815",
        "description": "Familial CHARGE syndrome because of CHD7 mutation: clinical intra- and interfamilial variability"
      }
    }]
  }, {
    "type": {
      "id": "HP:0002033",
      "label": "Poor suck"
    },
    "evidence": [{
      "evidenceCode": {
        "id": "ECO:0000033",
        "label": "author statement supported by traceable reference"
      },
      "reference": {
        "id": "PMID:17661815",
        "description": "Familial CHARGE syndrome because of CHD7 mutation: clinical intra- and interfamilial variability"
      }
    }]
  }, {
    "type": {
      "id": "HP:0000028",
      "label": "Cryptorchidism"
    },
    "evidence": [{
      "evidenceCode": {
        "id": "ECO:0000033",
        "label": "author statement supported by traceable reference"
      },
      "reference": {
        "id": "PMID:17661815",
        "description": "Familial CHARGE syndrome because of CHD7 mutation: clinical intra- and interfamilial variability"
      }
    }]
  }, {
    "type": {
      "id": "HP:0002015",
      "label": "Dysphagia"
    },
    "evidence": [{
      "evidenceCode": {
        "id": "ECO:0000033",
        "label": "author statement supported by traceable reference"
      },
      "reference": {
        "id": "PMID:17661815",
        "description": "Familial CHARGE syndrome because of CHD7 mutation: clinical intra- and interfamilial variability"
      }
    }]
  }, {
    "type": {
      "id": "HP:0000480",
      "label": "Retinal coloboma"
    },
    "evidence": [{
      "evidenceCode": {
        "id": "ECO:0000033",
        "label": "author statement supported by traceable reference"
      },
      "reference": {
        "id": "PMID:17661815",
        "description": "Familial CHARGE syndrome because of CHD7 mutation: clinical intra- and interfamilial variability"
      }
    }]
  }, {
    "type": {
      "id": "HP:0000308",
      "label": "Microretrognathia"
    },
    "evidence": [{
      "evidenceCode": {
        "id": "ECO:0000033",
        "label": "author statement supported by traceable reference"
      },
      "reference": {
        "id": "PMID:17661815",
        "description": "Familial CHARGE syndrome because of CHD7 mutation: clinical intra- and interfamilial variability"
      }
    }]
  }, {
    "type": {
      "id": "HP:0002878",
      "label": "Respiratory failure"
    },
    "evidence": [{
      "evidenceCode": {
        "id": "ECO:0000033",
        "label": "author statement supported by traceable reference"
      },
      "reference": {
        "id": "PMID:17661815",
        "description": "Familial CHARGE syndrome because of CHD7 mutation: clinical intra- and interfamilial variability"
      }
    }]
  }, {
    "type": {
      "id": "HP:0000054",
      "label": "Micropenis"
    },
    "evidence": [{
      "evidenceCode": {
        "id": "ECO:0000033",
        "label": "author statement supported by traceable reference"
      },
      "reference": {
        "id": "PMID:17661815",
        "description": "Familial CHARGE syndrome because of CHD7 mutation: clinical intra- and interfamilial variability"
      }
    }]
  }, {
    "type": {
      "id": "HP:0011381",
      "label": "Aplasia of the semicircular canal"
    },
    "evidence": [{
      "evidenceCode": {
        "id": "ECO:0000033",
        "label": "author statement supported by traceable reference"
      },
      "reference": {
        "id": "PMID:17661815",
        "description": "Familial CHARGE syndrome because of CHD7 mutation: clinical intra- and interfamilial variability"
      }
    }]
  }],
  "genes": [{
    "id": "NCBIGene:55636",
    "symbol": "CHD7"
  }],
  "variants": [{
    "vcfAllele": {
      "genomeAssembly": "GRCh37",
      "chr": "8",
      "pos": 61654460,
      "ref": "C",
      "alt": "T"
    },
    "zygosity": {
      "id": "GENO:0000135",
      "label": "heterozygous"
    }
  }],
  "diseases": [{
    "term": {
      "id": "OMIM:214800",
      "label": "CHARGE SYNDROME"
    }
  }],
  "metaData": {
    "createdBy": "Hpo Case Annotator : 1.0.13-SNAPSHOT",
    "submittedBy": "HPO:probinson",
    "resources": [{
      "id": "hp",
      "name": "human phenotype ontology",
      "url": "http://purl.obolibrary.org/obo/hp.owl",
      "version": "2018-03-08",
      "namespacePrefix": "HP",
      "iriPrefix": "http://purl.obolibrary.org/obo/HP_"
    }, {
      "id": "pato",
      "name": "Phenotype And Trait Ontology",
      "url": "http://purl.obolibrary.org/obo/pato.owl",
      "version": "2018-03-28",
      "namespacePrefix": "PATO",
      "iriPrefix": "http://purl.obolibrary.org/obo/PATO_"
    }, {
      "id": "geno",
      "name": "Genotype Ontology",
      "url": "http://purl.obolibrary.org/obo/geno.owl",
      "version": "19-03-2018",
      "namespacePrefix": "GENO",
      "iriPrefix": "http://purl.obolibrary.org/obo/GENO_"
    }, {
      "id": "ncbitaxon",
      "name": "NCBI organismal classification",
      "url": "http://purl.obolibrary.org/obo/ncbitaxon.owl",
      "version": "2018-03-02",
      "namespacePrefix": "NCBITaxon"
    }, {
      "id": "eco",
      "name": "Evidence and Conclusion Ontology",
      "url": "http://purl.obolibrary.org/obo/eco.owl",
      "version": "2018-11-10",
      "namespacePrefix": "ECO",
      "iriPrefix": "http://purl.obolibrary.org/obo/ECO_"
    }, {
      "id": "omim",
      "name": "Online Mendelian Inheritance in Man",
      "url": "https://www.omim.org",
      "namespacePrefix": "OMIM"
    }],
    "phenopacketSchemaVersion": "1.0.0-RC3",
    "externalReferences": [{
      "id": "PMID:17661815",
      "description": "Familial CHARGE syndrome because of CHD7 mutation: clinical intra- and interfamilial variability"
    }]
  }
}