{
  "id": "PMID:27460976-Di_Nottia-2017-PARK7-proband",
  "subject": {
    "id": "proband",
    "ageAtCollection": {
      "age": "P47Y"
    },
    "sex": "FEMALE",
    "taxonomy": {
      "id": "NCBITaxon:9606",
      "label": "Homo sapiens"
    }
  },
  "phenotypicFeatures": [{
    "type": {
      "id": "HP:0002174",
      "label": "Postural tremor"
    },
    "evidence": [{
      "evidenceCode": {
        "id": "ECO:0000033",
        "label": "author statement supported by traceable reference"
      },
      "reference": {
        "id": "PMID:27460976",
        "description": "DJ-1 modulates mitochondrial response to oxidative stress: clues from a novel diagnosis of PARK7"
      }
    }]
  }, {
    "type": {
      "id": "HP:0003688",
      "label": "Cytochrome C oxidase-negative muscle fibers"
    },
    "negated": true,
    "evidence": [{
      "evidenceCode": {
        "id": "ECO:0000033",
        "label": "author statement supported by traceable reference"
      },
      "reference": {
        "id": "PMID:27460976",
        "description": "DJ-1 modulates mitochondrial response to oxidative stress: clues from a novel diagnosis of PARK7"
      }
    }]
  }, {
    "type": {
      "id": "HP:0008619",
      "label": "Bilateral sensorineural hearing impairment"
    },
    "evidence": [{
      "evidenceCode": {
        "id": "ECO:0000033",
        "label": "author statement supported by traceable reference"
      },
      "reference": {
        "id": "PMID:27460976",
        "description": "DJ-1 modulates mitochondrial response to oxidative stress: clues from a novel diagnosis of PARK7"
      }
    }]
  }, {
    "type": {
      "id": "HP:0002355",
      "label": "Difficulty walking"
    },
    "evidence": [{
      "evidenceCode": {
        "id": "ECO:0000033",
        "label": "author statement supported by traceable reference"
      },
      "reference": {
        "id": "PMID:27460976",
        "description": "DJ-1 modulates mitochondrial response to oxidative stress: clues from a novel diagnosis of PARK7"
      }
    }]
  }, {
    "type": {
      "id": "HP:0003693",
      "label": "Distal amyotrophy"
    },
    "evidence": [{
      "evidenceCode": {
        "id": "ECO:0000033",
        "label": "author statement supported by traceable reference"
      },
      "reference": {
        "id": "PMID:27460976",
        "description": "DJ-1 modulates mitochondrial response to oxidative stress: clues from a novel diagnosis of PARK7"
      }
    }]
  }, {
    "type": {
      "id": "HP:0001761",
      "label": "Pes cavus"
    },
    "evidence": [{
      "evidenceCode": {
        "id": "ECO:0000033",
        "label": "author statement supported by traceable reference"
      },
      "reference": {
        "id": "PMID:27460976",
        "description": "DJ-1 modulates mitochondrial response to oxidative stress: clues from a novel diagnosis of PARK7"
      }
    }]
  }, {
    "type": {
      "id": "HP:0003200",
      "label": "Ragged-red muscle fibers"
    },
    "negated": true,
    "evidence": [{
      "evidenceCode": {
        "id": "ECO:0000033",
        "label": "author statement supported by traceable reference"
      },
      "reference": {
        "id": "PMID:27460976",
        "description": "DJ-1 modulates mitochondrial response to oxidative stress: clues from a novel diagnosis of PARK7"
      }
    }]
  }, {
    "type": {
      "id": "HP:0001300",
      "label": "Parkinsonism"
    },
    "evidence": [{
      "evidenceCode": {
        "id": "ECO:0000033",
        "label": "author statement supported by traceable reference"
      },
      "reference": {
        "id": "PMID:27460976",
        "description": "DJ-1 modulates mitochondrial response to oxidative stress: clues from a novel diagnosis of PARK7"
      }
    }]
  }, {
    "type": {
      "id": "HP:0012049",
      "label": "Laryngeal dystonia"
    },
    "evidence": [{
      "evidenceCode": {
        "id": "ECO:0000033",
        "label": "author statement supported by traceable reference"
      },
      "reference": {
        "id": "PMID:27460976",
        "description": "DJ-1 modulates mitochondrial response to oxidative stress: clues from a novel diagnosis of PARK7"
      }
    }]
  }, {
    "type": {
      "id": "HP:0000518",
      "label": "Cataract"
    },
    "evidence": [{
      "evidenceCode": {
        "id": "ECO:0000033",
        "label": "author statement supported by traceable reference"
      },
      "reference": {
        "id": "PMID:27460976",
        "description": "DJ-1 modulates mitochondrial response to oxidative stress: clues from a novel diagnosis of PARK7"
      }
    }]
  }, {
    "type": {
      "id": "HP:0002460",
      "label": "Distal muscle weakness"
    },
    "evidence": [{
      "evidenceCode": {
        "id": "ECO:0000033",
        "label": "author statement supported by traceable reference"
      },
      "reference": {
        "id": "PMID:27460976",
        "description": "DJ-1 modulates mitochondrial response to oxidative stress: clues from a novel diagnosis of PARK7"
      }
    }]
  }, {
    "type": {
      "id": "HP:0100660",
      "label": "Dyskinesia"
    },
    "evidence": [{
      "evidenceCode": {
        "id": "ECO:0000033",
        "label": "author statement supported by traceable reference"
      },
      "reference": {
        "id": "PMID:27460976",
        "description": "DJ-1 modulates mitochondrial response to oxidative stress: clues from a novel diagnosis of PARK7"
      }
    }]
  }, {
    "type": {
      "id": "HP:0001765",
      "label": "Hammertoe"
    },
    "evidence": [{
      "evidenceCode": {
        "id": "ECO:0000033",
        "label": "author statement supported by traceable reference"
      },
      "reference": {
        "id": "PMID:27460976",
        "description": "DJ-1 modulates mitochondrial response to oxidative stress: clues from a novel diagnosis of PARK7"
      }
    }]
  }],
  "genes": [{
    "id": "NCBIGene:11315",
    "symbol": "PARK7"
  }],
  "variants": [{
    "vcfAllele": {
      "genomeAssembly": "GRCh37",
      "chr": "1",
      "pos": 8045005,
      "ref": "C",
      "alt": "A"
    },
    "zygosity": {
      "id": "GENO:0000136",
      "label": "homozygous"
    }
  }],
  "diseases": [{
    "term": {
      "id": "OMIM:606324",
      "label": "PARKINSON DISEASE 7, AUTOSOMAL RECESSIVE EARLY-ONSET; PARK7"
    }
  }],
  "metaData": {
    "createdBy": "Hpo Case Annotator : 1.0.13-SNAPSHOT",
    "submittedBy": "HPO:probinson",
    "resources": [{
      "id": "hp",
      "name": "human phenotype ontology",
      "url": "http://purl.obolibrary.org/obo/hp.owl",
      "version": "2018-03-08",
      "namespacePrefix": "HP",
      "iriPrefix": "http://purl.obolibrary.org/obo/HP_"
    }, {
      "id": "pato",
      "name": "Phenotype And Trait Ontology",
      "url": "http://purl.obolibrary.org/obo/pato.owl",
      "version": "2018-03-28",
      "namespacePrefix": "PATO",
      "iriPrefix": "http://purl.obolibrary.org/obo/PATO_"
    }, {
      "id": "geno",
      "name": "Genotype Ontology",
      "url": "http://purl.obolibrary.org/obo/geno.owl",
      "version": "19-03-2018",
      "namespacePrefix": "GENO",
      "iriPrefix": "http://purl.obolibrary.org/obo/GENO_"
    }, {
      "id": "ncbitaxon",
      "name": "NCBI organismal classification",
      "url": "http://purl.obolibrary.org/obo/ncbitaxon.owl",
      "version": "2018-03-02",
      "namespacePrefix": "NCBITaxon"
    }, {
      "id": "eco",
      "name": "Evidence and Conclusion Ontology",
      "url": "http://purl.obolibrary.org/obo/eco.owl",
      "version": "2018-11-10",
      "namespacePrefix": "ECO",
      "iriPrefix": "http://purl.obolibrary.org/obo/ECO_"
    }, {
      "id": "omim",
      "name": "Online Mendelian Inheritance in Man",
      "url": "https://www.omim.org",
      "namespacePrefix": "OMIM"
    }],
    "phenopacketSchemaVersion": "1.0.0-RC3",
    "externalReferences": [{
      "id": "PMID:27460976",
      "description": "DJ-1 modulates mitochondrial response to oxidative stress: clues from a novel diagnosis of PARK7"
    }]
  }
}