{
  "id": "PMID:25808063-Dikoglu-2015-LONP1-Patient_1",
  "subject": {
    "id": "Patient 1",
    "ageAtCollection": {
      "age": "3Y"
    },
    "sex": "FEMALE",
    "taxonomy": {
      "id": "NCBITaxon:9606",
      "label": "Homo sapiens"
    }
  },
  "phenotypicFeatures": [{
    "type": {
      "id": "HP:0001263",
      "label": "Global developmental delay"
    },
    "evidence": [{
      "evidenceCode": {
        "id": "ECO:0000033",
        "label": "author statement supported by traceable reference"
      },
      "reference": {
        "id": "PMID:25808063",
        "description": "Mutations in LONP1, a mitochondrial matrix protease, cause CODAS syndrome"
      }
    }]
  }, {
    "type": {
      "id": "HP:0001272",
      "label": "Cerebellar atrophy"
    },
    "evidence": [{
      "evidenceCode": {
        "id": "ECO:0000033",
        "label": "author statement supported by traceable reference"
      },
      "reference": {
        "id": "PMID:25808063",
        "description": "Mutations in LONP1, a mitochondrial matrix protease, cause CODAS syndrome"
      }
    }]
  }, {
    "type": {
      "id": "HP:0008820",
      "label": "Absent ossification of capital femoral epiphysis"
    },
    "evidence": [{
      "evidenceCode": {
        "id": "ECO:0000033",
        "label": "author statement supported by traceable reference"
      },
      "reference": {
        "id": "PMID:25808063",
        "description": "Mutations in LONP1, a mitochondrial matrix protease, cause CODAS syndrome"
      }
    }]
  }, {
    "type": {
      "id": "HP:0001251",
      "label": "Ataxia"
    },
    "evidence": [{
      "evidenceCode": {
        "id": "ECO:0000033",
        "label": "author statement supported by traceable reference"
      },
      "reference": {
        "id": "PMID:25808063",
        "description": "Mutations in LONP1, a mitochondrial matrix protease, cause CODAS syndrome"
      }
    }]
  }, {
    "type": {
      "id": "HP:0000518",
      "label": "Cataract"
    },
    "evidence": [{
      "evidenceCode": {
        "id": "ECO:0000033",
        "label": "author statement supported by traceable reference"
      },
      "reference": {
        "id": "PMID:25808063",
        "description": "Mutations in LONP1, a mitochondrial matrix protease, cause CODAS syndrome"
      }
    }]
  }, {
    "type": {
      "id": "HP:0009901",
      "label": "Crumpled ear"
    },
    "evidence": [{
      "evidenceCode": {
        "id": "ECO:0000033",
        "label": "author statement supported by traceable reference"
      },
      "reference": {
        "id": "PMID:25808063",
        "description": "Mutations in LONP1, a mitochondrial matrix protease, cause CODAS syndrome"
      }
    }]
  }, {
    "type": {
      "id": "HP:0003417",
      "label": "Coronal cleft vertebrae"
    },
    "negated": true,
    "evidence": [{
      "evidenceCode": {
        "id": "ECO:0000033",
        "label": "author statement supported by traceable reference"
      },
      "reference": {
        "id": "PMID:25808063",
        "description": "Mutations in LONP1, a mitochondrial matrix protease, cause CODAS syndrome"
      }
    }]
  }, {
    "type": {
      "id": "HP:0012368",
      "label": "Flat face"
    },
    "evidence": [{
      "evidenceCode": {
        "id": "ECO:0000033",
        "label": "author statement supported by traceable reference"
      },
      "reference": {
        "id": "PMID:25808063",
        "description": "Mutations in LONP1, a mitochondrial matrix protease, cause CODAS syndrome"
      }
    }]
  }],
  "genes": [{
    "id": "NCBIGene:9361",
    "symbol": "LONP1"
  }],
  "variants": [{
    "vcfAllele": {
      "genomeAssembly": "GRCh37",
      "chr": "19",
      "pos": 5694473,
      "ref": "G",
      "alt": "A"
    },
    "zygosity": {
      "id": "GENO:0000135",
      "label": "heterozygous"
    }
  }, {
    "vcfAllele": {
      "genomeAssembly": "GRCh37",
      "chr": "19",
      "pos": 5694418,
      "ref": "C",
      "alt": "T"
    },
    "zygosity": {
      "id": "GENO:0000135",
      "label": "heterozygous"
    }
  }],
  "diseases": [{
    "term": {
      "id": "OMIM:600373",
      "label": "CODAS SYNDROME"
    }
  }],
  "metaData": {
    "submittedBy": "HPO:probinson",
    "resources": [{
      "id": "hp",
      "name": "human phenotype ontology",
      "url": "http://purl.obolibrary.org/obo/hp.owl",
      "version": "2018-03-08",
      "namespacePrefix": "HP",
      "iriPrefix": "http://purl.obolibrary.org/obo/HP_"
    }, {
      "id": "pato",
      "name": "Phenotype And Trait Ontology",
      "url": "http://purl.obolibrary.org/obo/pato.owl",
      "version": "2018-03-28",
      "namespacePrefix": "PATO",
      "iriPrefix": "http://purl.obolibrary.org/obo/PATO_"
    }, {
      "id": "geno",
      "name": "Genotype Ontology",
      "url": "http://purl.obolibrary.org/obo/geno.owl",
      "version": "19-03-2018",
      "namespacePrefix": "GENO",
      "iriPrefix": "http://purl.obolibrary.org/obo/GENO_"
    }, {
      "id": "ncbitaxon",
      "name": "NCBI organismal classification",
      "url": "http://purl.obolibrary.org/obo/ncbitaxon.owl",
      "version": "2018-03-02",
      "namespacePrefix": "NCBITaxon"
    }, {
      "id": "eco",
      "name": "Evidence and Conclusion Ontology",
      "url": "http://purl.obolibrary.org/obo/eco.owl",
      "version": "2018-11-10",
      "namespacePrefix": "ECO",
      "iriPrefix": "http://purl.obolibrary.org/obo/ECO_"
    }, {
      "id": "omim",
      "name": "Online Mendelian Inheritance in Man",
      "url": "https://www.omim.org",
      "namespacePrefix": "OMIM"
    }],
    "phenopacketSchemaVersion": "1.0.0-RC3",
    "externalReferences": [{
      "id": "PMID:25808063",
      "description": "Mutations in LONP1, a mitochondrial matrix protease, cause CODAS syndrome"
    }]
  }
}