{
  "id": "PMID:28239884-Dinani-2017-AAGAB-family_1:proband",
  "subject": {
    "id": "family 1:proband",
    "ageAtCollection": {
      "age": "P43Y"
    },
    "sex": "FEMALE",
    "taxonomy": {
      "id": "NCBITaxon:9606",
      "label": "Homo sapiens"
    }
  },
  "phenotypicFeatures": [{
    "type": {
      "id": "HP:0001595",
      "label": "Abnormality of the hair"
    },
    "negated": true,
    "evidence": [{
      "evidenceCode": {
        "id": "ECO:0000033",
        "label": "author statement supported by traceable reference"
      },
      "reference": {
        "id": "PMID:28239884",
        "description": "Mutations in AAGAB underlie autosomal dominant punctate palmoplantar keratoderma"
      }
    }]
  }, {
    "type": {
      "id": "HP:0007530",
      "label": "Punctate palmoplantar hyperkeratosis"
    },
    "evidence": [{
      "evidenceCode": {
        "id": "ECO:0000033",
        "label": "author statement supported by traceable reference"
      },
      "reference": {
        "id": "PMID:28239884",
        "description": "Mutations in AAGAB underlie autosomal dominant punctate palmoplantar keratoderma"
      }
    }]
  }, {
    "type": {
      "id": "HP:0006482",
      "label": "Abnormality of dental morphology"
    },
    "negated": true,
    "evidence": [{
      "evidenceCode": {
        "id": "ECO:0000033",
        "label": "author statement supported by traceable reference"
      },
      "reference": {
        "id": "PMID:28239884",
        "description": "Mutations in AAGAB underlie autosomal dominant punctate palmoplantar keratoderma"
      }
    }]
  }, {
    "type": {
      "id": "HP:0001597",
      "label": "Abnormality of the nail"
    },
    "negated": true,
    "evidence": [{
      "evidenceCode": {
        "id": "ECO:0000033",
        "label": "author statement supported by traceable reference"
      },
      "reference": {
        "id": "PMID:28239884",
        "description": "Mutations in AAGAB underlie autosomal dominant punctate palmoplantar keratoderma"
      }
    }]
  }],
  "genes": [{
    "id": "NCBIGene:79719",
    "symbol": "AAGAB"
  }],
  "variants": [{
    "vcfAllele": {
      "genomeAssembly": "GRCh37",
      "chr": "15",
      "pos": 67524181,
      "ref": "T",
      "alt": "TTT"
    },
    "zygosity": {
      "id": "GENO:0000135",
      "label": "heterozygous"
    }
  }],
  "diseases": [{
    "term": {
      "id": "OMIM:148600",
      "label": "PALMOPLANTAR KERATODERMA, PUNCTATE TYPE IA; PPKP1A"
    }
  }],
  "metaData": {
    "submittedBy": "HPO:probinson",
    "resources": [{
      "id": "hp",
      "name": "human phenotype ontology",
      "url": "http://purl.obolibrary.org/obo/hp.owl",
      "version": "2018-03-08",
      "namespacePrefix": "HP",
      "iriPrefix": "http://purl.obolibrary.org/obo/HP_"
    }, {
      "id": "pato",
      "name": "Phenotype And Trait Ontology",
      "url": "http://purl.obolibrary.org/obo/pato.owl",
      "version": "2018-03-28",
      "namespacePrefix": "PATO",
      "iriPrefix": "http://purl.obolibrary.org/obo/PATO_"
    }, {
      "id": "geno",
      "name": "Genotype Ontology",
      "url": "http://purl.obolibrary.org/obo/geno.owl",
      "version": "19-03-2018",
      "namespacePrefix": "GENO",
      "iriPrefix": "http://purl.obolibrary.org/obo/GENO_"
    }, {
      "id": "ncbitaxon",
      "name": "NCBI organismal classification",
      "url": "http://purl.obolibrary.org/obo/ncbitaxon.owl",
      "version": "2018-03-02",
      "namespacePrefix": "NCBITaxon"
    }, {
      "id": "eco",
      "name": "Evidence and Conclusion Ontology",
      "url": "http://purl.obolibrary.org/obo/eco.owl",
      "version": "2018-11-10",
      "namespacePrefix": "ECO",
      "iriPrefix": "http://purl.obolibrary.org/obo/ECO_"
    }, {
      "id": "omim",
      "name": "Online Mendelian Inheritance in Man",
      "url": "https://www.omim.org",
      "namespacePrefix": "OMIM"
    }],
    "phenopacketSchemaVersion": "1.0.0-RC3",
    "externalReferences": [{
      "id": "PMID:28239884",
      "description": "Mutations in AAGAB underlie autosomal dominant punctate palmoplantar keratoderma"
    }]
  }
}