{
  "id": "PMID:18322662-Dobbs-2008-FLNB-patient",
  "subject": {
    "id": "patient",
    "ageAtCollection": {
      "age": "P1Y10M"
    },
    "sex": "MALE",
    "taxonomy": {
      "id": "NCBITaxon:9606",
      "label": "Homo sapiens"
    }
  },
  "phenotypicFeatures": [{
    "type": {
      "id": "HP:0002987",
      "label": "Elbow flexion contracture"
    },
    "evidence": [{
      "evidenceCode": {
        "id": "ECO:0000033",
        "label": "author statement supported by traceable reference"
      },
      "reference": {
        "id": "PMID:18322662",
        "description": "Case report: Congenital knee dislocation in a patient with larsen syndrome and a novel filamin B mutation"
      }
    }]
  }, {
    "type": {
      "id": "HP:0000175",
      "label": "Cleft palate"
    },
    "negated": true,
    "evidence": [{
      "evidenceCode": {
        "id": "ECO:0000033",
        "label": "author statement supported by traceable reference"
      },
      "reference": {
        "id": "PMID:18322662",
        "description": "Case report: Congenital knee dislocation in a patient with larsen syndrome and a novel filamin B mutation"
      }
    }]
  }, {
    "type": {
      "id": "HP:0002827",
      "label": "Hip dislocation"
    },
    "evidence": [{
      "evidenceCode": {
        "id": "ECO:0000033",
        "label": "author statement supported by traceable reference"
      },
      "reference": {
        "id": "PMID:18322662",
        "description": "Case report: Congenital knee dislocation in a patient with larsen syndrome and a novel filamin B mutation"
      }
    }]
  }, {
    "type": {
      "id": "HP:0002650",
      "label": "Scoliosis"
    },
    "evidence": [{
      "evidenceCode": {
        "id": "ECO:0000033",
        "label": "author statement supported by traceable reference"
      },
      "reference": {
        "id": "PMID:18322662",
        "description": "Case report: Congenital knee dislocation in a patient with larsen syndrome and a novel filamin B mutation"
      }
    }]
  }, {
    "type": {
      "id": "HP:0010049",
      "label": "Short metacarpal"
    },
    "negated": true,
    "evidence": [{
      "evidenceCode": {
        "id": "ECO:0000033",
        "label": "author statement supported by traceable reference"
      },
      "reference": {
        "id": "PMID:18322662",
        "description": "Case report: Congenital knee dislocation in a patient with larsen syndrome and a novel filamin B mutation"
      }
    }]
  }, {
    "type": {
      "id": "HP:0001623",
      "label": "Breech presentation"
    },
    "evidence": [{
      "evidenceCode": {
        "id": "ECO:0000033",
        "label": "author statement supported by traceable reference"
      },
      "reference": {
        "id": "PMID:18322662",
        "description": "Case report: Congenital knee dislocation in a patient with larsen syndrome and a novel filamin B mutation"
      }
    }]
  }, {
    "type": {
      "id": "HP:0004976",
      "label": "Knee dislocation"
    },
    "evidence": [{
      "evidenceCode": {
        "id": "ECO:0000033",
        "label": "author statement supported by traceable reference"
      },
      "reference": {
        "id": "PMID:18322662",
        "description": "Case report: Congenital knee dislocation in a patient with larsen syndrome and a novel filamin B mutation"
      }
    }]
  }, {
    "type": {
      "id": "HP:0002947",
      "label": "Cervical kyphosis"
    },
    "evidence": [{
      "evidenceCode": {
        "id": "ECO:0000033",
        "label": "author statement supported by traceable reference"
      },
      "reference": {
        "id": "PMID:18322662",
        "description": "Case report: Congenital knee dislocation in a patient with larsen syndrome and a novel filamin B mutation"
      }
    }]
  }, {
    "type": {
      "id": "HP:0000316",
      "label": "Hypertelorism"
    },
    "evidence": [{
      "evidenceCode": {
        "id": "ECO:0000033",
        "label": "author statement supported by traceable reference"
      },
      "reference": {
        "id": "PMID:18322662",
        "description": "Case report: Congenital knee dislocation in a patient with larsen syndrome and a novel filamin B mutation"
      }
    }]
  }, {
    "type": {
      "id": "HP:0011432",
      "label": "High maternal serum alpha-fetoprotein"
    },
    "evidence": [{
      "evidenceCode": {
        "id": "ECO:0000033",
        "label": "author statement supported by traceable reference"
      },
      "reference": {
        "id": "PMID:18322662",
        "description": "Case report: Congenital knee dislocation in a patient with larsen syndrome and a novel filamin B mutation"
      }
    }]
  }, {
    "type": {
      "id": "HP:0010301",
      "label": "Spinal dysraphism"
    },
    "evidence": [{
      "evidenceCode": {
        "id": "ECO:0000033",
        "label": "author statement supported by traceable reference"
      },
      "reference": {
        "id": "PMID:18322662",
        "description": "Case report: Congenital knee dislocation in a patient with larsen syndrome and a novel filamin B mutation"
      }
    }]
  }, {
    "type": {
      "id": "HP:0005280",
      "label": "Depressed nasal bridge"
    },
    "evidence": [{
      "evidenceCode": {
        "id": "ECO:0000033",
        "label": "author statement supported by traceable reference"
      },
      "reference": {
        "id": "PMID:18322662",
        "description": "Case report: Congenital knee dislocation in a patient with larsen syndrome and a novel filamin B mutation"
      }
    }]
  }],
  "genes": [{
    "id": "NCBIGene:2317",
    "symbol": "FLNB"
  }],
  "variants": [{
    "vcfAllele": {
      "genomeAssembly": "GRCh37",
      "chr": "3",
      "pos": 58062988,
      "ref": "G",
      "alt": "C"
    },
    "zygosity": {
      "id": "GENO:0000135",
      "label": "heterozygous"
    }
  }],
  "diseases": [{
    "term": {
      "id": "OMIM:150250",
      "label": "LARSEN SYNDROME; LRS"
    }
  }],
  "metaData": {
    "createdBy": "Hpo Case Annotator : 1.0.13-SNAPSHOT",
    "submittedBy": "HPO:probinson",
    "resources": [{
      "id": "hp",
      "name": "human phenotype ontology",
      "url": "http://purl.obolibrary.org/obo/hp.owl",
      "version": "2018-03-08",
      "namespacePrefix": "HP",
      "iriPrefix": "http://purl.obolibrary.org/obo/HP_"
    }, {
      "id": "pato",
      "name": "Phenotype And Trait Ontology",
      "url": "http://purl.obolibrary.org/obo/pato.owl",
      "version": "2018-03-28",
      "namespacePrefix": "PATO",
      "iriPrefix": "http://purl.obolibrary.org/obo/PATO_"
    }, {
      "id": "geno",
      "name": "Genotype Ontology",
      "url": "http://purl.obolibrary.org/obo/geno.owl",
      "version": "19-03-2018",
      "namespacePrefix": "GENO",
      "iriPrefix": "http://purl.obolibrary.org/obo/GENO_"
    }, {
      "id": "ncbitaxon",
      "name": "NCBI organismal classification",
      "url": "http://purl.obolibrary.org/obo/ncbitaxon.owl",
      "version": "2018-03-02",
      "namespacePrefix": "NCBITaxon"
    }, {
      "id": "eco",
      "name": "Evidence and Conclusion Ontology",
      "url": "http://purl.obolibrary.org/obo/eco.owl",
      "version": "2018-11-10",
      "namespacePrefix": "ECO",
      "iriPrefix": "http://purl.obolibrary.org/obo/ECO_"
    }, {
      "id": "omim",
      "name": "Online Mendelian Inheritance in Man",
      "url": "https://www.omim.org",
      "namespacePrefix": "OMIM"
    }],
    "phenopacketSchemaVersion": "1.0.0-RC3",
    "externalReferences": [{
      "id": "PMID:18322662",
      "description": "Case report: Congenital knee dislocation in a patient with larsen syndrome and a novel filamin B mutation"
    }]
  }
}