{
  "id": "PMID:28969374-Dorboz-2017-NKX6-2-Patient_3_II-3",
  "subject": {
    "id": "Patient 3 II-3",
    "ageAtCollection": {
      "age": "P9Y"
    },
    "sex": "FEMALE",
    "taxonomy": {
      "id": "NCBITaxon:9606",
      "label": "Homo sapiens"
    }
  },
  "phenotypicFeatures": [{
    "type": {
      "id": "HP:0007015",
      "label": "Poor gross motor coordination"
    },
    "evidence": [{
      "evidenceCode": {
        "id": "ECO:0000033",
        "label": "author statement supported by traceable reference"
      },
      "reference": {
        "id": "PMID:28969374",
        "description": "Biallelic mutations in the homeodomain of NKX6-2 underlie a severe hypomyelinating leukodystrophy"
      }
    }]
  }, {
    "type": {
      "id": "HP:0002878",
      "label": "Respiratory failure"
    },
    "evidence": [{
      "evidenceCode": {
        "id": "ECO:0000033",
        "label": "author statement supported by traceable reference"
      },
      "reference": {
        "id": "PMID:28969374",
        "description": "Biallelic mutations in the homeodomain of NKX6-2 underlie a severe hypomyelinating leukodystrophy"
      }
    }]
  }, {
    "type": {
      "id": "HP:0000639",
      "label": "Nystagmus"
    },
    "evidence": [{
      "evidenceCode": {
        "id": "ECO:0000033",
        "label": "author statement supported by traceable reference"
      },
      "reference": {
        "id": "PMID:28969374",
        "description": "Biallelic mutations in the homeodomain of NKX6-2 underlie a severe hypomyelinating leukodystrophy"
      }
    }]
  }, {
    "type": {
      "id": "HP:0008947",
      "label": "Infantile muscular hypotonia"
    },
    "evidence": [{
      "evidenceCode": {
        "id": "ECO:0000033",
        "label": "author statement supported by traceable reference"
      },
      "reference": {
        "id": "PMID:28969374",
        "description": "Biallelic mutations in the homeodomain of NKX6-2 underlie a severe hypomyelinating leukodystrophy"
      }
    }]
  }, {
    "type": {
      "id": "HP:0006855",
      "label": "Cerebellar vermis atrophy"
    },
    "evidence": [{
      "evidenceCode": {
        "id": "ECO:0000033",
        "label": "author statement supported by traceable reference"
      },
      "reference": {
        "id": "PMID:28969374",
        "description": "Biallelic mutations in the homeodomain of NKX6-2 underlie a severe hypomyelinating leukodystrophy"
      }
    }]
  }, {
    "type": {
      "id": "HP:0007663",
      "label": "Reduced visual acuity"
    },
    "evidence": [{
      "evidenceCode": {
        "id": "ECO:0000033",
        "label": "author statement supported by traceable reference"
      },
      "reference": {
        "id": "PMID:28969374",
        "description": "Biallelic mutations in the homeodomain of NKX6-2 underlie a severe hypomyelinating leukodystrophy"
      }
    }]
  }, {
    "type": {
      "id": "HP:0001332",
      "label": "Dystonia"
    },
    "evidence": [{
      "evidenceCode": {
        "id": "ECO:0000033",
        "label": "author statement supported by traceable reference"
      },
      "reference": {
        "id": "PMID:28969374",
        "description": "Biallelic mutations in the homeodomain of NKX6-2 underlie a severe hypomyelinating leukodystrophy"
      }
    }]
  }, {
    "type": {
      "id": "HP:0100543",
      "label": "Cognitive impairment"
    },
    "evidence": [{
      "evidenceCode": {
        "id": "ECO:0000033",
        "label": "author statement supported by traceable reference"
      },
      "reference": {
        "id": "PMID:28969374",
        "description": "Biallelic mutations in the homeodomain of NKX6-2 underlie a severe hypomyelinating leukodystrophy"
      }
    }]
  }, {
    "type": {
      "id": "HP:0000212",
      "label": "Gingival overgrowth"
    },
    "evidence": [{
      "evidenceCode": {
        "id": "ECO:0000033",
        "label": "author statement supported by traceable reference"
      },
      "reference": {
        "id": "PMID:28969374",
        "description": "Biallelic mutations in the homeodomain of NKX6-2 underlie a severe hypomyelinating leukodystrophy"
      }
    }]
  }],
  "genes": [{
    "id": "NCBIGene:84504",
    "symbol": "NKX6-2"
  }],
  "variants": [{
    "vcfAllele": {
      "genomeAssembly": "GRCh37",
      "chr": "10",
      "pos": 134598798,
      "ref": "C",
      "alt": "A"
    },
    "zygosity": {
      "id": "GENO:0000136",
      "label": "homozygous"
    }
  }],
  "diseases": [{
    "term": {
      "id": "OMIM:617560",
      "label": "Spastic ataxia 8, autosomal recessive, with hypomyelinating leukodystrophy"
    }
  }],
  "metaData": {
    "createdBy": "Hpo Case Annotator : 1.0.14-SNAPSHOT",
    "submittedBy": "UNC:biocuration",
    "resources": [{
      "id": "hp",
      "name": "human phenotype ontology",
      "url": "http://purl.obolibrary.org/obo/hp.owl",
      "version": "2018-03-08",
      "namespacePrefix": "HP",
      "iriPrefix": "http://purl.obolibrary.org/obo/HP_"
    }, {
      "id": "pato",
      "name": "Phenotype And Trait Ontology",
      "url": "http://purl.obolibrary.org/obo/pato.owl",
      "version": "2018-03-28",
      "namespacePrefix": "PATO",
      "iriPrefix": "http://purl.obolibrary.org/obo/PATO_"
    }, {
      "id": "geno",
      "name": "Genotype Ontology",
      "url": "http://purl.obolibrary.org/obo/geno.owl",
      "version": "19-03-2018",
      "namespacePrefix": "GENO",
      "iriPrefix": "http://purl.obolibrary.org/obo/GENO_"
    }, {
      "id": "ncbitaxon",
      "name": "NCBI organismal classification",
      "url": "http://purl.obolibrary.org/obo/ncbitaxon.owl",
      "version": "2018-03-02",
      "namespacePrefix": "NCBITaxon"
    }, {
      "id": "eco",
      "name": "Evidence and Conclusion Ontology",
      "url": "http://purl.obolibrary.org/obo/eco.owl",
      "version": "2018-11-10",
      "namespacePrefix": "ECO",
      "iriPrefix": "http://purl.obolibrary.org/obo/ECO_"
    }, {
      "id": "omim",
      "name": "Online Mendelian Inheritance in Man",
      "url": "https://www.omim.org",
      "namespacePrefix": "OMIM"
    }],
    "phenopacketSchemaVersion": "1.0.0-RC3",
    "externalReferences": [{
      "id": "PMID:28969374",
      "description": "Biallelic mutations in the homeodomain of NKX6-2 underlie a severe hypomyelinating leukodystrophy"
    }]
  }
}