{
  "id": "PMID:27900365-Dougherty-2016-NPC1-The_proband",
  "subject": {
    "id": "The proband",
    "ageAtCollection": {
      "age": "54Y"
    },
    "sex": "MALE",
    "taxonomy": {
      "id": "NCBITaxon:9606",
      "label": "Homo sapiens"
    }
  },
  "phenotypicFeatures": [{
    "type": {
      "id": "HP:0007017",
      "label": "Progressive forgetfulness"
    },
    "evidence": [{
      "evidenceCode": {
        "id": "ECO:0000033",
        "label": "author statement supported by traceable reference"
      },
      "reference": {
        "id": "PMID:27900365",
        "description": "Genome sequencing in a case of Niemann-Pick type C"
      }
    }]
  }, {
    "type": {
      "id": "HP:0002448",
      "label": "Progressive encephalopathy"
    },
    "evidence": [{
      "evidenceCode": {
        "id": "ECO:0000033",
        "label": "author statement supported by traceable reference"
      },
      "reference": {
        "id": "PMID:27900365",
        "description": "Genome sequencing in a case of Niemann-Pick type C"
      }
    }]
  }, {
    "type": {
      "id": "HP:0002529",
      "label": "Neuronal loss in central nervous system"
    },
    "evidence": [{
      "evidenceCode": {
        "id": "ECO:0000033",
        "label": "author statement supported by traceable reference"
      },
      "reference": {
        "id": "PMID:27900365",
        "description": "Genome sequencing in a case of Niemann-Pick type C"
      }
    }]
  }, {
    "type": {
      "id": "HP:0007369",
      "label": "Atrophy/Degeneration affecting the cerebrum"
    },
    "evidence": [{
      "evidenceCode": {
        "id": "ECO:0000033",
        "label": "author statement supported by traceable reference"
      },
      "reference": {
        "id": "PMID:27900365",
        "description": "Genome sequencing in a case of Niemann-Pick type C"
      }
    }]
  }, {
    "type": {
      "id": "HP:0007064",
      "label": "Progressive language deterioration"
    },
    "evidence": [{
      "evidenceCode": {
        "id": "ECO:0000033",
        "label": "author statement supported by traceable reference"
      },
      "reference": {
        "id": "PMID:27900365",
        "description": "Genome sequencing in a case of Niemann-Pick type C"
      }
    }]
  }, {
    "type": {
      "id": "HP:0007272",
      "label": "Progressive psychomotor deterioration"
    },
    "evidence": [{
      "evidenceCode": {
        "id": "ECO:0000033",
        "label": "author statement supported by traceable reference"
      },
      "reference": {
        "id": "PMID:27900365",
        "description": "Genome sequencing in a case of Niemann-Pick type C"
      }
    }]
  }, {
    "type": {
      "id": "HP:0002527",
      "label": "Falls"
    },
    "evidence": [{
      "evidenceCode": {
        "id": "ECO:0000033",
        "label": "author statement supported by traceable reference"
      },
      "reference": {
        "id": "PMID:27900365",
        "description": "Genome sequencing in a case of Niemann-Pick type C"
      }
    }]
  }, {
    "type": {
      "id": "HP:0002354",
      "label": "Memory impairment"
    },
    "evidence": [{
      "evidenceCode": {
        "id": "ECO:0000033",
        "label": "author statement supported by traceable reference"
      },
      "reference": {
        "id": "PMID:27900365",
        "description": "Genome sequencing in a case of Niemann-Pick type C"
      }
    }]
  }, {
    "type": {
      "id": "HP:0007086",
      "label": "Social and occupational deterioration"
    },
    "evidence": [{
      "evidenceCode": {
        "id": "ECO:0000033",
        "label": "author statement supported by traceable reference"
      },
      "reference": {
        "id": "PMID:27900365",
        "description": "Genome sequencing in a case of Niemann-Pick type C"
      }
    }]
  }, {
    "type": {
      "id": "HP:0007009",
      "label": "Central nervous system degeneration"
    },
    "evidence": [{
      "evidenceCode": {
        "id": "ECO:0000033",
        "label": "author statement supported by traceable reference"
      },
      "reference": {
        "id": "PMID:27900365",
        "description": "Genome sequencing in a case of Niemann-Pick type C"
      }
    }]
  }, {
    "type": {
      "id": "HP:0002180",
      "label": "Neurodegeneration"
    },
    "evidence": [{
      "evidenceCode": {
        "id": "ECO:0000033",
        "label": "author statement supported by traceable reference"
      },
      "reference": {
        "id": "PMID:27900365",
        "description": "Genome sequencing in a case of Niemann-Pick type C"
      }
    }]
  }, {
    "type": {
      "id": "HP:0007164",
      "label": "Slowed slurred speech"
    },
    "evidence": [{
      "evidenceCode": {
        "id": "ECO:0000033",
        "label": "author statement supported by traceable reference"
      },
      "reference": {
        "id": "PMID:27900365",
        "description": "Genome sequencing in a case of Niemann-Pick type C"
      }
    }]
  }, {
    "type": {
      "id": "HP:0001433",
      "label": "Hepatosplenomegaly"
    },
    "evidence": [{
      "evidenceCode": {
        "id": "ECO:0000033",
        "label": "author statement supported by traceable reference"
      },
      "reference": {
        "id": "PMID:27900365",
        "description": "Genome sequencing in a case of Niemann-Pick type C"
      }
    }]
  }, {
    "type": {
      "id": "HP:0002361",
      "label": "Psychomotor deterioration"
    },
    "evidence": [{
      "evidenceCode": {
        "id": "ECO:0000033",
        "label": "author statement supported by traceable reference"
      },
      "reference": {
        "id": "PMID:27900365",
        "description": "Genome sequencing in a case of Niemann-Pick type C"
      }
    }]
  }],
  "genes": [{
    "id": "NCBIGene:4864",
    "symbol": "NPC1"
  }],
  "variants": [{
    "vcfAllele": {
      "genomeAssembly": "GRCh37",
      "chr": "18",
      "pos": 21115443,
      "ref": "T",
      "alt": "C"
    },
    "zygosity": {
      "id": "GENO:0000135",
      "label": "heterozygous"
    }
  }, {
    "vcfAllele": {
      "genomeAssembly": "GRCh37",
      "chr": "18",
      "pos": 21119382,
      "ref": "C",
      "alt": "T"
    },
    "zygosity": {
      "id": "GENO:0000135",
      "label": "heterozygous"
    }
  }],
  "diseases": [{
    "term": {
      "id": "OMIM:257220",
      "label": "NIEMANN-PICK DISEASE, TYPE C1; NPC1"
    }
  }],
  "metaData": {
    "submittedBy": "HPO:probinson",
    "resources": [{
      "id": "hp",
      "name": "human phenotype ontology",
      "url": "http://purl.obolibrary.org/obo/hp.owl",
      "version": "2018-03-08",
      "namespacePrefix": "HP",
      "iriPrefix": "http://purl.obolibrary.org/obo/HP_"
    }, {
      "id": "pato",
      "name": "Phenotype And Trait Ontology",
      "url": "http://purl.obolibrary.org/obo/pato.owl",
      "version": "2018-03-28",
      "namespacePrefix": "PATO",
      "iriPrefix": "http://purl.obolibrary.org/obo/PATO_"
    }, {
      "id": "geno",
      "name": "Genotype Ontology",
      "url": "http://purl.obolibrary.org/obo/geno.owl",
      "version": "19-03-2018",
      "namespacePrefix": "GENO",
      "iriPrefix": "http://purl.obolibrary.org/obo/GENO_"
    }, {
      "id": "ncbitaxon",
      "name": "NCBI organismal classification",
      "url": "http://purl.obolibrary.org/obo/ncbitaxon.owl",
      "version": "2018-03-02",
      "namespacePrefix": "NCBITaxon"
    }, {
      "id": "eco",
      "name": "Evidence and Conclusion Ontology",
      "url": "http://purl.obolibrary.org/obo/eco.owl",
      "version": "2018-11-10",
      "namespacePrefix": "ECO",
      "iriPrefix": "http://purl.obolibrary.org/obo/ECO_"
    }, {
      "id": "omim",
      "name": "Online Mendelian Inheritance in Man",
      "url": "https://www.omim.org",
      "namespacePrefix": "OMIM"
    }],
    "phenopacketSchemaVersion": "1.0.0-RC3",
    "externalReferences": [{
      "id": "PMID:27900365",
      "description": "Genome sequencing in a case of Niemann-Pick type C"
    }]
  }
}