{
  "id": "PMID:26467218-Ekvall-2015-NRAS-case_1",
  "subject": {
    "id": "case 1",
    "ageAtCollection": {
      "age": "P28Y"
    },
    "sex": "FEMALE",
    "taxonomy": {
      "id": "NCBITaxon:9606",
      "label": "Homo sapiens"
    }
  },
  "phenotypicFeatures": [{
    "type": {
      "id": "HP:0001480",
      "label": "Freckling"
    },
    "evidence": [{
      "evidenceCode": {
        "id": "ECO:0000033",
        "label": "author statement supported by traceable reference"
      },
      "reference": {
        "id": "PMID:26467218",
        "description": "Mutation in NRAS in familial Noonan syndrome--case report and review of the literature"
      }
    }]
  }, {
    "type": {
      "id": "HP:0000470",
      "label": "Short neck"
    },
    "evidence": [{
      "evidenceCode": {
        "id": "ECO:0000033",
        "label": "author statement supported by traceable reference"
      },
      "reference": {
        "id": "PMID:26467218",
        "description": "Mutation in NRAS in familial Noonan syndrome--case report and review of the literature"
      }
    }]
  }, {
    "type": {
      "id": "HP:0002162",
      "label": "Low posterior hairline"
    },
    "evidence": [{
      "evidenceCode": {
        "id": "ECO:0000033",
        "label": "author statement supported by traceable reference"
      },
      "reference": {
        "id": "PMID:26467218",
        "description": "Mutation in NRAS in familial Noonan syndrome--case report and review of the literature"
      }
    }]
  }, {
    "type": {
      "id": "HP:0001510",
      "label": "Growth delay"
    },
    "evidence": [{
      "evidenceCode": {
        "id": "ECO:0000033",
        "label": "author statement supported by traceable reference"
      },
      "reference": {
        "id": "PMID:26467218",
        "description": "Mutation in NRAS in familial Noonan syndrome--case report and review of the literature"
      }
    }]
  }, {
    "type": {
      "id": "HP:0001638",
      "label": "Cardiomyopathy"
    },
    "evidence": [{
      "evidenceCode": {
        "id": "ECO:0000033",
        "label": "author statement supported by traceable reference"
      },
      "reference": {
        "id": "PMID:26467218",
        "description": "Mutation in NRAS in familial Noonan syndrome--case report and review of the literature"
      }
    }]
  }, {
    "type": {
      "id": "HP:0001488",
      "label": "Bilateral ptosis"
    },
    "evidence": [{
      "evidenceCode": {
        "id": "ECO:0000033",
        "label": "author statement supported by traceable reference"
      },
      "reference": {
        "id": "PMID:26467218",
        "description": "Mutation in NRAS in familial Noonan syndrome--case report and review of the literature"
      }
    }]
  }, {
    "type": {
      "id": "HP:0011968",
      "label": "Feeding difficulties"
    },
    "evidence": [{
      "evidenceCode": {
        "id": "ECO:0000033",
        "label": "author statement supported by traceable reference"
      },
      "reference": {
        "id": "PMID:26467218",
        "description": "Mutation in NRAS in familial Noonan syndrome--case report and review of the literature"
      }
    }]
  }, {
    "type": {
      "id": "HP:0000337",
      "label": "Broad forehead"
    },
    "evidence": [{
      "evidenceCode": {
        "id": "ECO:0000033",
        "label": "author statement supported by traceable reference"
      },
      "reference": {
        "id": "PMID:26467218",
        "description": "Mutation in NRAS in familial Noonan syndrome--case report and review of the literature"
      }
    }]
  }, {
    "type": {
      "id": "HP:0000316",
      "label": "Hypertelorism"
    },
    "evidence": [{
      "evidenceCode": {
        "id": "ECO:0000033",
        "label": "author statement supported by traceable reference"
      },
      "reference": {
        "id": "PMID:26467218",
        "description": "Mutation in NRAS in familial Noonan syndrome--case report and review of the literature"
      }
    }]
  }, {
    "type": {
      "id": "HP:0000494",
      "label": "Downslanted palpebral fissures"
    },
    "evidence": [{
      "evidenceCode": {
        "id": "ECO:0000033",
        "label": "author statement supported by traceable reference"
      },
      "reference": {
        "id": "PMID:26467218",
        "description": "Mutation in NRAS in familial Noonan syndrome--case report and review of the literature"
      }
    }]
  }, {
    "type": {
      "id": "HP:0000256",
      "label": "Macrocephaly"
    },
    "evidence": [{
      "evidenceCode": {
        "id": "ECO:0000033",
        "label": "author statement supported by traceable reference"
      },
      "reference": {
        "id": "PMID:26467218",
        "description": "Mutation in NRAS in familial Noonan syndrome--case report and review of the literature"
      }
    }]
  }, {
    "type": {
      "id": "HP:0007018",
      "label": "Attention deficit hyperactivity disorder"
    },
    "evidence": [{
      "evidenceCode": {
        "id": "ECO:0000033",
        "label": "author statement supported by traceable reference"
      },
      "reference": {
        "id": "PMID:26467218",
        "description": "Mutation in NRAS in familial Noonan syndrome--case report and review of the literature"
      }
    }]
  }, {
    "type": {
      "id": "HP:0000475",
      "label": "Broad neck"
    },
    "evidence": [{
      "evidenceCode": {
        "id": "ECO:0000033",
        "label": "author statement supported by traceable reference"
      },
      "reference": {
        "id": "PMID:26467218",
        "description": "Mutation in NRAS in familial Noonan syndrome--case report and review of the literature"
      }
    }]
  }, {
    "type": {
      "id": "HP:0000369",
      "label": "Low-set ears"
    },
    "evidence": [{
      "evidenceCode": {
        "id": "ECO:0000033",
        "label": "author statement supported by traceable reference"
      },
      "reference": {
        "id": "PMID:26467218",
        "description": "Mutation in NRAS in familial Noonan syndrome--case report and review of the literature"
      }
    }]
  }, {
    "type": {
      "id": "HP:0000957",
      "label": "Cafe-au-lait spot"
    },
    "evidence": [{
      "evidenceCode": {
        "id": "ECO:0000033",
        "label": "author statement supported by traceable reference"
      },
      "reference": {
        "id": "PMID:26467218",
        "description": "Mutation in NRAS in familial Noonan syndrome--case report and review of the literature"
      }
    }]
  }],
  "genes": [{
    "id": "NCBIGene:4893",
    "symbol": "NRAS"
  }],
  "variants": [{
    "vcfAllele": {
      "genomeAssembly": "GRCh37",
      "chr": "1",
      "pos": 115256532,
      "ref": "C",
      "alt": "T"
    },
    "zygosity": {
      "id": "GENO:0000135",
      "label": "heterozygous"
    }
  }],
  "diseases": [{
    "term": {
      "id": "OMIM:613224",
      "label": "NOONAN SYNDROME 6; NS6"
    }
  }],
  "metaData": {
    "createdBy": "Hpo Case Annotator : 1.0.13-SNAPSHOT",
    "submittedBy": "HPO:probinson",
    "resources": [{
      "id": "hp",
      "name": "human phenotype ontology",
      "url": "http://purl.obolibrary.org/obo/hp.owl",
      "version": "2018-03-08",
      "namespacePrefix": "HP",
      "iriPrefix": "http://purl.obolibrary.org/obo/HP_"
    }, {
      "id": "pato",
      "name": "Phenotype And Trait Ontology",
      "url": "http://purl.obolibrary.org/obo/pato.owl",
      "version": "2018-03-28",
      "namespacePrefix": "PATO",
      "iriPrefix": "http://purl.obolibrary.org/obo/PATO_"
    }, {
      "id": "geno",
      "name": "Genotype Ontology",
      "url": "http://purl.obolibrary.org/obo/geno.owl",
      "version": "19-03-2018",
      "namespacePrefix": "GENO",
      "iriPrefix": "http://purl.obolibrary.org/obo/GENO_"
    }, {
      "id": "ncbitaxon",
      "name": "NCBI organismal classification",
      "url": "http://purl.obolibrary.org/obo/ncbitaxon.owl",
      "version": "2018-03-02",
      "namespacePrefix": "NCBITaxon"
    }, {
      "id": "eco",
      "name": "Evidence and Conclusion Ontology",
      "url": "http://purl.obolibrary.org/obo/eco.owl",
      "version": "2018-11-10",
      "namespacePrefix": "ECO",
      "iriPrefix": "http://purl.obolibrary.org/obo/ECO_"
    }, {
      "id": "omim",
      "name": "Online Mendelian Inheritance in Man",
      "url": "https://www.omim.org",
      "namespacePrefix": "OMIM"
    }],
    "phenopacketSchemaVersion": "1.0.0-RC3",
    "externalReferences": [{
      "id": "PMID:26467218",
      "description": "Mutation in NRAS in familial Noonan syndrome--case report and review of the literature"
    }]
  }
}