{
  "id": "PMID:16962354-El-Jaick-2007-TGIF1-male_proband",
  "subject": {
    "id": "male proband",
    "ageAtCollection": {
      "age": "n/a"
    },
    "sex": "MALE",
    "taxonomy": {
      "id": "NCBITaxon:9606",
      "label": "Homo sapiens"
    }
  },
  "phenotypicFeatures": [{
    "type": {
      "id": "HP:0000161",
      "label": "Median cleft lip"
    },
    "evidence": [{
      "evidenceCode": {
        "id": "ECO:0000033",
        "label": "author statement supported by traceable reference"
      },
      "reference": {
        "id": "PMID:16962354",
        "description": "Functional analysis of mutations in TGIF associated with holoprosencephaly"
      }
    }]
  }, {
    "type": {
      "id": "HP:0005273",
      "label": "Absent nasal septal cartilage"
    },
    "evidence": [{
      "evidenceCode": {
        "id": "ECO:0000033",
        "label": "author statement supported by traceable reference"
      },
      "reference": {
        "id": "PMID:16962354",
        "description": "Functional analysis of mutations in TGIF associated with holoprosencephaly"
      }
    }]
  }, {
    "type": {
      "id": "HP:0000252",
      "label": "Microcephaly"
    },
    "evidence": [{
      "evidenceCode": {
        "id": "ECO:0000033",
        "label": "author statement supported by traceable reference"
      },
      "reference": {
        "id": "PMID:16962354",
        "description": "Functional analysis of mutations in TGIF associated with holoprosencephaly"
      }
    }]
  }, {
    "type": {
      "id": "HP:0006870",
      "label": "Lobar holoprosencephaly"
    },
    "evidence": [{
      "evidenceCode": {
        "id": "ECO:0000033",
        "label": "author statement supported by traceable reference"
      },
      "reference": {
        "id": "PMID:16962354",
        "description": "Functional analysis of mutations in TGIF associated with holoprosencephaly"
      }
    }]
  }, {
    "type": {
      "id": "HP:0009099",
      "label": "Median cleft palate"
    },
    "evidence": [{
      "evidenceCode": {
        "id": "ECO:0000033",
        "label": "author statement supported by traceable reference"
      },
      "reference": {
        "id": "PMID:16962354",
        "description": "Functional analysis of mutations in TGIF associated with holoprosencephaly"
      }
    }]
  }, {
    "type": {
      "id": "HP:0000873",
      "label": "Diabetes insipidus"
    },
    "evidence": [{
      "evidenceCode": {
        "id": "ECO:0000033",
        "label": "author statement supported by traceable reference"
      },
      "reference": {
        "id": "PMID:16962354",
        "description": "Functional analysis of mutations in TGIF associated with holoprosencephaly"
      }
    }]
  }, {
    "type": {
      "id": "HP:0000437",
      "label": "Depressed nasal tip"
    },
    "evidence": [{
      "evidenceCode": {
        "id": "ECO:0000033",
        "label": "author statement supported by traceable reference"
      },
      "reference": {
        "id": "PMID:16962354",
        "description": "Functional analysis of mutations in TGIF associated with holoprosencephaly"
      }
    }]
  }],
  "genes": [{
    "id": "NCBIGene:7050",
    "symbol": "TGIF1"
  }],
  "variants": [{
    "vcfAllele": {
      "genomeAssembly": "GRCh37",
      "chr": "18",
      "pos": 3456468,
      "ref": "G",
      "alt": "T"
    },
    "zygosity": {
      "id": "GENO:0000135",
      "label": "heterozygous"
    }
  }],
  "diseases": [{
    "term": {
      "id": "OMIM:142946",
      "label": "HOLOPROSENCEPHALY 4; HPE4"
    }
  }],
  "metaData": {
    "submittedBy": "HPO:probinson",
    "resources": [{
      "id": "hp",
      "name": "human phenotype ontology",
      "url": "http://purl.obolibrary.org/obo/hp.owl",
      "version": "2018-03-08",
      "namespacePrefix": "HP",
      "iriPrefix": "http://purl.obolibrary.org/obo/HP_"
    }, {
      "id": "pato",
      "name": "Phenotype And Trait Ontology",
      "url": "http://purl.obolibrary.org/obo/pato.owl",
      "version": "2018-03-28",
      "namespacePrefix": "PATO",
      "iriPrefix": "http://purl.obolibrary.org/obo/PATO_"
    }, {
      "id": "geno",
      "name": "Genotype Ontology",
      "url": "http://purl.obolibrary.org/obo/geno.owl",
      "version": "19-03-2018",
      "namespacePrefix": "GENO",
      "iriPrefix": "http://purl.obolibrary.org/obo/GENO_"
    }, {
      "id": "ncbitaxon",
      "name": "NCBI organismal classification",
      "url": "http://purl.obolibrary.org/obo/ncbitaxon.owl",
      "version": "2018-03-02",
      "namespacePrefix": "NCBITaxon"
    }, {
      "id": "eco",
      "name": "Evidence and Conclusion Ontology",
      "url": "http://purl.obolibrary.org/obo/eco.owl",
      "version": "2018-11-10",
      "namespacePrefix": "ECO",
      "iriPrefix": "http://purl.obolibrary.org/obo/ECO_"
    }, {
      "id": "omim",
      "name": "Online Mendelian Inheritance in Man",
      "url": "https://www.omim.org",
      "namespacePrefix": "OMIM"
    }],
    "phenopacketSchemaVersion": "1.0.0-RC3",
    "externalReferences": [{
      "id": "PMID:16962354",
      "description": "Functional analysis of mutations in TGIF associated with holoprosencephaly"
    }]
  }
}