{
  "id": "PMID:27495153-Elsaadany-2016-WWOX-Patient_1",
  "subject": {
    "id": "Patient 1",
    "ageAtCollection": {
      "age": "P7Y"
    },
    "sex": "FEMALE",
    "taxonomy": {
      "id": "NCBITaxon:9606",
      "label": "Homo sapiens"
    }
  },
  "phenotypicFeatures": [{
    "type": {
      "id": "HP:0001250",
      "label": "Seizures"
    },
    "evidence": [{
      "evidenceCode": {
        "id": "ECO:0000033",
        "label": "author statement supported by traceable reference"
      },
      "reference": {
        "id": "PMID:27495153",
        "description": "W44X mutation in the WWOX gene causes intractable seizures and developmental delay: a case report"
      }
    }]
  }, {
    "type": {
      "id": "HP:0000543",
      "label": "Optic disc pallor"
    },
    "evidence": [{
      "evidenceCode": {
        "id": "ECO:0000033",
        "label": "author statement supported by traceable reference"
      },
      "reference": {
        "id": "PMID:27495153",
        "description": "W44X mutation in the WWOX gene causes intractable seizures and developmental delay: a case report"
      }
    }]
  }, {
    "type": {
      "id": "HP:0001290",
      "label": "Generalized hypotonia"
    },
    "evidence": [{
      "evidenceCode": {
        "id": "ECO:0000033",
        "label": "author statement supported by traceable reference"
      },
      "reference": {
        "id": "PMID:27495153",
        "description": "W44X mutation in the WWOX gene causes intractable seizures and developmental delay: a case report"
      }
    }]
  }, {
    "type": {
      "id": "HP:0001992",
      "label": "Organic aciduria"
    },
    "negated": true,
    "evidence": [{
      "evidenceCode": {
        "id": "ECO:0000033",
        "label": "author statement supported by traceable reference"
      },
      "reference": {
        "id": "PMID:27495153",
        "description": "W44X mutation in the WWOX gene causes intractable seizures and developmental delay: a case report"
      }
    }]
  }, {
    "type": {
      "id": "HP:0011470",
      "label": "Nasogastric tube feeding in infancy"
    },
    "evidence": [{
      "evidenceCode": {
        "id": "ECO:0000033",
        "label": "author statement supported by traceable reference"
      },
      "reference": {
        "id": "PMID:27495153",
        "description": "W44X mutation in the WWOX gene causes intractable seizures and developmental delay: a case report"
      }
    }]
  }, {
    "type": {
      "id": "HP:0006892",
      "label": "Frontotemporal cerebral atrophy"
    },
    "evidence": [{
      "evidenceCode": {
        "id": "ECO:0000033",
        "label": "author statement supported by traceable reference"
      },
      "reference": {
        "id": "PMID:27495153",
        "description": "W44X mutation in the WWOX gene causes intractable seizures and developmental delay: a case report"
      }
    }]
  }, {
    "type": {
      "id": "HP:0031358",
      "label": "Vegetative state"
    },
    "evidence": [{
      "evidenceCode": {
        "id": "ECO:0000033",
        "label": "author statement supported by traceable reference"
      },
      "reference": {
        "id": "PMID:27495153",
        "description": "W44X mutation in the WWOX gene causes intractable seizures and developmental delay: a case report"
      }
    }]
  }, {
    "type": {
      "id": "HP:0100952",
      "label": "Enlarged sylvian cistern"
    },
    "evidence": [{
      "evidenceCode": {
        "id": "ECO:0000033",
        "label": "author statement supported by traceable reference"
      },
      "reference": {
        "id": "PMID:27495153",
        "description": "W44X mutation in the WWOX gene causes intractable seizures and developmental delay: a case report"
      }
    }]
  }, {
    "type": {
      "id": "HP:0007305",
      "label": "CNS demyelination"
    },
    "evidence": [{
      "evidenceCode": {
        "id": "ECO:0000033",
        "label": "author statement supported by traceable reference"
      },
      "reference": {
        "id": "PMID:27495153",
        "description": "W44X mutation in the WWOX gene causes intractable seizures and developmental delay: a case report"
      }
    }]
  }, {
    "type": {
      "id": "HP:0002421",
      "label": "Poor head control"
    },
    "evidence": [{
      "evidenceCode": {
        "id": "ECO:0000033",
        "label": "author statement supported by traceable reference"
      },
      "reference": {
        "id": "PMID:27495153",
        "description": "W44X mutation in the WWOX gene causes intractable seizures and developmental delay: a case report"
      }
    }]
  }, {
    "type": {
      "id": "HP:0001276",
      "label": "Hypertonia"
    },
    "evidence": [{
      "evidenceCode": {
        "id": "ECO:0000033",
        "label": "author statement supported by traceable reference"
      },
      "reference": {
        "id": "PMID:27495153",
        "description": "W44X mutation in the WWOX gene causes intractable seizures and developmental delay: a case report"
      }
    }]
  }, {
    "type": {
      "id": "HP:0025517",
      "label": "Hypoplastic hippocampus"
    },
    "evidence": [{
      "evidenceCode": {
        "id": "ECO:0000033",
        "label": "author statement supported by traceable reference"
      },
      "reference": {
        "id": "PMID:27495153",
        "description": "W44X mutation in the WWOX gene causes intractable seizures and developmental delay: a case report"
      }
    }]
  }, {
    "type": {
      "id": "HP:0006801",
      "label": "Hyperactive deep tendon reflexes"
    },
    "evidence": [{
      "evidenceCode": {
        "id": "ECO:0000033",
        "label": "author statement supported by traceable reference"
      },
      "reference": {
        "id": "PMID:27495153",
        "description": "W44X mutation in the WWOX gene causes intractable seizures and developmental delay: a case report"
      }
    }]
  }, {
    "type": {
      "id": "HP:0003323",
      "label": "Progressive muscle weakness"
    },
    "evidence": [{
      "evidenceCode": {
        "id": "ECO:0000033",
        "label": "author statement supported by traceable reference"
      },
      "reference": {
        "id": "PMID:27495153",
        "description": "W44X mutation in the WWOX gene causes intractable seizures and developmental delay: a case report"
      }
    }]
  }, {
    "type": {
      "id": "HP:0002151",
      "label": "Increased serum lactate"
    },
    "negated": true,
    "evidence": [{
      "evidenceCode": {
        "id": "ECO:0000033",
        "label": "author statement supported by traceable reference"
      },
      "reference": {
        "id": "PMID:27495153",
        "description": "W44X mutation in the WWOX gene causes intractable seizures and developmental delay: a case report"
      }
    }]
  }, {
    "type": {
      "id": "HP:0002353",
      "label": "EEG abnormality"
    },
    "evidence": [{
      "evidenceCode": {
        "id": "ECO:0000033",
        "label": "author statement supported by traceable reference"
      },
      "reference": {
        "id": "PMID:27495153",
        "description": "W44X mutation in the WWOX gene causes intractable seizures and developmental delay: a case report"
      }
    }]
  }, {
    "type": {
      "id": "HP:0001336",
      "label": "Myoclonus"
    },
    "evidence": [{
      "evidenceCode": {
        "id": "ECO:0000033",
        "label": "author statement supported by traceable reference"
      },
      "reference": {
        "id": "PMID:27495153",
        "description": "W44X mutation in the WWOX gene causes intractable seizures and developmental delay: a case report"
      }
    }]
  }, {
    "type": {
      "id": "HP:0002093",
      "label": "Respiratory insufficiency"
    },
    "evidence": [{
      "evidenceCode": {
        "id": "ECO:0000033",
        "label": "author statement supported by traceable reference"
      },
      "reference": {
        "id": "PMID:27495153",
        "description": "W44X mutation in the WWOX gene causes intractable seizures and developmental delay: a case report"
      }
    }]
  }],
  "genes": [{
    "id": "NCBIGene:51741",
    "symbol": "WWOX"
  }],
  "variants": [{
    "vcfAllele": {
      "genomeAssembly": "GRCh37",
      "chr": "16",
      "pos": 78142343,
      "ref": "G",
      "alt": "A"
    },
    "zygosity": {
      "id": "GENO:0000136",
      "label": "homozygous"
    }
  }],
  "diseases": [{
    "term": {
      "id": "OMIM:616211",
      "label": "EPILEPTIC ENCEPHALOPATHY, EARLY INFANTILE, 28; EIEE28"
    }
  }],
  "metaData": {
    "createdBy": "Hpo Case Annotator : 1.0.13-SNAPSHOT",
    "submittedBy": "HPO:probinson",
    "resources": [{
      "id": "hp",
      "name": "human phenotype ontology",
      "url": "http://purl.obolibrary.org/obo/hp.owl",
      "version": "2018-03-08",
      "namespacePrefix": "HP",
      "iriPrefix": "http://purl.obolibrary.org/obo/HP_"
    }, {
      "id": "pato",
      "name": "Phenotype And Trait Ontology",
      "url": "http://purl.obolibrary.org/obo/pato.owl",
      "version": "2018-03-28",
      "namespacePrefix": "PATO",
      "iriPrefix": "http://purl.obolibrary.org/obo/PATO_"
    }, {
      "id": "geno",
      "name": "Genotype Ontology",
      "url": "http://purl.obolibrary.org/obo/geno.owl",
      "version": "19-03-2018",
      "namespacePrefix": "GENO",
      "iriPrefix": "http://purl.obolibrary.org/obo/GENO_"
    }, {
      "id": "ncbitaxon",
      "name": "NCBI organismal classification",
      "url": "http://purl.obolibrary.org/obo/ncbitaxon.owl",
      "version": "2018-03-02",
      "namespacePrefix": "NCBITaxon"
    }, {
      "id": "eco",
      "name": "Evidence and Conclusion Ontology",
      "url": "http://purl.obolibrary.org/obo/eco.owl",
      "version": "2018-11-10",
      "namespacePrefix": "ECO",
      "iriPrefix": "http://purl.obolibrary.org/obo/ECO_"
    }, {
      "id": "omim",
      "name": "Online Mendelian Inheritance in Man",
      "url": "https://www.omim.org",
      "namespacePrefix": "OMIM"
    }],
    "phenopacketSchemaVersion": "1.0.0-RC3",
    "externalReferences": [{
      "id": "PMID:27495153",
      "description": "W44X mutation in the WWOX gene causes intractable seizures and developmental delay: a case report"
    }]
  }
}