{
  "id": "PMID:24498630-Falik_Zaccai-2014-INSR-ISR1",
  "subject": {
    "id": "ISR1",
    "ageAtCollection": {
      "age": "18M"
    },
    "sex": "FEMALE",
    "taxonomy": {
      "id": "NCBITaxon:9606",
      "label": "Homo sapiens"
    }
  },
  "phenotypicFeatures": [{
    "type": {
      "id": "HP:0002090",
      "label": "Pneumonia"
    },
    "evidence": [{
      "evidenceCode": {
        "id": "ECO:0000033",
        "label": "author statement supported by traceable reference"
      },
      "reference": {
        "id": "PMID:24498630",
        "description": "Two novel mutations identified in familial cases with Donohue syndrome"
      }
    }]
  }, {
    "type": {
      "id": "HP:0002035",
      "label": "Rectal prolapse"
    },
    "evidence": [{
      "evidenceCode": {
        "id": "ECO:0000033",
        "label": "author statement supported by traceable reference"
      },
      "reference": {
        "id": "PMID:24498630",
        "description": "Two novel mutations identified in familial cases with Donohue syndrome"
      }
    }]
  }, {
    "type": {
      "id": "HP:0002719",
      "label": "Recurrent infections"
    },
    "evidence": [{
      "evidenceCode": {
        "id": "ECO:0000033",
        "label": "author statement supported by traceable reference"
      },
      "reference": {
        "id": "PMID:24498630",
        "description": "Two novel mutations identified in familial cases with Donohue syndrome"
      }
    }]
  }, {
    "type": {
      "id": "HP:0003270",
      "label": "Abdominal distention"
    },
    "evidence": [{
      "evidenceCode": {
        "id": "ECO:0000033",
        "label": "author statement supported by traceable reference"
      },
      "reference": {
        "id": "PMID:24498630",
        "description": "Two novel mutations identified in familial cases with Donohue syndrome"
      }
    }]
  }, {
    "type": {
      "id": "HP:0030796",
      "label": "Increased C-peptide level"
    },
    "evidence": [{
      "evidenceCode": {
        "id": "ECO:0000033",
        "label": "author statement supported by traceable reference"
      },
      "reference": {
        "id": "PMID:24498630",
        "description": "Two novel mutations identified in familial cases with Donohue syndrome"
      }
    }]
  }, {
    "type": {
      "id": "HP:0000842",
      "label": "Hyperinsulinemia"
    },
    "evidence": [{
      "evidenceCode": {
        "id": "ECO:0000033",
        "label": "author statement supported by traceable reference"
      },
      "reference": {
        "id": "PMID:24498630",
        "description": "Two novel mutations identified in familial cases with Donohue syndrome"
      }
    }]
  }, {
    "type": {
      "id": "HP:0000138",
      "label": "Ovarian cyst"
    },
    "evidence": [{
      "evidenceCode": {
        "id": "ECO:0000033",
        "label": "author statement supported by traceable reference"
      },
      "reference": {
        "id": "PMID:24498630",
        "description": "Two novel mutations identified in familial cases with Donohue syndrome"
      }
    }]
  }, {
    "type": {
      "id": "HP:0001263",
      "label": "Global developmental delay"
    },
    "evidence": [{
      "evidenceCode": {
        "id": "ECO:0000033",
        "label": "author statement supported by traceable reference"
      },
      "reference": {
        "id": "PMID:24498630",
        "description": "Two novel mutations identified in familial cases with Donohue syndrome"
      }
    }]
  }, {
    "type": {
      "id": "HP:0008665",
      "label": "Clitoral hypertrophy"
    },
    "evidence": [{
      "evidenceCode": {
        "id": "ECO:0000033",
        "label": "author statement supported by traceable reference"
      },
      "reference": {
        "id": "PMID:24498630",
        "description": "Two novel mutations identified in familial cases with Donohue syndrome"
      }
    }]
  }, {
    "type": {
      "id": "HP:0000388",
      "label": "Otitis media"
    },
    "evidence": [{
      "evidenceCode": {
        "id": "ECO:0000033",
        "label": "author statement supported by traceable reference"
      },
      "reference": {
        "id": "PMID:24498630",
        "description": "Two novel mutations identified in familial cases with Donohue syndrome"
      }
    }]
  }, {
    "type": {
      "id": "HP:0000105",
      "label": "Enlarged kidney"
    },
    "evidence": [{
      "evidenceCode": {
        "id": "ECO:0000033",
        "label": "author statement supported by traceable reference"
      },
      "reference": {
        "id": "PMID:24498630",
        "description": "Two novel mutations identified in familial cases with Donohue syndrome"
      }
    }]
  }, {
    "type": {
      "id": "HP:0001712",
      "label": "Left ventricular hypertrophy"
    },
    "evidence": [{
      "evidenceCode": {
        "id": "ECO:0000033",
        "label": "author statement supported by traceable reference"
      },
      "reference": {
        "id": "PMID:24498630",
        "description": "Two novel mutations identified in familial cases with Donohue syndrome"
      }
    }]
  }, {
    "type": {
      "id": "HP:0001943",
      "label": "Hypoglycemia"
    },
    "evidence": [{
      "evidenceCode": {
        "id": "ECO:0000033",
        "label": "author statement supported by traceable reference"
      },
      "reference": {
        "id": "PMID:24498630",
        "description": "Two novel mutations identified in familial cases with Donohue syndrome"
      }
    }]
  }, {
    "type": {
      "id": "HP:0000065",
      "label": "Labial hypertrophy"
    },
    "evidence": [{
      "evidenceCode": {
        "id": "ECO:0000033",
        "label": "author statement supported by traceable reference"
      },
      "reference": {
        "id": "PMID:24498630",
        "description": "Two novel mutations identified in familial cases with Donohue syndrome"
      }
    }]
  }],
  "genes": [{
    "id": "NCBIGene:3643",
    "symbol": "INSR"
  }],
  "variants": [{
    "vcfAllele": {
      "genomeAssembly": "GRCh37",
      "chr": "19",
      "pos": 7184444,
      "ref": "C",
      "alt": "T"
    },
    "zygosity": {
      "id": "GENO:0000136",
      "label": "homozygous"
    }
  }],
  "diseases": [{
    "term": {
      "id": "OMIM:246200",
      "label": "DONOHUE SYNDROME"
    }
  }],
  "metaData": {
    "submittedBy": "HPO:probinson",
    "resources": [{
      "id": "hp",
      "name": "human phenotype ontology",
      "url": "http://purl.obolibrary.org/obo/hp.owl",
      "version": "2018-03-08",
      "namespacePrefix": "HP",
      "iriPrefix": "http://purl.obolibrary.org/obo/HP_"
    }, {
      "id": "pato",
      "name": "Phenotype And Trait Ontology",
      "url": "http://purl.obolibrary.org/obo/pato.owl",
      "version": "2018-03-28",
      "namespacePrefix": "PATO",
      "iriPrefix": "http://purl.obolibrary.org/obo/PATO_"
    }, {
      "id": "geno",
      "name": "Genotype Ontology",
      "url": "http://purl.obolibrary.org/obo/geno.owl",
      "version": "19-03-2018",
      "namespacePrefix": "GENO",
      "iriPrefix": "http://purl.obolibrary.org/obo/GENO_"
    }, {
      "id": "ncbitaxon",
      "name": "NCBI organismal classification",
      "url": "http://purl.obolibrary.org/obo/ncbitaxon.owl",
      "version": "2018-03-02",
      "namespacePrefix": "NCBITaxon"
    }, {
      "id": "eco",
      "name": "Evidence and Conclusion Ontology",
      "url": "http://purl.obolibrary.org/obo/eco.owl",
      "version": "2018-11-10",
      "namespacePrefix": "ECO",
      "iriPrefix": "http://purl.obolibrary.org/obo/ECO_"
    }, {
      "id": "omim",
      "name": "Online Mendelian Inheritance in Man",
      "url": "https://www.omim.org",
      "namespacePrefix": "OMIM"
    }],
    "phenopacketSchemaVersion": "1.0.0-RC3",
    "externalReferences": [{
      "id": "PMID:24498630",
      "description": "Two novel mutations identified in familial cases with Donohue syndrome"
    }]
  }
}