{
  "id": "PMID:28007986-Falik_Zaccai-2017-PLAA-A-VI3",
  "subject": {
    "id": "A-VI3",
    "ageAtCollection": {
      "age": "P4M"
    },
    "sex": "FEMALE",
    "taxonomy": {
      "id": "NCBITaxon:9606",
      "label": "Homo sapiens"
    }
  },
  "phenotypicFeatures": [{
    "type": {
      "id": "HP:0000998",
      "label": "Hypertrichosis"
    },
    "evidence": [{
      "evidenceCode": {
        "id": "ECO:0000033",
        "label": "author statement supported by traceable reference"
      },
      "reference": {
        "id": "PMID:28007986",
        "description": "Phospholipase A2-activating protein is associated with a novel form of leukoencephalopathy"
      }
    }]
  }, {
    "type": {
      "id": "HP:0001250",
      "label": "Seizures"
    },
    "negated": true,
    "evidence": [{
      "evidenceCode": {
        "id": "ECO:0000033",
        "label": "author statement supported by traceable reference"
      },
      "reference": {
        "id": "PMID:28007986",
        "description": "Phospholipase A2-activating protein is associated with a novel form of leukoencephalopathy"
      }
    }]
  }, {
    "type": {
      "id": "HP:0012444",
      "label": "Brain atrophy"
    },
    "evidence": [{
      "evidenceCode": {
        "id": "ECO:0000033",
        "label": "author statement supported by traceable reference"
      },
      "reference": {
        "id": "PMID:28007986",
        "description": "Phospholipase A2-activating protein is associated with a novel form of leukoencephalopathy"
      }
    }]
  }, {
    "type": {
      "id": "HP:0001838",
      "label": "Rocker bottom foot"
    },
    "evidence": [{
      "evidenceCode": {
        "id": "ECO:0000033",
        "label": "author statement supported by traceable reference"
      },
      "reference": {
        "id": "PMID:28007986",
        "description": "Phospholipase A2-activating protein is associated with a novel form of leukoencephalopathy"
      }
    }]
  }, {
    "type": {
      "id": "HP:0002808",
      "label": "Kyphosis"
    },
    "evidence": [{
      "evidenceCode": {
        "id": "ECO:0000033",
        "label": "author statement supported by traceable reference"
      },
      "reference": {
        "id": "PMID:28007986",
        "description": "Phospholipase A2-activating protein is associated with a novel form of leukoencephalopathy"
      }
    }]
  }, {
    "type": {
      "id": "HP:0011922",
      "label": "Abnormal activity of mitochondrial respiratory chain"
    },
    "negated": true,
    "evidence": [{
      "evidenceCode": {
        "id": "ECO:0000033",
        "label": "author statement supported by traceable reference"
      },
      "reference": {
        "id": "PMID:28007986",
        "description": "Phospholipase A2-activating protein is associated with a novel form of leukoencephalopathy"
      }
    }]
  }, {
    "type": {
      "id": "HP:0012448",
      "label": "Delayed myelination"
    },
    "evidence": [{
      "evidenceCode": {
        "id": "ECO:0000033",
        "label": "author statement supported by traceable reference"
      },
      "reference": {
        "id": "PMID:28007986",
        "description": "Phospholipase A2-activating protein is associated with a novel form of leukoencephalopathy"
      }
    }]
  }, {
    "type": {
      "id": "HP:0007377",
      "label": "Abnormality of somatosensory evoked potentials"
    },
    "evidence": [{
      "evidenceCode": {
        "id": "ECO:0000033",
        "label": "author statement supported by traceable reference"
      },
      "reference": {
        "id": "PMID:28007986",
        "description": "Phospholipase A2-activating protein is associated with a novel form of leukoencephalopathy"
      }
    }]
  }, {
    "type": {
      "id": "HP:0001371",
      "label": "Flexion contracture"
    },
    "evidence": [{
      "evidenceCode": {
        "id": "ECO:0000033",
        "label": "author statement supported by traceable reference"
      },
      "reference": {
        "id": "PMID:28007986",
        "description": "Phospholipase A2-activating protein is associated with a novel form of leukoencephalopathy"
      }
    }]
  }, {
    "type": {
      "id": "HP:0003487",
      "label": "Babinski sign"
    },
    "evidence": [{
      "evidenceCode": {
        "id": "ECO:0000033",
        "label": "author statement supported by traceable reference"
      },
      "reference": {
        "id": "PMID:28007986",
        "description": "Phospholipase A2-activating protein is associated with a novel form of leukoencephalopathy"
      }
    }]
  }, {
    "type": {
      "id": "HP:0000768",
      "label": "Pectus carinatum"
    },
    "evidence": [{
      "evidenceCode": {
        "id": "ECO:0000033",
        "label": "author statement supported by traceable reference"
      },
      "reference": {
        "id": "PMID:28007986",
        "description": "Phospholipase A2-activating protein is associated with a novel form of leukoencephalopathy"
      }
    }]
  }, {
    "type": {
      "id": "HP:0007410",
      "label": "Palmoplantar hyperhidrosis"
    },
    "evidence": [{
      "evidenceCode": {
        "id": "ECO:0000033",
        "label": "author statement supported by traceable reference"
      },
      "reference": {
        "id": "PMID:28007986",
        "description": "Phospholipase A2-activating protein is associated with a novel form of leukoencephalopathy"
      }
    }]
  }, {
    "type": {
      "id": "HP:0009051",
      "label": "Increased muscle glycogen content"
    },
    "evidence": [{
      "evidenceCode": {
        "id": "ECO:0000033",
        "label": "author statement supported by traceable reference"
      },
      "reference": {
        "id": "PMID:28007986",
        "description": "Phospholipase A2-activating protein is associated with a novel form of leukoencephalopathy"
      }
    }]
  }, {
    "type": {
      "id": "HP:0001508",
      "label": "Failure to thrive"
    },
    "evidence": [{
      "evidenceCode": {
        "id": "ECO:0000033",
        "label": "author statement supported by traceable reference"
      },
      "reference": {
        "id": "PMID:28007986",
        "description": "Phospholipase A2-activating protein is associated with a novel form of leukoencephalopathy"
      }
    }]
  }, {
    "type": {
      "id": "HP:0005692",
      "label": "Joint hyperflexibility"
    },
    "evidence": [{
      "evidenceCode": {
        "id": "ECO:0000033",
        "label": "author statement supported by traceable reference"
      },
      "reference": {
        "id": "PMID:28007986",
        "description": "Phospholipase A2-activating protein is associated with a novel form of leukoencephalopathy"
      }
    }]
  }, {
    "type": {
      "id": "HP:0000253",
      "label": "Progressive microcephaly"
    },
    "evidence": [{
      "evidenceCode": {
        "id": "ECO:0000033",
        "label": "author statement supported by traceable reference"
      },
      "reference": {
        "id": "PMID:28007986",
        "description": "Phospholipase A2-activating protein is associated with a novel form of leukoencephalopathy"
      }
    }]
  }, {
    "type": {
      "id": "HP:0012713",
      "label": "Moderate hearing impairment"
    },
    "evidence": [{
      "evidenceCode": {
        "id": "ECO:0000033",
        "label": "author statement supported by traceable reference"
      },
      "reference": {
        "id": "PMID:28007986",
        "description": "Phospholipase A2-activating protein is associated with a novel form of leukoencephalopathy"
      }
    }]
  }],
  "genes": [{
    "id": "NCBIGene:9373",
    "symbol": "PLAA"
  }],
  "variants": [{
    "vcfAllele": {
      "genomeAssembly": "GRCh37",
      "chr": "9",
      "pos": 26905643,
      "ref": "G",
      "alt": "A"
    },
    "zygosity": {
      "id": "GENO:0000136",
      "label": "homozygous"
    }
  }],
  "diseases": [{
    "term": {
      "id": "OMIM:617527",
      "label": "Neurodevelopmental disorder with progressive microcephaly, spasticity, and brain anomalies"
    }
  }],
  "metaData": {
    "createdBy": "Hpo Case Annotator : 1.0.14-SNAPSHOT",
    "submittedBy": "UNC:biocuration",
    "resources": [{
      "id": "hp",
      "name": "human phenotype ontology",
      "url": "http://purl.obolibrary.org/obo/hp.owl",
      "version": "2018-03-08",
      "namespacePrefix": "HP",
      "iriPrefix": "http://purl.obolibrary.org/obo/HP_"
    }, {
      "id": "pato",
      "name": "Phenotype And Trait Ontology",
      "url": "http://purl.obolibrary.org/obo/pato.owl",
      "version": "2018-03-28",
      "namespacePrefix": "PATO",
      "iriPrefix": "http://purl.obolibrary.org/obo/PATO_"
    }, {
      "id": "geno",
      "name": "Genotype Ontology",
      "url": "http://purl.obolibrary.org/obo/geno.owl",
      "version": "19-03-2018",
      "namespacePrefix": "GENO",
      "iriPrefix": "http://purl.obolibrary.org/obo/GENO_"
    }, {
      "id": "ncbitaxon",
      "name": "NCBI organismal classification",
      "url": "http://purl.obolibrary.org/obo/ncbitaxon.owl",
      "version": "2018-03-02",
      "namespacePrefix": "NCBITaxon"
    }, {
      "id": "eco",
      "name": "Evidence and Conclusion Ontology",
      "url": "http://purl.obolibrary.org/obo/eco.owl",
      "version": "2018-11-10",
      "namespacePrefix": "ECO",
      "iriPrefix": "http://purl.obolibrary.org/obo/ECO_"
    }, {
      "id": "omim",
      "name": "Online Mendelian Inheritance in Man",
      "url": "https://www.omim.org",
      "namespacePrefix": "OMIM"
    }],
    "phenopacketSchemaVersion": "1.0.0-RC3",
    "externalReferences": [{
      "id": "PMID:28007986",
      "description": "Phospholipase A2-activating protein is associated with a novel form of leukoencephalopathy"
    }]
  }
}