{
  "id": "PMID:29382611-Fiscaletti-2018-SP7-II:5",
  "subject": {
    "id": "II:5",
    "ageAtCollection": {
      "age": "P14Y"
    },
    "sex": "MALE",
    "taxonomy": {
      "id": "NCBITaxon:9606",
      "label": "Homo sapiens"
    }
  },
  "phenotypicFeatures": [{
    "type": {
      "id": "HP:0045086",
      "label": "Knee joint hypermobility"
    },
    "evidence": [{
      "evidenceCode": {
        "id": "ECO:0000033",
        "label": "author statement supported by traceable reference"
      },
      "reference": {
        "id": "PMID:29382611",
        "description": "Novel variant in Sp7/Osx associated with recessive osteogenesis imperfecta with bone fragility and hearing impairment"
      }
    }]
  }, {
    "type": {
      "id": "HP:0000407",
      "label": "Sensorineural hearing impairment"
    },
    "evidence": [{
      "evidenceCode": {
        "id": "ECO:0000033",
        "label": "author statement supported by traceable reference"
      },
      "reference": {
        "id": "PMID:29382611",
        "description": "Novel variant in Sp7/Osx associated with recessive osteogenesis imperfecta with bone fragility and hearing impairment"
      }
    }]
  }, {
    "type": {
      "id": "HP:0000411",
      "label": "Protruding ear"
    },
    "evidence": [{
      "evidenceCode": {
        "id": "ECO:0000033",
        "label": "author statement supported by traceable reference"
      },
      "reference": {
        "id": "PMID:29382611",
        "description": "Novel variant in Sp7/Osx associated with recessive osteogenesis imperfecta with bone fragility and hearing impairment"
      }
    }]
  }, {
    "type": {
      "id": "HP:0000218",
      "label": "High palate"
    },
    "evidence": [{
      "evidenceCode": {
        "id": "ECO:0000033",
        "label": "author statement supported by traceable reference"
      },
      "reference": {
        "id": "PMID:29382611",
        "description": "Novel variant in Sp7/Osx associated with recessive osteogenesis imperfecta with bone fragility and hearing impairment"
      }
    }]
  }, {
    "type": {
      "id": "HP:0000703",
      "label": "Dentinogenesis imperfecta"
    },
    "negated": true,
    "evidence": [{
      "evidenceCode": {
        "id": "ECO:0000033",
        "label": "author statement supported by traceable reference"
      },
      "reference": {
        "id": "PMID:29382611",
        "description": "Novel variant in Sp7/Osx associated with recessive osteogenesis imperfecta with bone fragility and hearing impairment"
      }
    }]
  }, {
    "type": {
      "id": "HP:0002650",
      "label": "Scoliosis"
    },
    "evidence": [{
      "evidenceCode": {
        "id": "ECO:0000033",
        "label": "author statement supported by traceable reference"
      },
      "reference": {
        "id": "PMID:29382611",
        "description": "Novel variant in Sp7/Osx associated with recessive osteogenesis imperfecta with bone fragility and hearing impairment"
      }
    }]
  }, {
    "type": {
      "id": "HP:0000684",
      "label": "Delayed eruption of teeth"
    },
    "evidence": [{
      "evidenceCode": {
        "id": "ECO:0000033",
        "label": "author statement supported by traceable reference"
      },
      "reference": {
        "id": "PMID:29382611",
        "description": "Novel variant in Sp7/Osx associated with recessive osteogenesis imperfecta with bone fragility and hearing impairment"
      }
    }]
  }, {
    "type": {
      "id": "HP:0002757",
      "label": "Recurrent fractures"
    },
    "evidence": [{
      "evidenceCode": {
        "id": "ECO:0000033",
        "label": "author statement supported by traceable reference"
      },
      "reference": {
        "id": "PMID:29382611",
        "description": "Novel variant in Sp7/Osx associated with recessive osteogenesis imperfecta with bone fragility and hearing impairment"
      }
    }]
  }, {
    "type": {
      "id": "HP:0004349",
      "label": "Reduced bone mineral density"
    },
    "evidence": [{
      "evidenceCode": {
        "id": "ECO:0000033",
        "label": "author statement supported by traceable reference"
      },
      "reference": {
        "id": "PMID:29382611",
        "description": "Novel variant in Sp7/Osx associated with recessive osteogenesis imperfecta with bone fragility and hearing impairment"
      }
    }]
  }, {
    "type": {
      "id": "HP:0004592",
      "label": "Thoracic platyspondyly"
    },
    "evidence": [{
      "evidenceCode": {
        "id": "ECO:0000033",
        "label": "author statement supported by traceable reference"
      },
      "reference": {
        "id": "PMID:29382611",
        "description": "Novel variant in Sp7/Osx associated with recessive osteogenesis imperfecta with bone fragility and hearing impairment"
      }
    }]
  }, {
    "type": {
      "id": "HP:0011800",
      "label": "Midface retrusion"
    },
    "evidence": [{
      "evidenceCode": {
        "id": "ECO:0000033",
        "label": "author statement supported by traceable reference"
      },
      "reference": {
        "id": "PMID:29382611",
        "description": "Novel variant in Sp7/Osx associated with recessive osteogenesis imperfecta with bone fragility and hearing impairment"
      }
    }]
  }, {
    "type": {
      "id": "HP:0011220",
      "label": "Prominent forehead"
    },
    "evidence": [{
      "evidenceCode": {
        "id": "ECO:0000033",
        "label": "author statement supported by traceable reference"
      },
      "reference": {
        "id": "PMID:29382611",
        "description": "Novel variant in Sp7/Osx associated with recessive osteogenesis imperfecta with bone fragility and hearing impairment"
      }
    }]
  }, {
    "type": {
      "id": "HP:0000336",
      "label": "Prominent supraorbital ridges"
    },
    "evidence": [{
      "evidenceCode": {
        "id": "ECO:0000033",
        "label": "author statement supported by traceable reference"
      },
      "reference": {
        "id": "PMID:29382611",
        "description": "Novel variant in Sp7/Osx associated with recessive osteogenesis imperfecta with bone fragility and hearing impairment"
      }
    }]
  }, {
    "type": {
      "id": "HP:0000160",
      "label": "Narrow mouth"
    },
    "evidence": [{
      "evidenceCode": {
        "id": "ECO:0000033",
        "label": "author statement supported by traceable reference"
      },
      "reference": {
        "id": "PMID:29382611",
        "description": "Novel variant in Sp7/Osx associated with recessive osteogenesis imperfecta with bone fragility and hearing impairment"
      }
    }]
  }, {
    "type": {
      "id": "HP:0005280",
      "label": "Depressed nasal bridge"
    },
    "evidence": [{
      "evidenceCode": {
        "id": "ECO:0000033",
        "label": "author statement supported by traceable reference"
      },
      "reference": {
        "id": "PMID:29382611",
        "description": "Novel variant in Sp7/Osx associated with recessive osteogenesis imperfecta with bone fragility and hearing impairment"
      }
    }]
  }, {
    "type": {
      "id": "HP:0004322",
      "label": "Short stature"
    },
    "evidence": [{
      "evidenceCode": {
        "id": "ECO:0000033",
        "label": "author statement supported by traceable reference"
      },
      "reference": {
        "id": "PMID:29382611",
        "description": "Novel variant in Sp7/Osx associated with recessive osteogenesis imperfecta with bone fragility and hearing impairment"
      }
    }]
  }],
  "genes": [{
    "id": "NCBIGene:121340",
    "symbol": "SP7"
  }],
  "variants": [{
    "vcfAllele": {
      "genomeAssembly": "GRCh37",
      "chr": "12",
      "pos": 53722280,
      "ref": "G",
      "alt": "A"
    },
    "zygosity": {
      "id": "GENO:0000136",
      "label": "homozygous"
    }
  }],
  "diseases": [{
    "term": {
      "id": "OMIM:613849",
      "label": "OSTEOGENESIS IMPERFECTA, TYPE XII; OI12"
    }
  }],
  "metaData": {
    "createdBy": "Hpo Case Annotator : 1.0.13",
    "submittedBy": "HP:probinson",
    "resources": [{
      "id": "hp",
      "name": "human phenotype ontology",
      "url": "http://purl.obolibrary.org/obo/hp.owl",
      "version": "2018-03-08",
      "namespacePrefix": "HP",
      "iriPrefix": "http://purl.obolibrary.org/obo/HP_"
    }, {
      "id": "pato",
      "name": "Phenotype And Trait Ontology",
      "url": "http://purl.obolibrary.org/obo/pato.owl",
      "version": "2018-03-28",
      "namespacePrefix": "PATO",
      "iriPrefix": "http://purl.obolibrary.org/obo/PATO_"
    }, {
      "id": "geno",
      "name": "Genotype Ontology",
      "url": "http://purl.obolibrary.org/obo/geno.owl",
      "version": "19-03-2018",
      "namespacePrefix": "GENO",
      "iriPrefix": "http://purl.obolibrary.org/obo/GENO_"
    }, {
      "id": "ncbitaxon",
      "name": "NCBI organismal classification",
      "url": "http://purl.obolibrary.org/obo/ncbitaxon.owl",
      "version": "2018-03-02",
      "namespacePrefix": "NCBITaxon"
    }, {
      "id": "eco",
      "name": "Evidence and Conclusion Ontology",
      "url": "http://purl.obolibrary.org/obo/eco.owl",
      "version": "2018-11-10",
      "namespacePrefix": "ECO",
      "iriPrefix": "http://purl.obolibrary.org/obo/ECO_"
    }, {
      "id": "omim",
      "name": "Online Mendelian Inheritance in Man",
      "url": "https://www.omim.org",
      "namespacePrefix": "OMIM"
    }],
    "phenopacketSchemaVersion": "1.0.0-RC3",
    "externalReferences": [{
      "id": "PMID:29382611",
      "description": "Novel variant in Sp7/Osx associated with recessive osteogenesis imperfecta with bone fragility and hearing impairment"
    }]
  }
}