{
  "id": "PMID:27153400-Gan-Or-2016-CAPN1-Family_B-IV:1",
  "subject": {
    "id": "Family B-IV:1",
    "ageAtCollection": {
      "age": "P35Y"
    },
    "sex": "MALE",
    "taxonomy": {
      "id": "NCBITaxon:9606",
      "label": "Homo sapiens"
    }
  },
  "phenotypicFeatures": [{
    "type": {
      "id": "HP:0002355",
      "label": "Difficulty walking"
    },
    "evidence": [{
      "evidenceCode": {
        "id": "ECO:0000033",
        "label": "author statement supported by traceable reference"
      },
      "reference": {
        "id": "PMID:27153400",
        "description": "Mutations in CAPN1 Cause Autosomal-Recessive Hereditary Spastic Paraplegia"
      }
    }]
  }, {
    "type": {
      "id": "HP:0002600",
      "label": "Hyporeflexia of lower limbs"
    },
    "evidence": [{
      "evidenceCode": {
        "id": "ECO:0000033",
        "label": "author statement supported by traceable reference"
      },
      "reference": {
        "id": "PMID:27153400",
        "description": "Mutations in CAPN1 Cause Autosomal-Recessive Hereditary Spastic Paraplegia"
      }
    }]
  }, {
    "type": {
      "id": "HP:0002064",
      "label": "Spastic gait"
    },
    "evidence": [{
      "evidenceCode": {
        "id": "ECO:0000033",
        "label": "author statement supported by traceable reference"
      },
      "reference": {
        "id": "PMID:27153400",
        "description": "Mutations in CAPN1 Cause Autosomal-Recessive Hereditary Spastic Paraplegia"
      }
    }]
  }, {
    "type": {
      "id": "HP:0007067",
      "label": "Distal peripheral sensory neuropathy"
    },
    "evidence": [{
      "evidenceCode": {
        "id": "ECO:0000033",
        "label": "author statement supported by traceable reference"
      },
      "reference": {
        "id": "PMID:27153400",
        "description": "Mutations in CAPN1 Cause Autosomal-Recessive Hereditary Spastic Paraplegia"
      }
    }]
  }, {
    "type": {
      "id": "HP:0001258",
      "label": "Spastic paraplegia"
    },
    "evidence": [{
      "evidenceCode": {
        "id": "ECO:0000033",
        "label": "author statement supported by traceable reference"
      },
      "reference": {
        "id": "PMID:27153400",
        "description": "Mutations in CAPN1 Cause Autosomal-Recessive Hereditary Spastic Paraplegia"
      }
    }]
  }, {
    "type": {
      "id": "HP:0002460",
      "label": "Distal muscle weakness"
    },
    "evidence": [{
      "evidenceCode": {
        "id": "ECO:0000033",
        "label": "author statement supported by traceable reference"
      },
      "reference": {
        "id": "PMID:27153400",
        "description": "Mutations in CAPN1 Cause Autosomal-Recessive Hereditary Spastic Paraplegia"
      }
    }]
  }, {
    "type": {
      "id": "HP:0001260",
      "label": "Dysarthria"
    },
    "evidence": [{
      "evidenceCode": {
        "id": "ECO:0000033",
        "label": "author statement supported by traceable reference"
      },
      "reference": {
        "id": "PMID:27153400",
        "description": "Mutations in CAPN1 Cause Autosomal-Recessive Hereditary Spastic Paraplegia"
      }
    }]
  }],
  "genes": [{
    "id": "NCBIGene:823",
    "symbol": "CAPN1"
  }],
  "variants": [{
    "vcfAllele": {
      "genomeAssembly": "GRCh37",
      "chr": "11",
      "pos": 64974264,
      "ref": "C",
      "alt": "T"
    },
    "zygosity": {
      "id": "GENO:0000136",
      "label": "homozygous"
    }
  }],
  "diseases": [{
    "term": {
      "id": "OMIM:616907",
      "label": "Spastic paraplegia 76, autosomal recessive"
    }
  }],
  "metaData": {
    "createdBy": "Hpo Case Annotator : 1.0.14-SNAPSHOT",
    "submittedBy": "UNC:biocuration",
    "resources": [{
      "id": "hp",
      "name": "human phenotype ontology",
      "url": "http://purl.obolibrary.org/obo/hp.owl",
      "version": "2018-03-08",
      "namespacePrefix": "HP",
      "iriPrefix": "http://purl.obolibrary.org/obo/HP_"
    }, {
      "id": "pato",
      "name": "Phenotype And Trait Ontology",
      "url": "http://purl.obolibrary.org/obo/pato.owl",
      "version": "2018-03-28",
      "namespacePrefix": "PATO",
      "iriPrefix": "http://purl.obolibrary.org/obo/PATO_"
    }, {
      "id": "geno",
      "name": "Genotype Ontology",
      "url": "http://purl.obolibrary.org/obo/geno.owl",
      "version": "19-03-2018",
      "namespacePrefix": "GENO",
      "iriPrefix": "http://purl.obolibrary.org/obo/GENO_"
    }, {
      "id": "ncbitaxon",
      "name": "NCBI organismal classification",
      "url": "http://purl.obolibrary.org/obo/ncbitaxon.owl",
      "version": "2018-03-02",
      "namespacePrefix": "NCBITaxon"
    }, {
      "id": "eco",
      "name": "Evidence and Conclusion Ontology",
      "url": "http://purl.obolibrary.org/obo/eco.owl",
      "version": "2018-11-10",
      "namespacePrefix": "ECO",
      "iriPrefix": "http://purl.obolibrary.org/obo/ECO_"
    }, {
      "id": "omim",
      "name": "Online Mendelian Inheritance in Man",
      "url": "https://www.omim.org",
      "namespacePrefix": "OMIM"
    }],
    "phenopacketSchemaVersion": "1.0.0-RC3",
    "externalReferences": [{
      "id": "PMID:27153400",
      "description": "Mutations in CAPN1 Cause Autosomal-Recessive Hereditary Spastic Paraplegia"
    }]
  }
}