{
  "id": "PMID:31548836-Gao-2019-RUNX2-Family_D_II1",
  "subject": {
    "id": "Family_D_II1",
    "ageAtCollection": {
      "age": "P12Y"
    },
    "sex": "MALE",
    "taxonomy": {
      "id": "NCBITaxon:9606",
      "label": "Homo sapiens"
    }
  },
  "phenotypicFeatures": [{
    "type": {
      "id": "HP:0000894",
      "label": "Short clavicles"
    },
    "evidence": [{
      "evidenceCode": {
        "id": "ECO:0000033",
        "label": "author statement supported by traceable reference"
      },
      "reference": {
        "id": "PMID:31548836",
        "description": "Identification of RUNX2 variants associated with cleidocranial dysplasia"
      }
    }]
  }, {
    "type": {
      "id": "HP:0008788",
      "label": "Delayed pubic bone ossification"
    },
    "evidence": [{
      "evidenceCode": {
        "id": "ECO:0000033",
        "label": "author statement supported by traceable reference"
      },
      "reference": {
        "id": "PMID:31548836",
        "description": "Identification of RUNX2 variants associated with cleidocranial dysplasia"
      }
    }]
  }, {
    "type": {
      "id": "HP:0008804",
      "label": "Broad femoral head"
    },
    "evidence": [{
      "evidenceCode": {
        "id": "ECO:0000033",
        "label": "author statement supported by traceable reference"
      },
      "reference": {
        "id": "PMID:31548836",
        "description": "Identification of RUNX2 variants associated with cleidocranial dysplasia"
      }
    }]
  }, {
    "type": {
      "id": "HP:0006297",
      "label": "Hypoplasia of dental enamel"
    },
    "evidence": [{
      "evidenceCode": {
        "id": "ECO:0000033",
        "label": "author statement supported by traceable reference"
      },
      "reference": {
        "id": "PMID:31548836",
        "description": "Identification of RUNX2 variants associated with cleidocranial dysplasia"
      }
    }]
  }, {
    "type": {
      "id": "HP:0011800",
      "label": "Midface retrusion"
    },
    "evidence": [{
      "evidenceCode": {
        "id": "ECO:0000033",
        "label": "author statement supported by traceable reference"
      },
      "reference": {
        "id": "PMID:31548836",
        "description": "Identification of RUNX2 variants associated with cleidocranial dysplasia"
      }
    }]
  }, {
    "type": {
      "id": "HP:0000774",
      "label": "Narrow chest"
    },
    "evidence": [{
      "evidenceCode": {
        "id": "ECO:0000033",
        "label": "author statement supported by traceable reference"
      },
      "reference": {
        "id": "PMID:31548836",
        "description": "Identification of RUNX2 variants associated with cleidocranial dysplasia"
      }
    }]
  }, {
    "type": {
      "id": "HP:0011223",
      "label": "Metopic depression"
    },
    "evidence": [{
      "evidenceCode": {
        "id": "ECO:0000033",
        "label": "author statement supported by traceable reference"
      },
      "reference": {
        "id": "PMID:31548836",
        "description": "Identification of RUNX2 variants associated with cleidocranial dysplasia"
      }
    }]
  }, {
    "type": {
      "id": "HP:0000680",
      "label": "Delayed eruption of primary teeth"
    },
    "evidence": [{
      "evidenceCode": {
        "id": "ECO:0000033",
        "label": "author statement supported by traceable reference"
      },
      "reference": {
        "id": "PMID:31548836",
        "description": "Identification of RUNX2 variants associated with cleidocranial dysplasia"
      }
    }]
  }, {
    "type": {
      "id": "HP:0000316",
      "label": "Hypertelorism"
    },
    "evidence": [{
      "evidenceCode": {
        "id": "ECO:0000033",
        "label": "author statement supported by traceable reference"
      },
      "reference": {
        "id": "PMID:31548836",
        "description": "Identification of RUNX2 variants associated with cleidocranial dysplasia"
      }
    }]
  }, {
    "type": {
      "id": "HP:0002007",
      "label": "Frontal bossing"
    },
    "evidence": [{
      "evidenceCode": {
        "id": "ECO:0000033",
        "label": "author statement supported by traceable reference"
      },
      "reference": {
        "id": "PMID:31548836",
        "description": "Identification of RUNX2 variants associated with cleidocranial dysplasia"
      }
    }]
  }, {
    "type": {
      "id": "HP:0002645",
      "label": "Wormian bones"
    },
    "evidence": [{
      "evidenceCode": {
        "id": "ECO:0000033",
        "label": "author statement supported by traceable reference"
      },
      "reference": {
        "id": "PMID:31548836",
        "description": "Identification of RUNX2 variants associated with cleidocranial dysplasia"
      }
    }]
  }, {
    "type": {
      "id": "HP:0002650",
      "label": "Scoliosis"
    },
    "evidence": [{
      "evidenceCode": {
        "id": "ECO:0000033",
        "label": "author statement supported by traceable reference"
      },
      "reference": {
        "id": "PMID:31548836",
        "description": "Identification of RUNX2 variants associated with cleidocranial dysplasia"
      }
    }]
  }, {
    "type": {
      "id": "HP:0005280",
      "label": "Depressed nasal bridge"
    },
    "evidence": [{
      "evidenceCode": {
        "id": "ECO:0000033",
        "label": "author statement supported by traceable reference"
      },
      "reference": {
        "id": "PMID:31548836",
        "description": "Identification of RUNX2 variants associated with cleidocranial dysplasia"
      }
    }]
  }, {
    "type": {
      "id": "HP:0004322",
      "label": "Short stature"
    },
    "evidence": [{
      "evidenceCode": {
        "id": "ECO:0000033",
        "label": "author statement supported by traceable reference"
      },
      "reference": {
        "id": "PMID:31548836",
        "description": "Identification of RUNX2 variants associated with cleidocranial dysplasia"
      }
    }]
  }, {
    "type": {
      "id": "HP:0005259",
      "label": "Abnormal facility in opposing the shoulders"
    },
    "evidence": [{
      "evidenceCode": {
        "id": "ECO:0000033",
        "label": "author statement supported by traceable reference"
      },
      "reference": {
        "id": "PMID:31548836",
        "description": "Identification of RUNX2 variants associated with cleidocranial dysplasia"
      }
    }]
  }, {
    "type": {
      "id": "HP:0002866",
      "label": "Hypoplastic iliac wing"
    },
    "evidence": [{
      "evidenceCode": {
        "id": "ECO:0000033",
        "label": "author statement supported by traceable reference"
      },
      "reference": {
        "id": "PMID:31548836",
        "description": "Identification of RUNX2 variants associated with cleidocranial dysplasia"
      }
    }]
  }, {
    "type": {
      "id": "HP:0000242",
      "label": "Parietal bossing"
    },
    "evidence": [{
      "evidenceCode": {
        "id": "ECO:0000033",
        "label": "author statement supported by traceable reference"
      },
      "reference": {
        "id": "PMID:31548836",
        "description": "Identification of RUNX2 variants associated with cleidocranial dysplasia"
      }
    }]
  }, {
    "type": {
      "id": "HP:0100864",
      "label": "Short femoral neck"
    },
    "evidence": [{
      "evidenceCode": {
        "id": "ECO:0000033",
        "label": "author statement supported by traceable reference"
      },
      "reference": {
        "id": "PMID:31548836",
        "description": "Identification of RUNX2 variants associated with cleidocranial dysplasia"
      }
    }]
  }, {
    "type": {
      "id": "HP:0000239",
      "label": "Large fontanelles"
    },
    "evidence": [{
      "evidenceCode": {
        "id": "ECO:0000033",
        "label": "author statement supported by traceable reference"
      },
      "reference": {
        "id": "PMID:31548836",
        "description": "Identification of RUNX2 variants associated with cleidocranial dysplasia"
      }
    }]
  }],
  "genes": [{
    "id": "NCBIGene:860",
    "symbol": "RUNX2"
  }],
  "variants": [{
    "vcfAllele": {
      "genomeAssembly": "GRCh37",
      "chr": "6",
      "pos": 45459710,
      "ref": "AGTTT",
      "alt": "A"
    },
    "zygosity": {
      "id": "GENO:0000135",
      "label": "heterozygous"
    }
  }],
  "diseases": [{
    "term": {
      "id": "OMIM:119600",
      "label": "CLEIDOCRANIAL DYSPLASIA; CCD"
    }
  }],
  "metaData": {
    "createdBy": "Hpo Case Annotator : 1.0.14-SNAPSHOT",
    "submittedBy": "HPO:probinson",
    "resources": [{
      "id": "hp",
      "name": "human phenotype ontology",
      "url": "http://purl.obolibrary.org/obo/hp.owl",
      "version": "2018-03-08",
      "namespacePrefix": "HP",
      "iriPrefix": "http://purl.obolibrary.org/obo/HP_"
    }, {
      "id": "pato",
      "name": "Phenotype And Trait Ontology",
      "url": "http://purl.obolibrary.org/obo/pato.owl",
      "version": "2018-03-28",
      "namespacePrefix": "PATO",
      "iriPrefix": "http://purl.obolibrary.org/obo/PATO_"
    }, {
      "id": "geno",
      "name": "Genotype Ontology",
      "url": "http://purl.obolibrary.org/obo/geno.owl",
      "version": "19-03-2018",
      "namespacePrefix": "GENO",
      "iriPrefix": "http://purl.obolibrary.org/obo/GENO_"
    }, {
      "id": "ncbitaxon",
      "name": "NCBI organismal classification",
      "url": "http://purl.obolibrary.org/obo/ncbitaxon.owl",
      "version": "2018-03-02",
      "namespacePrefix": "NCBITaxon"
    }, {
      "id": "eco",
      "name": "Evidence and Conclusion Ontology",
      "url": "http://purl.obolibrary.org/obo/eco.owl",
      "version": "2018-11-10",
      "namespacePrefix": "ECO",
      "iriPrefix": "http://purl.obolibrary.org/obo/ECO_"
    }, {
      "id": "omim",
      "name": "Online Mendelian Inheritance in Man",
      "url": "https://www.omim.org",
      "namespacePrefix": "OMIM"
    }],
    "phenopacketSchemaVersion": "1.0.0-RC3",
    "externalReferences": [{
      "id": "PMID:31548836",
      "description": "Identification of RUNX2 variants associated with cleidocranial dysplasia"
    }]
  }
}