{
  "id": "PMID:30658709-Ge-2019-TJP2-proband",
  "subject": {
    "id": "proband",
    "ageAtCollection": {
      "age": "P1Y11M"
    },
    "sex": "FEMALE",
    "taxonomy": {
      "id": "NCBITaxon:9606",
      "label": "Homo sapiens"
    }
  },
  "phenotypicFeatures": [{
    "type": {
      "id": "HP:0031964",
      "label": "Elevated serum alanine aminotransferase"
    },
    "evidence": [{
      "evidenceCode": {
        "id": "ECO:0000033",
        "label": "author statement supported by traceable reference"
      },
      "reference": {
        "id": "PMID:30658709",
        "description": "Novel compound heterozygote mutations of TJP2 in a Chinese child with progressive cholestatic liver disease"
      }
    }]
  }, {
    "type": {
      "id": "HP:0003112",
      "label": "Abnormality of serum amino acid level"
    },
    "negated": true,
    "evidence": [{
      "evidenceCode": {
        "id": "ECO:0000033",
        "label": "author statement supported by traceable reference"
      },
      "reference": {
        "id": "PMID:30658709",
        "description": "Novel compound heterozygote mutations of TJP2 in a Chinese child with progressive cholestatic liver disease"
      }
    }]
  }, {
    "type": {
      "id": "HP:0000952",
      "label": "Jaundice"
    },
    "evidence": [{
      "evidenceCode": {
        "id": "ECO:0000033",
        "label": "author statement supported by traceable reference"
      },
      "reference": {
        "id": "PMID:30658709",
        "description": "Novel compound heterozygote mutations of TJP2 in a Chinese child with progressive cholestatic liver disease"
      }
    }]
  }, {
    "type": {
      "id": "HP:0000989",
      "label": "Pruritus"
    },
    "evidence": [{
      "evidenceCode": {
        "id": "ECO:0000033",
        "label": "author statement supported by traceable reference"
      },
      "reference": {
        "id": "PMID:30658709",
        "description": "Novel compound heterozygote mutations of TJP2 in a Chinese child with progressive cholestatic liver disease"
      }
    }]
  }, {
    "type": {
      "id": "HP:0012202",
      "label": "Increased serum bile acid concentration"
    },
    "evidence": [{
      "evidenceCode": {
        "id": "ECO:0000033",
        "label": "author statement supported by traceable reference"
      },
      "reference": {
        "id": "PMID:30658709",
        "description": "Novel compound heterozygote mutations of TJP2 in a Chinese child with progressive cholestatic liver disease"
      }
    }]
  }, {
    "type": {
      "id": "HP:0002240",
      "label": "Hepatomegaly"
    },
    "evidence": [{
      "evidenceCode": {
        "id": "ECO:0000033",
        "label": "author statement supported by traceable reference"
      },
      "reference": {
        "id": "PMID:30658709",
        "description": "Novel compound heterozygote mutations of TJP2 in a Chinese child with progressive cholestatic liver disease"
      }
    }]
  }, {
    "type": {
      "id": "HP:0001433",
      "label": "Hepatosplenomegaly"
    },
    "evidence": [{
      "evidenceCode": {
        "id": "ECO:0000033",
        "label": "author statement supported by traceable reference"
      },
      "reference": {
        "id": "PMID:30658709",
        "description": "Novel compound heterozygote mutations of TJP2 in a Chinese child with progressive cholestatic liver disease"
      }
    }]
  }, {
    "type": {
      "id": "HP:0002650",
      "label": "Scoliosis"
    },
    "negated": true,
    "evidence": [{
      "evidenceCode": {
        "id": "ECO:0000033",
        "label": "author statement supported by traceable reference"
      },
      "reference": {
        "id": "PMID:30658709",
        "description": "Novel compound heterozygote mutations of TJP2 in a Chinese child with progressive cholestatic liver disease"
      }
    }]
  }, {
    "type": {
      "id": "HP:0100810",
      "label": "Pointed helix"
    },
    "evidence": [{
      "evidenceCode": {
        "id": "ECO:0000033",
        "label": "author statement supported by traceable reference"
      },
      "reference": {
        "id": "PMID:30658709",
        "description": "Novel compound heterozygote mutations of TJP2 in a Chinese child with progressive cholestatic liver disease"
      }
    }]
  }, {
    "type": {
      "id": "HP:0010701",
      "label": "Abnormal immunoglobulin level"
    },
    "negated": true,
    "evidence": [{
      "evidenceCode": {
        "id": "ECO:0000033",
        "label": "author statement supported by traceable reference"
      },
      "reference": {
        "id": "PMID:30658709",
        "description": "Novel compound heterozygote mutations of TJP2 in a Chinese child with progressive cholestatic liver disease"
      }
    }]
  }, {
    "type": {
      "id": "HP:0002908",
      "label": "Conjugated hyperbilirubinemia"
    },
    "evidence": [{
      "evidenceCode": {
        "id": "ECO:0000033",
        "label": "author statement supported by traceable reference"
      },
      "reference": {
        "id": "PMID:30658709",
        "description": "Novel compound heterozygote mutations of TJP2 in a Chinese child with progressive cholestatic liver disease"
      }
    }]
  }, {
    "type": {
      "id": "HP:0003573",
      "label": "Increased total bilirubin"
    },
    "evidence": [{
      "evidenceCode": {
        "id": "ECO:0000033",
        "label": "author statement supported by traceable reference"
      },
      "reference": {
        "id": "PMID:30658709",
        "description": "Novel compound heterozygote mutations of TJP2 in a Chinese child with progressive cholestatic liver disease"
      }
    }]
  }, {
    "type": {
      "id": "HP:0001510",
      "label": "Growth delay"
    },
    "evidence": [{
      "evidenceCode": {
        "id": "ECO:0000033",
        "label": "author statement supported by traceable reference"
      },
      "reference": {
        "id": "PMID:30658709",
        "description": "Novel compound heterozygote mutations of TJP2 in a Chinese child with progressive cholestatic liver disease"
      }
    }]
  }, {
    "type": {
      "id": "HP:0001627",
      "label": "Abnormal heart morphology"
    },
    "negated": true,
    "evidence": [{
      "evidenceCode": {
        "id": "ECO:0000033",
        "label": "author statement supported by traceable reference"
      },
      "reference": {
        "id": "PMID:30658709",
        "description": "Novel compound heterozygote mutations of TJP2 in a Chinese child with progressive cholestatic liver disease"
      }
    }]
  }, {
    "type": {
      "id": "HP:0001396",
      "label": "Cholestasis"
    },
    "evidence": [{
      "evidenceCode": {
        "id": "ECO:0000033",
        "label": "author statement supported by traceable reference"
      },
      "reference": {
        "id": "PMID:30658709",
        "description": "Novel compound heterozygote mutations of TJP2 in a Chinese child with progressive cholestatic liver disease"
      }
    }]
  }, {
    "type": {
      "id": "HP:0031956",
      "label": "Elevated serum aspartate aminotransferase"
    },
    "evidence": [{
      "evidenceCode": {
        "id": "ECO:0000033",
        "label": "author statement supported by traceable reference"
      },
      "reference": {
        "id": "PMID:30658709",
        "description": "Novel compound heterozygote mutations of TJP2 in a Chinese child with progressive cholestatic liver disease"
      }
    }]
  }, {
    "type": {
      "id": "HP:0001928",
      "label": "Abnormality of coagulation"
    },
    "negated": true,
    "evidence": [{
      "evidenceCode": {
        "id": "ECO:0000033",
        "label": "author statement supported by traceable reference"
      },
      "reference": {
        "id": "PMID:30658709",
        "description": "Novel compound heterozygote mutations of TJP2 in a Chinese child with progressive cholestatic liver disease"
      }
    }]
  }],
  "genes": [{
    "id": "NCBIGene:9414",
    "symbol": "TJP2"
  }],
  "variants": [{
    "vcfAllele": {
      "genomeAssembly": "GRCh37",
      "chr": "9",
      "pos": 71853706,
      "ref": "G",
      "alt": "C"
    },
    "zygosity": {
      "id": "GENO:0000135",
      "label": "heterozygous"
    }
  }, {
    "vcfAllele": {
      "genomeAssembly": "GRCh37",
      "chr": "9",
      "pos": 71855042,
      "ref": "AC",
      "alt": "A"
    },
    "zygosity": {
      "id": "GENO:0000135",
      "label": "heterozygous"
    }
  }],
  "diseases": [{
    "term": {
      "id": "OMIM:615878",
      "label": "CHOLESTASIS, PROGRESSIVE FAMILIAL INTRAHEPATIC, 4; PFIC4"
    }
  }],
  "metaData": {
    "createdBy": "Hpo Case Annotator : 1.0.13-SNAPSHOT",
    "submittedBy": "HPO:probinson",
    "resources": [{
      "id": "hp",
      "name": "human phenotype ontology",
      "url": "http://purl.obolibrary.org/obo/hp.owl",
      "version": "2018-03-08",
      "namespacePrefix": "HP",
      "iriPrefix": "http://purl.obolibrary.org/obo/HP_"
    }, {
      "id": "pato",
      "name": "Phenotype And Trait Ontology",
      "url": "http://purl.obolibrary.org/obo/pato.owl",
      "version": "2018-03-28",
      "namespacePrefix": "PATO",
      "iriPrefix": "http://purl.obolibrary.org/obo/PATO_"
    }, {
      "id": "geno",
      "name": "Genotype Ontology",
      "url": "http://purl.obolibrary.org/obo/geno.owl",
      "version": "19-03-2018",
      "namespacePrefix": "GENO",
      "iriPrefix": "http://purl.obolibrary.org/obo/GENO_"
    }, {
      "id": "ncbitaxon",
      "name": "NCBI organismal classification",
      "url": "http://purl.obolibrary.org/obo/ncbitaxon.owl",
      "version": "2018-03-02",
      "namespacePrefix": "NCBITaxon"
    }, {
      "id": "eco",
      "name": "Evidence and Conclusion Ontology",
      "url": "http://purl.obolibrary.org/obo/eco.owl",
      "version": "2018-11-10",
      "namespacePrefix": "ECO",
      "iriPrefix": "http://purl.obolibrary.org/obo/ECO_"
    }, {
      "id": "omim",
      "name": "Online Mendelian Inheritance in Man",
      "url": "https://www.omim.org",
      "namespacePrefix": "OMIM"
    }],
    "phenopacketSchemaVersion": "1.0.0-RC3",
    "externalReferences": [{
      "id": "PMID:30658709",
      "description": "Novel compound heterozygote mutations of TJP2 in a Chinese child with progressive cholestatic liver disease"
    }]
  }
}