{
  "id": "PMID:9354794-Gebbia-1997-ZIC3-III-1",
  "subject": {
    "id": "III-1",
    "ageAtCollection": {
      "age": "7W"
    },
    "sex": "MALE",
    "taxonomy": {
      "id": "NCBITaxon:9606",
      "label": "Homo sapiens"
    }
  },
  "phenotypicFeatures": [{
    "type": {
      "id": "HP:0002139",
      "label": "Arrhinencephaly"
    },
    "evidence": [{
      "evidenceCode": {
        "id": "ECO:0000033",
        "label": "author statement supported by traceable reference"
      },
      "reference": {
        "id": "PMID:9354794",
        "description": "X-linked situs abnormalities result from mutations in ZIC3"
      }
    }]
  }, {
    "type": {
      "id": "HP:0001750",
      "label": "Single ventricle"
    },
    "evidence": [{
      "evidenceCode": {
        "id": "ECO:0000033",
        "label": "author statement supported by traceable reference"
      },
      "reference": {
        "id": "PMID:9354794",
        "description": "X-linked situs abnormalities result from mutations in ZIC3"
      }
    }]
  }, {
    "type": {
      "id": "HP:0001643",
      "label": "Patent ductus arteriosus"
    },
    "evidence": [{
      "evidenceCode": {
        "id": "ECO:0000033",
        "label": "author statement supported by traceable reference"
      },
      "reference": {
        "id": "PMID:9354794",
        "description": "X-linked situs abnormalities result from mutations in ZIC3"
      }
    }]
  }, {
    "type": {
      "id": "HP:0001746",
      "label": "Asplenia"
    },
    "evidence": [{
      "evidenceCode": {
        "id": "ECO:0000033",
        "label": "author statement supported by traceable reference"
      },
      "reference": {
        "id": "PMID:9354794",
        "description": "X-linked situs abnormalities result from mutations in ZIC3"
      }
    }]
  }, {
    "type": {
      "id": "HP:0004971",
      "label": "Pulmonary artery hypoplasia"
    },
    "evidence": [{
      "evidenceCode": {
        "id": "ECO:0000033",
        "label": "author statement supported by traceable reference"
      },
      "reference": {
        "id": "PMID:9354794",
        "description": "X-linked situs abnormalities result from mutations in ZIC3"
      }
    }]
  }, {
    "type": {
      "id": "HP:0001674",
      "label": "Complete atrioventricular canal defect"
    },
    "evidence": [{
      "evidenceCode": {
        "id": "ECO:0000033",
        "label": "author statement supported by traceable reference"
      },
      "reference": {
        "id": "PMID:9354794",
        "description": "X-linked situs abnormalities result from mutations in ZIC3"
      }
    }]
  }, {
    "type": {
      "id": "HP:0001669",
      "label": "Transposition of the great arteries"
    },
    "evidence": [{
      "evidenceCode": {
        "id": "ECO:0000033",
        "label": "author statement supported by traceable reference"
      },
      "reference": {
        "id": "PMID:9354794",
        "description": "X-linked situs abnormalities result from mutations in ZIC3"
      }
    }]
  }, {
    "type": {
      "id": "HP:0012890",
      "label": "Posteriorly placed anus"
    },
    "evidence": [{
      "evidenceCode": {
        "id": "ECO:0000033",
        "label": "author statement supported by traceable reference"
      },
      "reference": {
        "id": "PMID:9354794",
        "description": "X-linked situs abnormalities result from mutations in ZIC3"
      }
    }]
  }, {
    "type": {
      "id": "HP:0001629",
      "label": "Ventricular septal defect"
    },
    "evidence": [{
      "evidenceCode": {
        "id": "ECO:0000033",
        "label": "author statement supported by traceable reference"
      },
      "reference": {
        "id": "PMID:9354794",
        "description": "X-linked situs abnormalities result from mutations in ZIC3"
      }
    }]
  }, {
    "type": {
      "id": "HP:0012262",
      "label": "Abnormal ciliary motility"
    },
    "negated": true,
    "evidence": [{
      "evidenceCode": {
        "id": "ECO:0000033",
        "label": "author statement supported by traceable reference"
      },
      "reference": {
        "id": "PMID:9354794",
        "description": "X-linked situs abnormalities result from mutations in ZIC3"
      }
    }]
  }, {
    "type": {
      "id": "HP:0004935",
      "label": "Pulmonary artery atresia"
    },
    "evidence": [{
      "evidenceCode": {
        "id": "ECO:0000033",
        "label": "author statement supported by traceable reference"
      },
      "reference": {
        "id": "PMID:9354794",
        "description": "X-linked situs abnormalities result from mutations in ZIC3"
      }
    }]
  }, {
    "type": {
      "id": "HP:0003363",
      "label": "Abdominal situs inversus"
    },
    "evidence": [{
      "evidenceCode": {
        "id": "ECO:0000033",
        "label": "author statement supported by traceable reference"
      },
      "reference": {
        "id": "PMID:9354794",
        "description": "X-linked situs abnormalities result from mutations in ZIC3"
      }
    }]
  }],
  "genes": [{
    "id": "NCBIGene:7547",
    "symbol": "ZIC3"
  }],
  "variants": [{
    "vcfAllele": {
      "genomeAssembly": "GRCh37",
      "chr": "X",
      "pos": 136649818,
      "ref": "C",
      "alt": "T"
    },
    "zygosity": {
      "id": "GENO:0000134",
      "label": "hemizygous"
    }
  }],
  "diseases": [{
    "term": {
      "id": "OMIM:306955",
      "label": "HETEROTAXY, VISCERAL, 1, X-LINKED; HTX1"
    }
  }],
  "metaData": {
    "submittedBy": "HPO:probinson",
    "resources": [{
      "id": "hp",
      "name": "human phenotype ontology",
      "url": "http://purl.obolibrary.org/obo/hp.owl",
      "version": "2018-03-08",
      "namespacePrefix": "HP",
      "iriPrefix": "http://purl.obolibrary.org/obo/HP_"
    }, {
      "id": "pato",
      "name": "Phenotype And Trait Ontology",
      "url": "http://purl.obolibrary.org/obo/pato.owl",
      "version": "2018-03-28",
      "namespacePrefix": "PATO",
      "iriPrefix": "http://purl.obolibrary.org/obo/PATO_"
    }, {
      "id": "geno",
      "name": "Genotype Ontology",
      "url": "http://purl.obolibrary.org/obo/geno.owl",
      "version": "19-03-2018",
      "namespacePrefix": "GENO",
      "iriPrefix": "http://purl.obolibrary.org/obo/GENO_"
    }, {
      "id": "ncbitaxon",
      "name": "NCBI organismal classification",
      "url": "http://purl.obolibrary.org/obo/ncbitaxon.owl",
      "version": "2018-03-02",
      "namespacePrefix": "NCBITaxon"
    }, {
      "id": "eco",
      "name": "Evidence and Conclusion Ontology",
      "url": "http://purl.obolibrary.org/obo/eco.owl",
      "version": "2018-11-10",
      "namespacePrefix": "ECO",
      "iriPrefix": "http://purl.obolibrary.org/obo/ECO_"
    }, {
      "id": "omim",
      "name": "Online Mendelian Inheritance in Man",
      "url": "https://www.omim.org",
      "namespacePrefix": "OMIM"
    }],
    "phenopacketSchemaVersion": "1.0.0-RC3",
    "externalReferences": [{
      "id": "PMID:9354794",
      "description": "X-linked situs abnormalities result from mutations in ZIC3"
    }]
  }
}