{
  "id": "PMID:28966590-Geiger-2017-TUBB2B-proband",
  "subject": {
    "id": "proband",
    "ageAtCollection": {
      "age": "P31Y"
    },
    "sex": "FEMALE",
    "taxonomy": {
      "id": "NCBITaxon:9606",
      "label": "Homo sapiens"
    }
  },
  "phenotypicFeatures": [{
    "type": {
      "id": "HP:0003487",
      "label": "Babinski sign"
    },
    "negated": true,
    "evidence": [{
      "evidenceCode": {
        "id": "ECO:0000033",
        "label": "author statement supported by traceable reference"
      },
      "reference": {
        "id": "PMID:28966590",
        "description": "TUBB2B Mutation in an Adult Patient with Myoclonus-Dystonia"
      }
    }]
  }, {
    "type": {
      "id": "HP:0003808",
      "label": "Abnormal muscle tone"
    },
    "negated": true,
    "evidence": [{
      "evidenceCode": {
        "id": "ECO:0000033",
        "label": "author statement supported by traceable reference"
      },
      "reference": {
        "id": "PMID:28966590",
        "description": "TUBB2B Mutation in an Adult Patient with Myoclonus-Dystonia"
      }
    }]
  }, {
    "type": {
      "id": "HP:0007033",
      "label": "Cerebellar dysplasia"
    },
    "evidence": [{
      "evidenceCode": {
        "id": "ECO:0000033",
        "label": "author statement supported by traceable reference"
      },
      "reference": {
        "id": "PMID:28966590",
        "description": "TUBB2B Mutation in an Adult Patient with Myoclonus-Dystonia"
      }
    }]
  }, {
    "type": {
      "id": "HP:0001347",
      "label": "Hyperreflexia"
    },
    "negated": true,
    "evidence": [{
      "evidenceCode": {
        "id": "ECO:0000033",
        "label": "author statement supported by traceable reference"
      },
      "reference": {
        "id": "PMID:28966590",
        "description": "TUBB2B Mutation in an Adult Patient with Myoclonus-Dystonia"
      }
    }]
  }, {
    "type": {
      "id": "HP:0001302",
      "label": "Pachygyria"
    },
    "evidence": [{
      "evidenceCode": {
        "id": "ECO:0000033",
        "label": "author statement supported by traceable reference"
      },
      "reference": {
        "id": "PMID:28966590",
        "description": "TUBB2B Mutation in an Adult Patient with Myoclonus-Dystonia"
      }
    }]
  }, {
    "type": {
      "id": "HP:0000473",
      "label": "Torticollis"
    },
    "evidence": [{
      "evidenceCode": {
        "id": "ECO:0000033",
        "label": "author statement supported by traceable reference"
      },
      "reference": {
        "id": "PMID:28966590",
        "description": "TUBB2B Mutation in an Adult Patient with Myoclonus-Dystonia"
      }
    }]
  }, {
    "type": {
      "id": "HP:0002174",
      "label": "Postural tremor"
    },
    "evidence": [{
      "evidenceCode": {
        "id": "ECO:0000033",
        "label": "author statement supported by traceable reference"
      },
      "reference": {
        "id": "PMID:28966590",
        "description": "TUBB2B Mutation in an Adult Patient with Myoclonus-Dystonia"
      }
    }]
  }, {
    "type": {
      "id": "HP:0007018",
      "label": "Attention deficit hyperactivity disorder"
    },
    "evidence": [{
      "evidenceCode": {
        "id": "ECO:0000033",
        "label": "author statement supported by traceable reference"
      },
      "reference": {
        "id": "PMID:28966590",
        "description": "TUBB2B Mutation in an Adult Patient with Myoclonus-Dystonia"
      }
    }]
  }, {
    "type": {
      "id": "HP:0100021",
      "label": "Cerebral palsy"
    },
    "evidence": [{
      "evidenceCode": {
        "id": "ECO:0000033",
        "label": "author statement supported by traceable reference"
      },
      "reference": {
        "id": "PMID:28966590",
        "description": "TUBB2B Mutation in an Adult Patient with Myoclonus-Dystonia"
      }
    }]
  }, {
    "type": {
      "id": "HP:0002857",
      "label": "Genu valgum"
    },
    "evidence": [{
      "evidenceCode": {
        "id": "ECO:0000033",
        "label": "author statement supported by traceable reference"
      },
      "reference": {
        "id": "PMID:28966590",
        "description": "TUBB2B Mutation in an Adult Patient with Myoclonus-Dystonia"
      }
    }]
  }, {
    "type": {
      "id": "HP:0001339",
      "label": "Lissencephaly"
    },
    "evidence": [{
      "evidenceCode": {
        "id": "ECO:0000033",
        "label": "author statement supported by traceable reference"
      },
      "reference": {
        "id": "PMID:28966590",
        "description": "TUBB2B Mutation in an Adult Patient with Myoclonus-Dystonia"
      }
    }]
  }, {
    "type": {
      "id": "HP:0100543",
      "label": "Cognitive impairment"
    },
    "evidence": [{
      "evidenceCode": {
        "id": "ECO:0000033",
        "label": "author statement supported by traceable reference"
      },
      "reference": {
        "id": "PMID:28966590",
        "description": "TUBB2B Mutation in an Adult Patient with Myoclonus-Dystonia"
      }
    }]
  }, {
    "type": {
      "id": "HP:0001385",
      "label": "Hip dysplasia"
    },
    "evidence": [{
      "evidenceCode": {
        "id": "ECO:0000033",
        "label": "author statement supported by traceable reference"
      },
      "reference": {
        "id": "PMID:28966590",
        "description": "TUBB2B Mutation in an Adult Patient with Myoclonus-Dystonia"
      }
    }]
  }, {
    "type": {
      "id": "HP:0003307",
      "label": "Hyperlordosis"
    },
    "evidence": [{
      "evidenceCode": {
        "id": "ECO:0000033",
        "label": "author statement supported by traceable reference"
      },
      "reference": {
        "id": "PMID:28966590",
        "description": "TUBB2B Mutation in an Adult Patient with Myoclonus-Dystonia"
      }
    }]
  }, {
    "type": {
      "id": "HP:0006956",
      "label": "Dilation of lateral ventricles"
    },
    "evidence": [{
      "evidenceCode": {
        "id": "ECO:0000033",
        "label": "author statement supported by traceable reference"
      },
      "reference": {
        "id": "PMID:28966590",
        "description": "TUBB2B Mutation in an Adult Patient with Myoclonus-Dystonia"
      }
    }]
  }, {
    "type": {
      "id": "HP:0001336",
      "label": "Myoclonus"
    },
    "evidence": [{
      "evidenceCode": {
        "id": "ECO:0000033",
        "label": "author statement supported by traceable reference"
      },
      "reference": {
        "id": "PMID:28966590",
        "description": "TUBB2B Mutation in an Adult Patient with Myoclonus-Dystonia"
      }
    }]
  }, {
    "type": {
      "id": "HP:0002069",
      "label": "Generalized tonic-clonic seizures"
    },
    "evidence": [{
      "evidenceCode": {
        "id": "ECO:0000033",
        "label": "author statement supported by traceable reference"
      },
      "reference": {
        "id": "PMID:28966590",
        "description": "TUBB2B Mutation in an Adult Patient with Myoclonus-Dystonia"
      }
    }]
  }, {
    "type": {
      "id": "HP:0001270",
      "label": "Motor delay"
    },
    "evidence": [{
      "evidenceCode": {
        "id": "ECO:0000033",
        "label": "author statement supported by traceable reference"
      },
      "reference": {
        "id": "PMID:28966590",
        "description": "TUBB2B Mutation in an Adult Patient with Myoclonus-Dystonia"
      }
    }]
  }],
  "genes": [{
    "id": "NCBIGene:347733",
    "symbol": "TUBB2B"
  }],
  "variants": [{
    "vcfAllele": {
      "genomeAssembly": "GRCh37",
      "chr": "6",
      "pos": 3225601,
      "ref": "C",
      "alt": "T"
    },
    "zygosity": {
      "id": "GENO:0000135",
      "label": "heterozygous"
    }
  }],
  "diseases": [{
    "term": {
      "id": "OMIM:610031",
      "label": "POLYMICROGYRIA, SYMMETRIC OR ASYMMETRIC; PMGYSA"
    }
  }],
  "metaData": {
    "createdBy": "Hpo Case Annotator : 1.0.13-SNAPSHOT",
    "submittedBy": "HPO:probinson",
    "resources": [{
      "id": "hp",
      "name": "human phenotype ontology",
      "url": "http://purl.obolibrary.org/obo/hp.owl",
      "version": "2018-03-08",
      "namespacePrefix": "HP",
      "iriPrefix": "http://purl.obolibrary.org/obo/HP_"
    }, {
      "id": "pato",
      "name": "Phenotype And Trait Ontology",
      "url": "http://purl.obolibrary.org/obo/pato.owl",
      "version": "2018-03-28",
      "namespacePrefix": "PATO",
      "iriPrefix": "http://purl.obolibrary.org/obo/PATO_"
    }, {
      "id": "geno",
      "name": "Genotype Ontology",
      "url": "http://purl.obolibrary.org/obo/geno.owl",
      "version": "19-03-2018",
      "namespacePrefix": "GENO",
      "iriPrefix": "http://purl.obolibrary.org/obo/GENO_"
    }, {
      "id": "ncbitaxon",
      "name": "NCBI organismal classification",
      "url": "http://purl.obolibrary.org/obo/ncbitaxon.owl",
      "version": "2018-03-02",
      "namespacePrefix": "NCBITaxon"
    }, {
      "id": "eco",
      "name": "Evidence and Conclusion Ontology",
      "url": "http://purl.obolibrary.org/obo/eco.owl",
      "version": "2018-11-10",
      "namespacePrefix": "ECO",
      "iriPrefix": "http://purl.obolibrary.org/obo/ECO_"
    }, {
      "id": "omim",
      "name": "Online Mendelian Inheritance in Man",
      "url": "https://www.omim.org",
      "namespacePrefix": "OMIM"
    }],
    "phenopacketSchemaVersion": "1.0.0-RC3",
    "externalReferences": [{
      "id": "PMID:28966590",
      "description": "TUBB2B Mutation in an Adult Patient with Myoclonus-Dystonia"
    }]
  }
}