{
  "id": "PMID:19541485-Gerding-2009-LITAF-Proband",
  "subject": {
    "id": "Proband",
    "ageAtCollection": {
      "age": "P57Y"
    },
    "sex": "FEMALE",
    "taxonomy": {
      "id": "NCBITaxon:9606",
      "label": "Homo sapiens"
    }
  },
  "phenotypicFeatures": [{
    "type": {
      "id": "HP:0007078",
      "label": "Decreased amplitude of sensory action potentials"
    },
    "evidence": [{
      "evidenceCode": {
        "id": "ECO:0000033",
        "label": "author statement supported by traceable reference"
      },
      "reference": {
        "id": "PMID:19541485",
        "description": "Hereditary motor and sensory neuropathy caused by a novel mutation in LITAF"
      }
    }]
  }, {
    "type": {
      "id": "HP:0003474",
      "label": "Sensory impairment"
    },
    "evidence": [{
      "evidenceCode": {
        "id": "ECO:0000033",
        "label": "author statement supported by traceable reference"
      },
      "reference": {
        "id": "PMID:19541485",
        "description": "Hereditary motor and sensory neuropathy caused by a novel mutation in LITAF"
      }
    }]
  }, {
    "type": {
      "id": "HP:0002403",
      "label": "Positive Romberg sign"
    },
    "evidence": [{
      "evidenceCode": {
        "id": "ECO:0000033",
        "label": "author statement supported by traceable reference"
      },
      "reference": {
        "id": "PMID:19541485",
        "description": "Hereditary motor and sensory neuropathy caused by a novel mutation in LITAF"
      }
    }]
  }, {
    "type": {
      "id": "HP:0031910",
      "label": "Abnormal cranial nerve physiology"
    },
    "negated": true,
    "evidence": [{
      "evidenceCode": {
        "id": "ECO:0000033",
        "label": "author statement supported by traceable reference"
      },
      "reference": {
        "id": "PMID:19541485",
        "description": "Hereditary motor and sensory neuropathy caused by a novel mutation in LITAF"
      }
    }]
  }, {
    "type": {
      "id": "HP:0100543",
      "label": "Cognitive impairment"
    },
    "negated": true,
    "evidence": [{
      "evidenceCode": {
        "id": "ECO:0000033",
        "label": "author statement supported by traceable reference"
      },
      "reference": {
        "id": "PMID:19541485",
        "description": "Hereditary motor and sensory neuropathy caused by a novel mutation in LITAF"
      }
    }]
  }, {
    "type": {
      "id": "HP:0002070",
      "label": "Limb ataxia"
    },
    "negated": true,
    "evidence": [{
      "evidenceCode": {
        "id": "ECO:0000033",
        "label": "author statement supported by traceable reference"
      },
      "reference": {
        "id": "PMID:19541485",
        "description": "Hereditary motor and sensory neuropathy caused by a novel mutation in LITAF"
      }
    }]
  }, {
    "type": {
      "id": "HP:0007141",
      "label": "Sensorimotor neuropathy"
    },
    "evidence": [{
      "evidenceCode": {
        "id": "ECO:0000033",
        "label": "author statement supported by traceable reference"
      },
      "reference": {
        "id": "PMID:19541485",
        "description": "Hereditary motor and sensory neuropathy caused by a novel mutation in LITAF"
      }
    }]
  }, {
    "type": {
      "id": "HP:0001761",
      "label": "Pes cavus"
    },
    "evidence": [{
      "evidenceCode": {
        "id": "ECO:0000033",
        "label": "author statement supported by traceable reference"
      },
      "reference": {
        "id": "PMID:19541485",
        "description": "Hereditary motor and sensory neuropathy caused by a novel mutation in LITAF"
      }
    }]
  }, {
    "type": {
      "id": "HP:0003401",
      "label": "Paresthesia"
    },
    "evidence": [{
      "evidenceCode": {
        "id": "ECO:0000033",
        "label": "author statement supported by traceable reference"
      },
      "reference": {
        "id": "PMID:19541485",
        "description": "Hereditary motor and sensory neuropathy caused by a novel mutation in LITAF"
      }
    }]
  }, {
    "type": {
      "id": "HP:0002073",
      "label": "Progressive cerebellar ataxia"
    },
    "evidence": [{
      "evidenceCode": {
        "id": "ECO:0000033",
        "label": "author statement supported by traceable reference"
      },
      "reference": {
        "id": "PMID:19541485",
        "description": "Hereditary motor and sensory neuropathy caused by a novel mutation in LITAF"
      }
    }]
  }, {
    "type": {
      "id": "HP:0000762",
      "label": "Decreased nerve conduction velocity"
    },
    "evidence": [{
      "evidenceCode": {
        "id": "ECO:0000033",
        "label": "author statement supported by traceable reference"
      },
      "reference": {
        "id": "PMID:19541485",
        "description": "Hereditary motor and sensory neuropathy caused by a novel mutation in LITAF"
      }
    }]
  }, {
    "type": {
      "id": "HP:0009053",
      "label": "Distal lower limb muscle weakness"
    },
    "evidence": [{
      "evidenceCode": {
        "id": "ECO:0000033",
        "label": "author statement supported by traceable reference"
      },
      "reference": {
        "id": "PMID:19541485",
        "description": "Hereditary motor and sensory neuropathy caused by a novel mutation in LITAF"
      }
    }]
  }, {
    "type": {
      "id": "HP:0000649",
      "label": "Abnormality of visual evoked potentials"
    },
    "negated": true,
    "evidence": [{
      "evidenceCode": {
        "id": "ECO:0000033",
        "label": "author statement supported by traceable reference"
      },
      "reference": {
        "id": "PMID:19541485",
        "description": "Hereditary motor and sensory neuropathy caused by a novel mutation in LITAF"
      }
    }]
  }, {
    "type": {
      "id": "HP:0002066",
      "label": "Gait ataxia"
    },
    "evidence": [{
      "evidenceCode": {
        "id": "ECO:0000033",
        "label": "author statement supported by traceable reference"
      },
      "reference": {
        "id": "PMID:19541485",
        "description": "Hereditary motor and sensory neuropathy caused by a novel mutation in LITAF"
      }
    }]
  }],
  "genes": [{
    "id": "NCBIGene:9516",
    "symbol": "LITAF"
  }],
  "variants": [{
    "vcfAllele": {
      "genomeAssembly": "GRCh37",
      "chr": "16",
      "pos": 11643549,
      "ref": "C",
      "alt": "T"
    },
    "zygosity": {
      "id": "GENO:0000135",
      "label": "heterozygous"
    }
  }],
  "diseases": [{
    "term": {
      "id": "OMIM:601098",
      "label": "CHARCOT-MARIE-TOOTH DISEASE, DEMYELINATING, TYPE 1C; CMT1C"
    }
  }],
  "metaData": {
    "createdBy": "Hpo Case Annotator : 1.0.13-SNAPSHOT",
    "submittedBy": "HPO:probinson",
    "resources": [{
      "id": "hp",
      "name": "human phenotype ontology",
      "url": "http://purl.obolibrary.org/obo/hp.owl",
      "version": "2018-03-08",
      "namespacePrefix": "HP",
      "iriPrefix": "http://purl.obolibrary.org/obo/HP_"
    }, {
      "id": "pato",
      "name": "Phenotype And Trait Ontology",
      "url": "http://purl.obolibrary.org/obo/pato.owl",
      "version": "2018-03-28",
      "namespacePrefix": "PATO",
      "iriPrefix": "http://purl.obolibrary.org/obo/PATO_"
    }, {
      "id": "geno",
      "name": "Genotype Ontology",
      "url": "http://purl.obolibrary.org/obo/geno.owl",
      "version": "19-03-2018",
      "namespacePrefix": "GENO",
      "iriPrefix": "http://purl.obolibrary.org/obo/GENO_"
    }, {
      "id": "ncbitaxon",
      "name": "NCBI organismal classification",
      "url": "http://purl.obolibrary.org/obo/ncbitaxon.owl",
      "version": "2018-03-02",
      "namespacePrefix": "NCBITaxon"
    }, {
      "id": "eco",
      "name": "Evidence and Conclusion Ontology",
      "url": "http://purl.obolibrary.org/obo/eco.owl",
      "version": "2018-11-10",
      "namespacePrefix": "ECO",
      "iriPrefix": "http://purl.obolibrary.org/obo/ECO_"
    }, {
      "id": "omim",
      "name": "Online Mendelian Inheritance in Man",
      "url": "https://www.omim.org",
      "namespacePrefix": "OMIM"
    }],
    "phenopacketSchemaVersion": "1.0.0-RC3",
    "externalReferences": [{
      "id": "PMID:19541485",
      "description": "Hereditary motor and sensory neuropathy caused by a novel mutation in LITAF"
    }]
  }
}