{
  "id": "PMID:26667307-Gong-2015-CBS-III:3",
  "subject": {
    "id": "III:3",
    "ageAtCollection": {
      "age": "7Y"
    },
    "sex": "FEMALE",
    "taxonomy": {
      "id": "NCBITaxon:9606",
      "label": "Homo sapiens"
    }
  },
  "phenotypicFeatures": [{
    "type": {
      "id": "HP:0000577",
      "label": "Exotropia"
    },
    "evidence": [{
      "evidenceCode": {
        "id": "ECO:0000033",
        "label": "author statement supported by traceable reference"
      },
      "reference": {
        "id": "PMID:26667307",
        "description": "Novel Compound Heterozygous CBS Mutations Cause Homocystinuria in a Han Chinese Family"
      }
    }]
  }, {
    "type": {
      "id": "HP:0001288",
      "label": "Gait disturbance"
    },
    "evidence": [{
      "evidenceCode": {
        "id": "ECO:0000033",
        "label": "author statement supported by traceable reference"
      },
      "reference": {
        "id": "PMID:26667307",
        "description": "Novel Compound Heterozygous CBS Mutations Cause Homocystinuria in a Han Chinese Family"
      }
    }]
  }, {
    "type": {
      "id": "HP:0007256",
      "label": "Abnormal pyramidal sign"
    },
    "evidence": [{
      "evidenceCode": {
        "id": "ECO:0000033",
        "label": "author statement supported by traceable reference"
      },
      "reference": {
        "id": "PMID:26667307",
        "description": "Novel Compound Heterozygous CBS Mutations Cause Homocystinuria in a Han Chinese Family"
      }
    }]
  }, {
    "type": {
      "id": "HP:0012444",
      "label": "Brain atrophy"
    },
    "evidence": [{
      "evidenceCode": {
        "id": "ECO:0000033",
        "label": "author statement supported by traceable reference"
      },
      "reference": {
        "id": "PMID:26667307",
        "description": "Novel Compound Heterozygous CBS Mutations Cause Homocystinuria in a Han Chinese Family"
      }
    }]
  }, {
    "type": {
      "id": "HP:0001251",
      "label": "Ataxia"
    },
    "evidence": [{
      "evidenceCode": {
        "id": "ECO:0000033",
        "label": "author statement supported by traceable reference"
      },
      "reference": {
        "id": "PMID:26667307",
        "description": "Novel Compound Heterozygous CBS Mutations Cause Homocystinuria in a Han Chinese Family"
      }
    }]
  }, {
    "type": {
      "id": "HP:0001260",
      "label": "Dysarthria"
    },
    "evidence": [{
      "evidenceCode": {
        "id": "ECO:0000033",
        "label": "author statement supported by traceable reference"
      },
      "reference": {
        "id": "PMID:26667307",
        "description": "Novel Compound Heterozygous CBS Mutations Cause Homocystinuria in a Han Chinese Family"
      }
    }]
  }, {
    "type": {
      "id": "HP:0001249",
      "label": "Intellectual disability"
    },
    "evidence": [{
      "evidenceCode": {
        "id": "ECO:0000033",
        "label": "author statement supported by traceable reference"
      },
      "reference": {
        "id": "PMID:26667307",
        "description": "Novel Compound Heterozygous CBS Mutations Cause Homocystinuria in a Han Chinese Family"
      }
    }]
  }, {
    "type": {
      "id": "HP:0001166",
      "label": "Arachnodactyly"
    },
    "evidence": [{
      "evidenceCode": {
        "id": "ECO:0000033",
        "label": "author statement supported by traceable reference"
      },
      "reference": {
        "id": "PMID:26667307",
        "description": "Novel Compound Heterozygous CBS Mutations Cause Homocystinuria in a Han Chinese Family"
      }
    }]
  }, {
    "type": {
      "id": "HP:0000545",
      "label": "Myopia"
    },
    "evidence": [{
      "evidenceCode": {
        "id": "ECO:0000033",
        "label": "author statement supported by traceable reference"
      },
      "reference": {
        "id": "PMID:26667307",
        "description": "Novel Compound Heterozygous CBS Mutations Cause Homocystinuria in a Han Chinese Family"
      }
    }]
  }, {
    "type": {
      "id": "HP:0030854",
      "label": "Scleral staphyloma"
    },
    "evidence": [{
      "evidenceCode": {
        "id": "ECO:0000033",
        "label": "author statement supported by traceable reference"
      },
      "reference": {
        "id": "PMID:26667307",
        "description": "Novel Compound Heterozygous CBS Mutations Cause Homocystinuria in a Han Chinese Family"
      }
    }]
  }, {
    "type": {
      "id": "HP:0001083",
      "label": "Ectopia lentis"
    },
    "evidence": [{
      "evidenceCode": {
        "id": "ECO:0000033",
        "label": "author statement supported by traceable reference"
      },
      "reference": {
        "id": "PMID:26667307",
        "description": "Novel Compound Heterozygous CBS Mutations Cause Homocystinuria in a Han Chinese Family"
      }
    }]
  }, {
    "type": {
      "id": "HP:0031284",
      "label": "Flushing"
    },
    "evidence": [{
      "evidenceCode": {
        "id": "ECO:0000033",
        "label": "author statement supported by traceable reference"
      },
      "reference": {
        "id": "PMID:26667307",
        "description": "Novel Compound Heterozygous CBS Mutations Cause Homocystinuria in a Han Chinese Family"
      }
    }]
  }],
  "genes": [{
    "id": "NCBIGene:875",
    "symbol": "CBS"
  }],
  "variants": [{
    "vcfAllele": {
      "genomeAssembly": "GRCh37",
      "chr": "21",
      "pos": 44486397,
      "ref": "A",
      "alt": "G"
    },
    "zygosity": {
      "id": "GENO:0000135",
      "label": "heterozygous"
    }
  }, {
    "vcfAllele": {
      "genomeAssembly": "GRCh37",
      "chr": "21",
      "pos": 44485784,
      "ref": "G",
      "alt": "A"
    },
    "zygosity": {
      "id": "GENO:0000135",
      "label": "heterozygous"
    }
  }],
  "diseases": [{
    "term": {
      "id": "OMIM:236200",
      "label": "HOMOCYSTINURIA DUE TO CYSTATHIONINE BETA-SYNTHASE DEFICIENCY"
    }
  }],
  "metaData": {
    "submittedBy": "HPO:probinson",
    "resources": [{
      "id": "hp",
      "name": "human phenotype ontology",
      "url": "http://purl.obolibrary.org/obo/hp.owl",
      "version": "2018-03-08",
      "namespacePrefix": "HP",
      "iriPrefix": "http://purl.obolibrary.org/obo/HP_"
    }, {
      "id": "pato",
      "name": "Phenotype And Trait Ontology",
      "url": "http://purl.obolibrary.org/obo/pato.owl",
      "version": "2018-03-28",
      "namespacePrefix": "PATO",
      "iriPrefix": "http://purl.obolibrary.org/obo/PATO_"
    }, {
      "id": "geno",
      "name": "Genotype Ontology",
      "url": "http://purl.obolibrary.org/obo/geno.owl",
      "version": "19-03-2018",
      "namespacePrefix": "GENO",
      "iriPrefix": "http://purl.obolibrary.org/obo/GENO_"
    }, {
      "id": "ncbitaxon",
      "name": "NCBI organismal classification",
      "url": "http://purl.obolibrary.org/obo/ncbitaxon.owl",
      "version": "2018-03-02",
      "namespacePrefix": "NCBITaxon"
    }, {
      "id": "eco",
      "name": "Evidence and Conclusion Ontology",
      "url": "http://purl.obolibrary.org/obo/eco.owl",
      "version": "2018-11-10",
      "namespacePrefix": "ECO",
      "iriPrefix": "http://purl.obolibrary.org/obo/ECO_"
    }, {
      "id": "omim",
      "name": "Online Mendelian Inheritance in Man",
      "url": "https://www.omim.org",
      "namespacePrefix": "OMIM"
    }],
    "phenopacketSchemaVersion": "1.0.0-RC3",
    "externalReferences": [{
      "id": "PMID:26667307",
      "description": "Novel Compound Heterozygous CBS Mutations Cause Homocystinuria in a Han Chinese Family"
    }]
  }
}