{
  "id": "PMID:18930476-González-Pérez-2009-CAV3-I1",
  "subject": {
    "id": "I1",
    "ageAtCollection": {
      "age": "77"
    },
    "sex": "MALE",
    "taxonomy": {
      "id": "NCBITaxon:9606",
      "label": "Homo sapiens"
    }
  },
  "phenotypicFeatures": [{
    "type": {
      "id": "HP:0008981",
      "label": "Calf muscle hypertrophy"
    },
    "evidence": [{
      "evidenceCode": {
        "id": "ECO:0000033",
        "label": "author statement supported by traceable reference"
      },
      "reference": {
        "id": "PMID:18930476",
        "description": "Phenotypic variability in a Spanish family with a Caveolin-3 mutation"
      }
    }]
  }, {
    "type": {
      "id": "HP:0003128",
      "label": "Lactic acidosis"
    },
    "negated": true,
    "evidence": [{
      "evidenceCode": {
        "id": "ECO:0000033",
        "label": "author statement supported by traceable reference"
      },
      "reference": {
        "id": "PMID:18930476",
        "description": "Phenotypic variability in a Spanish family with a Caveolin-3 mutation"
      }
    }]
  }, {
    "type": {
      "id": "HP:0003393",
      "label": "Thenar muscle atrophy"
    },
    "evidence": [{
      "evidenceCode": {
        "id": "ECO:0000033",
        "label": "author statement supported by traceable reference"
      },
      "reference": {
        "id": "PMID:18930476",
        "description": "Phenotypic variability in a Spanish family with a Caveolin-3 mutation"
      }
    }]
  }, {
    "type": {
      "id": "HP:0001268",
      "label": "Mental deterioration"
    },
    "negated": true,
    "evidence": [{
      "evidenceCode": {
        "id": "ECO:0000033",
        "label": "author statement supported by traceable reference"
      },
      "reference": {
        "id": "PMID:18930476",
        "description": "Phenotypic variability in a Spanish family with a Caveolin-3 mutation"
      }
    }]
  }, {
    "type": {
      "id": "HP:0001761",
      "label": "Pes cavus"
    },
    "evidence": [{
      "evidenceCode": {
        "id": "ECO:0000033",
        "label": "author statement supported by traceable reference"
      },
      "reference": {
        "id": "PMID:18930476",
        "description": "Phenotypic variability in a Spanish family with a Caveolin-3 mutation"
      }
    }]
  }, {
    "type": {
      "id": "HP:0003259",
      "label": "Elevated serum creatinine"
    },
    "evidence": [{
      "evidenceCode": {
        "id": "ECO:0000033",
        "label": "author statement supported by traceable reference"
      },
      "reference": {
        "id": "PMID:18930476",
        "description": "Phenotypic variability in a Spanish family with a Caveolin-3 mutation"
      }
    }]
  }, {
    "type": {
      "id": "HP:0003546",
      "label": "Exercise intolerance"
    },
    "negated": true,
    "evidence": [{
      "evidenceCode": {
        "id": "ECO:0000033",
        "label": "author statement supported by traceable reference"
      },
      "reference": {
        "id": "PMID:18930476",
        "description": "Phenotypic variability in a Spanish family with a Caveolin-3 mutation"
      }
    }]
  }, {
    "type": {
      "id": "HP:0004305",
      "label": "Involuntary movements"
    },
    "negated": true,
    "evidence": [{
      "evidenceCode": {
        "id": "ECO:0000033",
        "label": "author statement supported by traceable reference"
      },
      "reference": {
        "id": "PMID:18930476",
        "description": "Phenotypic variability in a Spanish family with a Caveolin-3 mutation"
      }
    }]
  }, {
    "type": {
      "id": "HP:0003394",
      "label": "Muscle spasm"
    },
    "negated": true,
    "evidence": [{
      "evidenceCode": {
        "id": "ECO:0000033",
        "label": "author statement supported by traceable reference"
      },
      "reference": {
        "id": "PMID:18930476",
        "description": "Phenotypic variability in a Spanish family with a Caveolin-3 mutation"
      }
    }]
  }, {
    "type": {
      "id": "HP:0008954",
      "label": "Intrinsic hand muscle atrophy"
    },
    "evidence": [{
      "evidenceCode": {
        "id": "ECO:0000033",
        "label": "author statement supported by traceable reference"
      },
      "reference": {
        "id": "PMID:18930476",
        "description": "Phenotypic variability in a Spanish family with a Caveolin-3 mutation"
      }
    }]
  }, {
    "type": {
      "id": "HP:0003326",
      "label": "Myalgia"
    },
    "negated": true,
    "evidence": [{
      "evidenceCode": {
        "id": "ECO:0000033",
        "label": "author statement supported by traceable reference"
      },
      "reference": {
        "id": "PMID:18930476",
        "description": "Phenotypic variability in a Spanish family with a Caveolin-3 mutation"
      }
    }]
  }, {
    "type": {
      "id": "HP:0012378",
      "label": "Fatigue"
    },
    "negated": true,
    "evidence": [{
      "evidenceCode": {
        "id": "ECO:0000033",
        "label": "author statement supported by traceable reference"
      },
      "reference": {
        "id": "PMID:18930476",
        "description": "Phenotypic variability in a Spanish family with a Caveolin-3 mutation"
      }
    }]
  }, {
    "type": {
      "id": "HP:0031177",
      "label": "Finger flexor weakness"
    },
    "evidence": [{
      "evidenceCode": {
        "id": "ECO:0000033",
        "label": "author statement supported by traceable reference"
      },
      "reference": {
        "id": "PMID:18930476",
        "description": "Phenotypic variability in a Spanish family with a Caveolin-3 mutation"
      }
    }]
  }, {
    "type": {
      "id": "HP:0003760",
      "label": "Percussion-induced rapid rolling muscle contractions"
    },
    "evidence": [{
      "evidenceCode": {
        "id": "ECO:0000033",
        "label": "author statement supported by traceable reference"
      },
      "reference": {
        "id": "PMID:18930476",
        "description": "Phenotypic variability in a Spanish family with a Caveolin-3 mutation"
      }
    }]
  }, {
    "type": {
      "id": "HP:0009130",
      "label": "Hand muscle atrophy"
    },
    "evidence": [{
      "evidenceCode": {
        "id": "ECO:0000033",
        "label": "author statement supported by traceable reference"
      },
      "reference": {
        "id": "PMID:18930476",
        "description": "Phenotypic variability in a Spanish family with a Caveolin-3 mutation"
      }
    }]
  }, {
    "type": {
      "id": "HP:0008959",
      "label": "Distal upper limb muscle weakness"
    },
    "evidence": [{
      "evidenceCode": {
        "id": "ECO:0000033",
        "label": "author statement supported by traceable reference"
      },
      "reference": {
        "id": "PMID:18930476",
        "description": "Phenotypic variability in a Spanish family with a Caveolin-3 mutation"
      }
    }]
  }],
  "genes": [{
    "id": "NCBIGene:859",
    "symbol": "CAV3"
  }],
  "variants": [{
    "vcfAllele": {
      "genomeAssembly": "GRCh37",
      "chr": "3",
      "pos": 8775642,
      "ref": "G",
      "alt": "A"
    },
    "zygosity": {
      "id": "GENO:0000135",
      "label": "heterozygous"
    }
  }],
  "diseases": [{
    "term": {
      "id": "OMIM:614321",
      "label": "MYOPATHY, DISTAL, TATEYAMA TYPE; MPDT"
    }
  }],
  "metaData": {
    "submittedBy": "HPO:lccarmody",
    "resources": [{
      "id": "hp",
      "name": "human phenotype ontology",
      "url": "http://purl.obolibrary.org/obo/hp.owl",
      "version": "2018-03-08",
      "namespacePrefix": "HP",
      "iriPrefix": "http://purl.obolibrary.org/obo/HP_"
    }, {
      "id": "pato",
      "name": "Phenotype And Trait Ontology",
      "url": "http://purl.obolibrary.org/obo/pato.owl",
      "version": "2018-03-28",
      "namespacePrefix": "PATO",
      "iriPrefix": "http://purl.obolibrary.org/obo/PATO_"
    }, {
      "id": "geno",
      "name": "Genotype Ontology",
      "url": "http://purl.obolibrary.org/obo/geno.owl",
      "version": "19-03-2018",
      "namespacePrefix": "GENO",
      "iriPrefix": "http://purl.obolibrary.org/obo/GENO_"
    }, {
      "id": "ncbitaxon",
      "name": "NCBI organismal classification",
      "url": "http://purl.obolibrary.org/obo/ncbitaxon.owl",
      "version": "2018-03-02",
      "namespacePrefix": "NCBITaxon"
    }, {
      "id": "eco",
      "name": "Evidence and Conclusion Ontology",
      "url": "http://purl.obolibrary.org/obo/eco.owl",
      "version": "2018-11-10",
      "namespacePrefix": "ECO",
      "iriPrefix": "http://purl.obolibrary.org/obo/ECO_"
    }, {
      "id": "omim",
      "name": "Online Mendelian Inheritance in Man",
      "url": "https://www.omim.org",
      "namespacePrefix": "OMIM"
    }],
    "phenopacketSchemaVersion": "1.0.0-RC3",
    "externalReferences": [{
      "id": "PMID:18930476",
      "description": "Phenotypic variability in a Spanish family with a Caveolin-3 mutation"
    }]
  }
}