{
  "id": "PMID:28620732-Gowda-2017-MCOLN1-6_year_old_boy",
  "subject": {
    "id": "6 year old boy",
    "ageAtCollection": {
      "age": "6Y"
    },
    "sex": "MALE",
    "taxonomy": {
      "id": "NCBITaxon:9606",
      "label": "Homo sapiens"
    }
  },
  "phenotypicFeatures": [{
    "type": {
      "id": "HP:0001263",
      "label": "Global developmental delay"
    },
    "evidence": [{
      "evidenceCode": {
        "id": "ECO:0000033",
        "label": "author statement supported by traceable reference"
      },
      "reference": {
        "id": "PMID:28620732",
        "description": "Mucolipidosis Type IV Due to Novel MCOLN1 Mutation"
      }
    }]
  }, {
    "type": {
      "id": "HP:0001272",
      "label": "Cerebellar atrophy"
    },
    "evidence": [{
      "evidenceCode": {
        "id": "ECO:0000033",
        "label": "author statement supported by traceable reference"
      },
      "reference": {
        "id": "PMID:28620732",
        "description": "Mucolipidosis Type IV Due to Novel MCOLN1 Mutation"
      }
    }]
  }, {
    "type": {
      "id": "HP:0002079",
      "label": "Hypoplasia of the corpus callosum"
    },
    "evidence": [{
      "evidenceCode": {
        "id": "ECO:0000033",
        "label": "author statement supported by traceable reference"
      },
      "reference": {
        "id": "PMID:28620732",
        "description": "Mucolipidosis Type IV Due to Novel MCOLN1 Mutation"
      }
    }]
  }, {
    "type": {
      "id": "HP:0000639",
      "label": "Nystagmus"
    },
    "evidence": [{
      "evidenceCode": {
        "id": "ECO:0000033",
        "label": "author statement supported by traceable reference"
      },
      "reference": {
        "id": "PMID:28620732",
        "description": "Mucolipidosis Type IV Due to Novel MCOLN1 Mutation"
      }
    }]
  }, {
    "type": {
      "id": "HP:0000252",
      "label": "Microcephaly"
    },
    "evidence": [{
      "evidenceCode": {
        "id": "ECO:0000033",
        "label": "author statement supported by traceable reference"
      },
      "reference": {
        "id": "PMID:28620732",
        "description": "Mucolipidosis Type IV Due to Novel MCOLN1 Mutation"
      }
    }]
  }, {
    "type": {
      "id": "HP:0000543",
      "label": "Optic disc pallor"
    },
    "evidence": [{
      "evidenceCode": {
        "id": "ECO:0000033",
        "label": "author statement supported by traceable reference"
      },
      "reference": {
        "id": "PMID:28620732",
        "description": "Mucolipidosis Type IV Due to Novel MCOLN1 Mutation"
      }
    }]
  }, {
    "type": {
      "id": "HP:0030890",
      "label": "Hyperintensity of cerebral white matter on MRI"
    },
    "evidence": [{
      "evidenceCode": {
        "id": "ECO:0000033",
        "label": "author statement supported by traceable reference"
      },
      "reference": {
        "id": "PMID:28620732",
        "description": "Mucolipidosis Type IV Due to Novel MCOLN1 Mutation"
      }
    }]
  }, {
    "type": {
      "id": "HP:0000485",
      "label": "Megalocornea"
    },
    "evidence": [{
      "evidenceCode": {
        "id": "ECO:0000033",
        "label": "author statement supported by traceable reference"
      },
      "reference": {
        "id": "PMID:28620732",
        "description": "Mucolipidosis Type IV Due to Novel MCOLN1 Mutation"
      }
    }]
  }],
  "genes": [{
    "id": "NCBIGene:57192",
    "symbol": "MCOLN1"
  }],
  "variants": [{
    "vcfAllele": {
      "genomeAssembly": "GRCh37",
      "chr": "19",
      "pos": 7592840,
      "ref": "C",
      "alt": "CC"
    },
    "zygosity": {
      "id": "GENO:0000136",
      "label": "homozygous"
    }
  }],
  "diseases": [{
    "term": {
      "id": "OMIM:252650",
      "label": "MUCOLIPIDOSIS IV; ML4"
    }
  }],
  "metaData": {
    "submittedBy": "HPO:probinson",
    "resources": [{
      "id": "hp",
      "name": "human phenotype ontology",
      "url": "http://purl.obolibrary.org/obo/hp.owl",
      "version": "2018-03-08",
      "namespacePrefix": "HP",
      "iriPrefix": "http://purl.obolibrary.org/obo/HP_"
    }, {
      "id": "pato",
      "name": "Phenotype And Trait Ontology",
      "url": "http://purl.obolibrary.org/obo/pato.owl",
      "version": "2018-03-28",
      "namespacePrefix": "PATO",
      "iriPrefix": "http://purl.obolibrary.org/obo/PATO_"
    }, {
      "id": "geno",
      "name": "Genotype Ontology",
      "url": "http://purl.obolibrary.org/obo/geno.owl",
      "version": "19-03-2018",
      "namespacePrefix": "GENO",
      "iriPrefix": "http://purl.obolibrary.org/obo/GENO_"
    }, {
      "id": "ncbitaxon",
      "name": "NCBI organismal classification",
      "url": "http://purl.obolibrary.org/obo/ncbitaxon.owl",
      "version": "2018-03-02",
      "namespacePrefix": "NCBITaxon"
    }, {
      "id": "eco",
      "name": "Evidence and Conclusion Ontology",
      "url": "http://purl.obolibrary.org/obo/eco.owl",
      "version": "2018-11-10",
      "namespacePrefix": "ECO",
      "iriPrefix": "http://purl.obolibrary.org/obo/ECO_"
    }, {
      "id": "omim",
      "name": "Online Mendelian Inheritance in Man",
      "url": "https://www.omim.org",
      "namespacePrefix": "OMIM"
    }],
    "phenopacketSchemaVersion": "1.0.0-RC3",
    "externalReferences": [{
      "id": "PMID:28620732",
      "description": "Mucolipidosis Type IV Due to Novel MCOLN1 Mutation"
    }]
  }
}