{
  "id": "PMID:26044242-Grumach-2015-CARD9-Patient",
  "subject": {
    "id": "Patient",
    "ageAtCollection": {
      "age": "P24Y"
    },
    "sex": "MALE",
    "taxonomy": {
      "id": "NCBITaxon:9606",
      "label": "Homo sapiens"
    }
  },
  "phenotypicFeatures": [{
    "type": {
      "id": "HP:0003212",
      "label": "Increased circulating total IgE level"
    },
    "evidence": [{
      "evidenceCode": {
        "id": "ECO:0000033",
        "label": "author statement supported by traceable reference"
      },
      "reference": {
        "id": "PMID:26044242",
        "description": "A homozygous CARD9 mutation in a Brazilian patient with deep dermatophytosis"
      }
    }]
  }, {
    "type": {
      "id": "HP:0001880",
      "label": "Eosinophilia"
    },
    "evidence": [{
      "evidenceCode": {
        "id": "ECO:0000033",
        "label": "author statement supported by traceable reference"
      },
      "reference": {
        "id": "PMID:26044242",
        "description": "A homozygous CARD9 mutation in a Brazilian patient with deep dermatophytosis"
      }
    }]
  }, {
    "type": {
      "id": "HP:0003237",
      "label": "Increased circulating IgG level"
    },
    "evidence": [{
      "evidenceCode": {
        "id": "ECO:0000033",
        "label": "author statement supported by traceable reference"
      },
      "reference": {
        "id": "PMID:26044242",
        "description": "A homozygous CARD9 mutation in a Brazilian patient with deep dermatophytosis"
      }
    }]
  }, {
    "type": {
      "id": "HP:0001888",
      "label": "Lymphopenia"
    },
    "negated": true,
    "evidence": [{
      "evidenceCode": {
        "id": "ECO:0000033",
        "label": "author statement supported by traceable reference"
      },
      "reference": {
        "id": "PMID:26044242",
        "description": "A homozygous CARD9 mutation in a Brazilian patient with deep dermatophytosis"
      }
    }]
  }, {
    "type": {
      "id": "HP:0031393",
      "label": "Abnormal proportion of CD8 T cells"
    },
    "negated": true,
    "evidence": [{
      "evidenceCode": {
        "id": "ECO:0000033",
        "label": "author statement supported by traceable reference"
      },
      "reference": {
        "id": "PMID:26044242",
        "description": "A homozygous CARD9 mutation in a Brazilian patient with deep dermatophytosis"
      }
    }]
  }, {
    "type": {
      "id": "HP:0008404",
      "label": "Nail dystrophy"
    },
    "evidence": [{
      "evidenceCode": {
        "id": "ECO:0000033",
        "label": "author statement supported by traceable reference"
      },
      "reference": {
        "id": "PMID:26044242",
        "description": "A homozygous CARD9 mutation in a Brazilian patient with deep dermatophytosis"
      }
    }]
  }, {
    "type": {
      "id": "HP:0009098",
      "label": "Chronic oral candidiasis"
    },
    "evidence": [{
      "evidenceCode": {
        "id": "ECO:0000033",
        "label": "author statement supported by traceable reference"
      },
      "reference": {
        "id": "PMID:26044242",
        "description": "A homozygous CARD9 mutation in a Brazilian patient with deep dermatophytosis"
      }
    }]
  }, {
    "type": {
      "id": "HP:0031392",
      "label": "Abnormal proportion of CD4 T cells"
    },
    "negated": true,
    "evidence": [{
      "evidenceCode": {
        "id": "ECO:0000033",
        "label": "author statement supported by traceable reference"
      },
      "reference": {
        "id": "PMID:26044242",
        "description": "A homozygous CARD9 mutation in a Brazilian patient with deep dermatophytosis"
      }
    }]
  }],
  "genes": [{
    "id": "NCBIGene:64170",
    "symbol": "CARD9"
  }],
  "variants": [{
    "vcfAllele": {
      "genomeAssembly": "GRCh37",
      "chr": "9",
      "pos": 139265796,
      "ref": "C",
      "alt": "A"
    },
    "zygosity": {
      "id": "GENO:0000136",
      "label": "homozygous"
    }
  }],
  "diseases": [{
    "term": {
      "id": "OMIM:212050",
      "label": "CANDIDIASIS, FAMILIAL, 2; CANDF2"
    }
  }],
  "metaData": {
    "createdBy": "Hpo Case Annotator : 1.0.13-SNAPSHOT",
    "submittedBy": "HPO:probinson",
    "resources": [{
      "id": "hp",
      "name": "human phenotype ontology",
      "url": "http://purl.obolibrary.org/obo/hp.owl",
      "version": "2018-03-08",
      "namespacePrefix": "HP",
      "iriPrefix": "http://purl.obolibrary.org/obo/HP_"
    }, {
      "id": "pato",
      "name": "Phenotype And Trait Ontology",
      "url": "http://purl.obolibrary.org/obo/pato.owl",
      "version": "2018-03-28",
      "namespacePrefix": "PATO",
      "iriPrefix": "http://purl.obolibrary.org/obo/PATO_"
    }, {
      "id": "geno",
      "name": "Genotype Ontology",
      "url": "http://purl.obolibrary.org/obo/geno.owl",
      "version": "19-03-2018",
      "namespacePrefix": "GENO",
      "iriPrefix": "http://purl.obolibrary.org/obo/GENO_"
    }, {
      "id": "ncbitaxon",
      "name": "NCBI organismal classification",
      "url": "http://purl.obolibrary.org/obo/ncbitaxon.owl",
      "version": "2018-03-02",
      "namespacePrefix": "NCBITaxon"
    }, {
      "id": "eco",
      "name": "Evidence and Conclusion Ontology",
      "url": "http://purl.obolibrary.org/obo/eco.owl",
      "version": "2018-11-10",
      "namespacePrefix": "ECO",
      "iriPrefix": "http://purl.obolibrary.org/obo/ECO_"
    }, {
      "id": "omim",
      "name": "Online Mendelian Inheritance in Man",
      "url": "https://www.omim.org",
      "namespacePrefix": "OMIM"
    }],
    "phenopacketSchemaVersion": "1.0.0-RC3",
    "externalReferences": [{
      "id": "PMID:26044242",
      "description": "A homozygous CARD9 mutation in a Brazilian patient with deep dermatophytosis"
    }]
  }
}