{
  "id": "PMID:27275012-Guerreiro-2016-TBCK-II-3",
  "subject": {
    "id": "II-3",
    "ageAtCollection": {
      "age": "P16Y"
    },
    "sex": "MALE",
    "taxonomy": {
      "id": "NCBITaxon:9606",
      "label": "Homo sapiens"
    }
  },
  "phenotypicFeatures": [{
    "type": {
      "id": "HP:0006191",
      "label": "Deep palmar crease"
    },
    "evidence": [{
      "evidenceCode": {
        "id": "ECO:0000033",
        "label": "author statement supported by traceable reference"
      },
      "reference": {
        "id": "PMID:27275012",
        "description": "Mutation of TBCK causes a rare recessive developmental disorder"
      }
    }]
  }, {
    "type": {
      "id": "HP:0003739",
      "label": "Myoclonic spasms"
    },
    "evidence": [{
      "evidenceCode": {
        "id": "ECO:0000033",
        "label": "author statement supported by traceable reference"
      },
      "reference": {
        "id": "PMID:27275012",
        "description": "Mutation of TBCK causes a rare recessive developmental disorder"
      }
    }]
  }, {
    "type": {
      "id": "HP:0001263",
      "label": "Global developmental delay"
    },
    "evidence": [{
      "evidenceCode": {
        "id": "ECO:0000033",
        "label": "author statement supported by traceable reference"
      },
      "reference": {
        "id": "PMID:27275012",
        "description": "Mutation of TBCK causes a rare recessive developmental disorder"
      }
    }]
  }, {
    "type": {
      "id": "HP:0002069",
      "label": "Generalized tonic-clonic seizures"
    },
    "evidence": [{
      "evidenceCode": {
        "id": "ECO:0000033",
        "label": "author statement supported by traceable reference"
      },
      "reference": {
        "id": "PMID:27275012",
        "description": "Mutation of TBCK causes a rare recessive developmental disorder"
      }
    }]
  }, {
    "type": {
      "id": "HP:0002353",
      "label": "EEG abnormality"
    },
    "evidence": [{
      "evidenceCode": {
        "id": "ECO:0000033",
        "label": "author statement supported by traceable reference"
      },
      "reference": {
        "id": "PMID:27275012",
        "description": "Mutation of TBCK causes a rare recessive developmental disorder"
      }
    }]
  }, {
    "type": {
      "id": "HP:0006380",
      "label": "Knee flexion contracture"
    },
    "evidence": [{
      "evidenceCode": {
        "id": "ECO:0000033",
        "label": "author statement supported by traceable reference"
      },
      "reference": {
        "id": "PMID:27275012",
        "description": "Mutation of TBCK causes a rare recessive developmental disorder"
      }
    }]
  }, {
    "type": {
      "id": "HP:0002421",
      "label": "Poor head control"
    },
    "evidence": [{
      "evidenceCode": {
        "id": "ECO:0000033",
        "label": "author statement supported by traceable reference"
      },
      "reference": {
        "id": "PMID:27275012",
        "description": "Mutation of TBCK causes a rare recessive developmental disorder"
      }
    }]
  }, {
    "type": {
      "id": "HP:0000248",
      "label": "Brachycephaly"
    },
    "evidence": [{
      "evidenceCode": {
        "id": "ECO:0000033",
        "label": "author statement supported by traceable reference"
      },
      "reference": {
        "id": "PMID:27275012",
        "description": "Mutation of TBCK causes a rare recessive developmental disorder"
      }
    }]
  }, {
    "type": {
      "id": "HP:0000826",
      "label": "Precocious puberty"
    },
    "evidence": [{
      "evidenceCode": {
        "id": "ECO:0000033",
        "label": "author statement supported by traceable reference"
      },
      "reference": {
        "id": "PMID:27275012",
        "description": "Mutation of TBCK causes a rare recessive developmental disorder"
      }
    }]
  }, {
    "type": {
      "id": "HP:0001290",
      "label": "Generalized hypotonia"
    },
    "evidence": [{
      "evidenceCode": {
        "id": "ECO:0000033",
        "label": "author statement supported by traceable reference"
      },
      "reference": {
        "id": "PMID:27275012",
        "description": "Mutation of TBCK causes a rare recessive developmental disorder"
      }
    }]
  }, {
    "type": {
      "id": "HP:0000954",
      "label": "Single transverse palmar crease"
    },
    "evidence": [{
      "evidenceCode": {
        "id": "ECO:0000033",
        "label": "author statement supported by traceable reference"
      },
      "reference": {
        "id": "PMID:27275012",
        "description": "Mutation of TBCK causes a rare recessive developmental disorder"
      }
    }]
  }, {
    "type": {
      "id": "HP:0000384",
      "label": "Preauricular skin tag"
    },
    "evidence": [{
      "evidenceCode": {
        "id": "ECO:0000033",
        "label": "author statement supported by traceable reference"
      },
      "reference": {
        "id": "PMID:27275012",
        "description": "Mutation of TBCK causes a rare recessive developmental disorder"
      }
    }]
  }, {
    "type": {
      "id": "HP:0008947",
      "label": "Infantile muscular hypotonia"
    },
    "evidence": [{
      "evidenceCode": {
        "id": "ECO:0000033",
        "label": "author statement supported by traceable reference"
      },
      "reference": {
        "id": "PMID:27275012",
        "description": "Mutation of TBCK causes a rare recessive developmental disorder"
      }
    }]
  }, {
    "type": {
      "id": "HP:0001239",
      "label": "Wrist flexion contracture"
    },
    "evidence": [{
      "evidenceCode": {
        "id": "ECO:0000033",
        "label": "author statement supported by traceable reference"
      },
      "reference": {
        "id": "PMID:27275012",
        "description": "Mutation of TBCK causes a rare recessive developmental disorder"
      }
    }]
  }, {
    "type": {
      "id": "HP:0002987",
      "label": "Elbow flexion contracture"
    },
    "evidence": [{
      "evidenceCode": {
        "id": "ECO:0000033",
        "label": "author statement supported by traceable reference"
      },
      "reference": {
        "id": "PMID:27275012",
        "description": "Mutation of TBCK causes a rare recessive developmental disorder"
      }
    }]
  }, {
    "type": {
      "id": "HP:0001845",
      "label": "Overlapping toe"
    },
    "evidence": [{
      "evidenceCode": {
        "id": "ECO:0000033",
        "label": "author statement supported by traceable reference"
      },
      "reference": {
        "id": "PMID:27275012",
        "description": "Mutation of TBCK causes a rare recessive developmental disorder"
      }
    }]
  }, {
    "type": {
      "id": "HP:0006829",
      "label": "Severe muscular hypotonia"
    },
    "evidence": [{
      "evidenceCode": {
        "id": "ECO:0000033",
        "label": "author statement supported by traceable reference"
      },
      "reference": {
        "id": "PMID:27275012",
        "description": "Mutation of TBCK causes a rare recessive developmental disorder"
      }
    }]
  }, {
    "type": {
      "id": "HP:0007359",
      "label": "Focal-onset seizure"
    },
    "evidence": [{
      "evidenceCode": {
        "id": "ECO:0000033",
        "label": "author statement supported by traceable reference"
      },
      "reference": {
        "id": "PMID:27275012",
        "description": "Mutation of TBCK causes a rare recessive developmental disorder"
      }
    }]
  }, {
    "type": {
      "id": "HP:0000486",
      "label": "Strabismus"
    },
    "evidence": [{
      "evidenceCode": {
        "id": "ECO:0000033",
        "label": "author statement supported by traceable reference"
      },
      "reference": {
        "id": "PMID:27275012",
        "description": "Mutation of TBCK causes a rare recessive developmental disorder"
      }
    }]
  }, {
    "type": {
      "id": "HP:0000639",
      "label": "Nystagmus"
    },
    "evidence": [{
      "evidenceCode": {
        "id": "ECO:0000033",
        "label": "author statement supported by traceable reference"
      },
      "reference": {
        "id": "PMID:27275012",
        "description": "Mutation of TBCK causes a rare recessive developmental disorder"
      }
    }]
  }, {
    "type": {
      "id": "HP:0000520",
      "label": "Proptosis"
    },
    "evidence": [{
      "evidenceCode": {
        "id": "ECO:0000033",
        "label": "author statement supported by traceable reference"
      },
      "reference": {
        "id": "PMID:27275012",
        "description": "Mutation of TBCK causes a rare recessive developmental disorder"
      }
    }]
  }],
  "genes": [{
    "id": "NCBIGene:93627",
    "symbol": "TBCK"
  }],
  "variants": [{
    "vcfAllele": {
      "genomeAssembly": "GRCh37",
      "chr": "4",
      "pos": 107168420,
      "ref": "CTTCA",
      "alt": "C"
    },
    "zygosity": {
      "id": "GENO:0000136",
      "label": "homozygous"
    }
  }],
  "diseases": [{
    "term": {
      "id": "OMIM:616900",
      "label": "Hypotonia, infantile, with psychomotor retardation and characteristic facies 3"
    }
  }],
  "metaData": {
    "createdBy": "Hpo Case Annotator : 1.0.14-SNAPSHOT",
    "submittedBy": "UNC:biocuration",
    "resources": [{
      "id": "hp",
      "name": "human phenotype ontology",
      "url": "http://purl.obolibrary.org/obo/hp.owl",
      "version": "2018-03-08",
      "namespacePrefix": "HP",
      "iriPrefix": "http://purl.obolibrary.org/obo/HP_"
    }, {
      "id": "pato",
      "name": "Phenotype And Trait Ontology",
      "url": "http://purl.obolibrary.org/obo/pato.owl",
      "version": "2018-03-28",
      "namespacePrefix": "PATO",
      "iriPrefix": "http://purl.obolibrary.org/obo/PATO_"
    }, {
      "id": "geno",
      "name": "Genotype Ontology",
      "url": "http://purl.obolibrary.org/obo/geno.owl",
      "version": "19-03-2018",
      "namespacePrefix": "GENO",
      "iriPrefix": "http://purl.obolibrary.org/obo/GENO_"
    }, {
      "id": "ncbitaxon",
      "name": "NCBI organismal classification",
      "url": "http://purl.obolibrary.org/obo/ncbitaxon.owl",
      "version": "2018-03-02",
      "namespacePrefix": "NCBITaxon"
    }, {
      "id": "eco",
      "name": "Evidence and Conclusion Ontology",
      "url": "http://purl.obolibrary.org/obo/eco.owl",
      "version": "2018-11-10",
      "namespacePrefix": "ECO",
      "iriPrefix": "http://purl.obolibrary.org/obo/ECO_"
    }, {
      "id": "omim",
      "name": "Online Mendelian Inheritance in Man",
      "url": "https://www.omim.org",
      "namespacePrefix": "OMIM"
    }],
    "phenopacketSchemaVersion": "1.0.0-RC3",
    "externalReferences": [{
      "id": "PMID:27275012",
      "description": "Mutation of TBCK causes a rare recessive developmental disorder"
    }]
  }
}