{
  "id": "PMID:16900296-Gul-2006-CENPJ-IV-5",
  "subject": {
    "id": "IV-5",
    "ageAtCollection": {
      "age": "P8Y"
    },
    "sex": "FEMALE",
    "taxonomy": {
      "id": "NCBITaxon:9606",
      "label": "Homo sapiens"
    }
  },
  "phenotypicFeatures": [{
    "type": {
      "id": "HP:0001270",
      "label": "Motor delay"
    },
    "negated": true,
    "evidence": [{
      "evidenceCode": {
        "id": "ECO:0000033",
        "label": "author statement supported by traceable reference"
      },
      "reference": {
        "id": "PMID:16900296",
        "description": "A novel deletion mutation in CENPJ gene in a Pakistani family with autosomal recessive primary microcephaly"
      }
    }]
  }, {
    "type": {
      "id": "HP:0002353",
      "label": "EEG abnormality"
    },
    "negated": true,
    "evidence": [{
      "evidenceCode": {
        "id": "ECO:0000033",
        "label": "author statement supported by traceable reference"
      },
      "reference": {
        "id": "PMID:16900296",
        "description": "A novel deletion mutation in CENPJ gene in a Pakistani family with autosomal recessive primary microcephaly"
      }
    }]
  }, {
    "type": {
      "id": "HP:0000252",
      "label": "Microcephaly"
    },
    "evidence": [{
      "evidenceCode": {
        "id": "ECO:0000033",
        "label": "author statement supported by traceable reference"
      },
      "reference": {
        "id": "PMID:16900296",
        "description": "A novel deletion mutation in CENPJ gene in a Pakistani family with autosomal recessive primary microcephaly"
      }
    }]
  }, {
    "type": {
      "id": "HP:0012443",
      "label": "Abnormality of brain morphology"
    },
    "negated": true,
    "evidence": [{
      "evidenceCode": {
        "id": "ECO:0000033",
        "label": "author statement supported by traceable reference"
      },
      "reference": {
        "id": "PMID:16900296",
        "description": "A novel deletion mutation in CENPJ gene in a Pakistani family with autosomal recessive primary microcephaly"
      }
    }]
  }, {
    "type": {
      "id": "HP:0010864",
      "label": "Intellectual disability, severe"
    },
    "evidence": [{
      "evidenceCode": {
        "id": "ECO:0000033",
        "label": "author statement supported by traceable reference"
      },
      "reference": {
        "id": "PMID:16900296",
        "description": "A novel deletion mutation in CENPJ gene in a Pakistani family with autosomal recessive primary microcephaly"
      }
    }]
  }, {
    "type": {
      "id": "HP:0001263",
      "label": "Global developmental delay"
    },
    "evidence": [{
      "evidenceCode": {
        "id": "ECO:0000033",
        "label": "author statement supported by traceable reference"
      },
      "reference": {
        "id": "PMID:16900296",
        "description": "A novel deletion mutation in CENPJ gene in a Pakistani family with autosomal recessive primary microcephaly"
      }
    }]
  }, {
    "type": {
      "id": "HP:0001344",
      "label": "Absent speech"
    },
    "evidence": [{
      "evidenceCode": {
        "id": "ECO:0000033",
        "label": "author statement supported by traceable reference"
      },
      "reference": {
        "id": "PMID:16900296",
        "description": "A novel deletion mutation in CENPJ gene in a Pakistani family with autosomal recessive primary microcephaly"
      }
    }]
  }],
  "genes": [{
    "id": "NCBIGene:55835",
    "symbol": "CENPJ"
  }],
  "variants": [{
    "vcfAllele": {
      "genomeAssembly": "GRCh37",
      "chr": "13",
      "pos": 25463508,
      "ref": "TCTGA",
      "alt": "T"
    },
    "zygosity": {
      "id": "GENO:0000136",
      "label": "homozygous"
    }
  }],
  "diseases": [{
    "term": {
      "id": "OMIM:608393",
      "label": "MICROCEPHALY 6, PRIMARY, AUTOSOMAL RECESSIVE; MCPH6"
    }
  }],
  "metaData": {
    "createdBy": "Hpo Case Annotator : 1.0.12-SNAPSHOT",
    "submittedBy": "HPO:probinson",
    "resources": [{
      "id": "hp",
      "name": "human phenotype ontology",
      "url": "http://purl.obolibrary.org/obo/hp.owl",
      "version": "2018-03-08",
      "namespacePrefix": "HP",
      "iriPrefix": "http://purl.obolibrary.org/obo/HP_"
    }, {
      "id": "pato",
      "name": "Phenotype And Trait Ontology",
      "url": "http://purl.obolibrary.org/obo/pato.owl",
      "version": "2018-03-28",
      "namespacePrefix": "PATO",
      "iriPrefix": "http://purl.obolibrary.org/obo/PATO_"
    }, {
      "id": "geno",
      "name": "Genotype Ontology",
      "url": "http://purl.obolibrary.org/obo/geno.owl",
      "version": "19-03-2018",
      "namespacePrefix": "GENO",
      "iriPrefix": "http://purl.obolibrary.org/obo/GENO_"
    }, {
      "id": "ncbitaxon",
      "name": "NCBI organismal classification",
      "url": "http://purl.obolibrary.org/obo/ncbitaxon.owl",
      "version": "2018-03-02",
      "namespacePrefix": "NCBITaxon"
    }, {
      "id": "eco",
      "name": "Evidence and Conclusion Ontology",
      "url": "http://purl.obolibrary.org/obo/eco.owl",
      "version": "2018-11-10",
      "namespacePrefix": "ECO",
      "iriPrefix": "http://purl.obolibrary.org/obo/ECO_"
    }, {
      "id": "omim",
      "name": "Online Mendelian Inheritance in Man",
      "url": "https://www.omim.org",
      "namespacePrefix": "OMIM"
    }],
    "phenopacketSchemaVersion": "1.0.0-RC3",
    "externalReferences": [{
      "id": "PMID:16900296",
      "description": "A novel deletion mutation in CENPJ gene in a Pakistani family with autosomal recessive primary microcephaly"
    }]
  }
}