{
  "id": "PMID:30509212-Guo-2018-KDM6A-3_month_old_boy",
  "subject": {
    "id": "3 month old boy",
    "ageAtCollection": {
      "age": "3 months"
    },
    "sex": "MALE",
    "taxonomy": {
      "id": "NCBITaxon:9606",
      "label": "Homo sapiens"
    }
  },
  "phenotypicFeatures": [{
    "type": {
      "id": "HP:0000437",
      "label": "Depressed nasal tip"
    },
    "evidence": [{
      "evidenceCode": {
        "id": "ECO:0000033",
        "label": "author statement supported by traceable reference"
      },
      "reference": {
        "id": "PMID:30509212",
        "description": "Novel KDM6A splice-site mutation in kabuki syndrome with congenital hydrocephalus: a case report"
      }
    }]
  }, {
    "type": {
      "id": "HP:0001510",
      "label": "Growth delay"
    },
    "evidence": [{
      "evidenceCode": {
        "id": "ECO:0000033",
        "label": "author statement supported by traceable reference"
      },
      "reference": {
        "id": "PMID:30509212",
        "description": "Novel KDM6A splice-site mutation in kabuki syndrome with congenital hydrocephalus: a case report"
      }
    }]
  }, {
    "type": {
      "id": "HP:0000369",
      "label": "Low-set ears"
    },
    "evidence": [{
      "evidenceCode": {
        "id": "ECO:0000033",
        "label": "author statement supported by traceable reference"
      },
      "reference": {
        "id": "PMID:30509212",
        "description": "Novel KDM6A splice-site mutation in kabuki syndrome with congenital hydrocephalus: a case report"
      }
    }]
  }, {
    "type": {
      "id": "HP:0001612",
      "label": "Weak cry"
    },
    "evidence": [{
      "evidenceCode": {
        "id": "ECO:0000033",
        "label": "author statement supported by traceable reference"
      },
      "reference": {
        "id": "PMID:30509212",
        "description": "Novel KDM6A splice-site mutation in kabuki syndrome with congenital hydrocephalus: a case report"
      }
    }]
  }, {
    "type": {
      "id": "HP:0000175",
      "label": "Cleft palate"
    },
    "evidence": [{
      "evidenceCode": {
        "id": "ECO:0000033",
        "label": "author statement supported by traceable reference"
      },
      "reference": {
        "id": "PMID:30509212",
        "description": "Novel KDM6A splice-site mutation in kabuki syndrome with congenital hydrocephalus: a case report"
      }
    }]
  }, {
    "type": {
      "id": "HP:0001623",
      "label": "Breech presentation"
    },
    "evidence": [{
      "evidenceCode": {
        "id": "ECO:0000033",
        "label": "author statement supported by traceable reference"
      },
      "reference": {
        "id": "PMID:30509212",
        "description": "Novel KDM6A splice-site mutation in kabuki syndrome with congenital hydrocephalus: a case report"
      }
    }]
  }, {
    "type": {
      "id": "HP:0007655",
      "label": "Eversion of lateral third of lower eyelids"
    },
    "evidence": [{
      "evidenceCode": {
        "id": "ECO:0000033",
        "label": "author statement supported by traceable reference"
      },
      "reference": {
        "id": "PMID:30509212",
        "description": "Novel KDM6A splice-site mutation in kabuki syndrome with congenital hydrocephalus: a case report"
      }
    }]
  }, {
    "type": {
      "id": "HP:0031508",
      "label": "Abnormal thyroid hormone level"
    },
    "negated": true,
    "evidence": [{
      "evidenceCode": {
        "id": "ECO:0000033",
        "label": "author statement supported by traceable reference"
      },
      "reference": {
        "id": "PMID:30509212",
        "description": "Novel KDM6A splice-site mutation in kabuki syndrome with congenital hydrocephalus: a case report"
      }
    }]
  }, {
    "type": {
      "id": "HP:0000411",
      "label": "Protruding ear"
    },
    "evidence": [{
      "evidenceCode": {
        "id": "ECO:0000033",
        "label": "author statement supported by traceable reference"
      },
      "reference": {
        "id": "PMID:30509212",
        "description": "Novel KDM6A splice-site mutation in kabuki syndrome with congenital hydrocephalus: a case report"
      }
    }]
  }, {
    "type": {
      "id": "HP:0008897",
      "label": "Postnatal growth retardation"
    },
    "evidence": [{
      "evidenceCode": {
        "id": "ECO:0000033",
        "label": "author statement supported by traceable reference"
      },
      "reference": {
        "id": "PMID:30509212",
        "description": "Novel KDM6A splice-site mutation in kabuki syndrome with congenital hydrocephalus: a case report"
      }
    }]
  }, {
    "type": {
      "id": "HP:0001626",
      "label": "Abnormality of the cardiovascular system"
    },
    "negated": true,
    "evidence": [{
      "evidenceCode": {
        "id": "ECO:0000033",
        "label": "author statement supported by traceable reference"
      },
      "reference": {
        "id": "PMID:30509212",
        "description": "Novel KDM6A splice-site mutation in kabuki syndrome with congenital hydrocephalus: a case report"
      }
    }]
  }, {
    "type": {
      "id": "HP:0001385",
      "label": "Hip dysplasia"
    },
    "evidence": [{
      "evidenceCode": {
        "id": "ECO:0000033",
        "label": "author statement supported by traceable reference"
      },
      "reference": {
        "id": "PMID:30509212",
        "description": "Novel KDM6A splice-site mutation in kabuki syndrome with congenital hydrocephalus: a case report"
      }
    }]
  }, {
    "type": {
      "id": "HP:0006956",
      "label": "Dilation of lateral ventricles"
    },
    "evidence": [{
      "evidenceCode": {
        "id": "ECO:0000033",
        "label": "author statement supported by traceable reference"
      },
      "reference": {
        "id": "PMID:30509212",
        "description": "Novel KDM6A splice-site mutation in kabuki syndrome with congenital hydrocephalus: a case report"
      }
    }]
  }, {
    "type": {
      "id": "HP:0001743",
      "label": "Abnormality of the spleen"
    },
    "negated": true,
    "evidence": [{
      "evidenceCode": {
        "id": "ECO:0000033",
        "label": "author statement supported by traceable reference"
      },
      "reference": {
        "id": "PMID:30509212",
        "description": "Novel KDM6A splice-site mutation in kabuki syndrome with congenital hydrocephalus: a case report"
      }
    }]
  }, {
    "type": {
      "id": "HP:0000347",
      "label": "Micrognathia"
    },
    "evidence": [{
      "evidenceCode": {
        "id": "ECO:0000033",
        "label": "author statement supported by traceable reference"
      },
      "reference": {
        "id": "PMID:30509212",
        "description": "Novel KDM6A splice-site mutation in kabuki syndrome with congenital hydrocephalus: a case report"
      }
    }]
  }, {
    "type": {
      "id": "HP:0001392",
      "label": "Abnormality of the liver"
    },
    "negated": true,
    "evidence": [{
      "evidenceCode": {
        "id": "ECO:0000033",
        "label": "author statement supported by traceable reference"
      },
      "reference": {
        "id": "PMID:30509212",
        "description": "Novel KDM6A splice-site mutation in kabuki syndrome with congenital hydrocephalus: a case report"
      }
    }]
  }, {
    "type": {
      "id": "HP:0000238",
      "label": "Hydrocephalus"
    },
    "evidence": [{
      "evidenceCode": {
        "id": "ECO:0000033",
        "label": "author statement supported by traceable reference"
      },
      "reference": {
        "id": "PMID:30509212",
        "description": "Novel KDM6A splice-site mutation in kabuki syndrome with congenital hydrocephalus: a case report"
      }
    }]
  }, {
    "type": {
      "id": "HP:0045075",
      "label": "Sparse eyebrow"
    },
    "evidence": [{
      "evidenceCode": {
        "id": "ECO:0000033",
        "label": "author statement supported by traceable reference"
      },
      "reference": {
        "id": "PMID:30509212",
        "description": "Novel KDM6A splice-site mutation in kabuki syndrome with congenital hydrocephalus: a case report"
      }
    }]
  }, {
    "type": {
      "id": "HP:0000218",
      "label": "High palate"
    },
    "evidence": [{
      "evidenceCode": {
        "id": "ECO:0000033",
        "label": "author statement supported by traceable reference"
      },
      "reference": {
        "id": "PMID:30509212",
        "description": "Novel KDM6A splice-site mutation in kabuki syndrome with congenital hydrocephalus: a case report"
      }
    }]
  }, {
    "type": {
      "id": "HP:0000637",
      "label": "Long palpebral fissure"
    },
    "evidence": [{
      "evidenceCode": {
        "id": "ECO:0000033",
        "label": "author statement supported by traceable reference"
      },
      "reference": {
        "id": "PMID:30509212",
        "description": "Novel KDM6A splice-site mutation in kabuki syndrome with congenital hydrocephalus: a case report"
      }
    }]
  }, {
    "type": {
      "id": "HP:0001290",
      "label": "Generalized hypotonia"
    },
    "evidence": [{
      "evidenceCode": {
        "id": "ECO:0000033",
        "label": "author statement supported by traceable reference"
      },
      "reference": {
        "id": "PMID:30509212",
        "description": "Novel KDM6A splice-site mutation in kabuki syndrome with congenital hydrocephalus: a case report"
      }
    }]
  }],
  "genes": [{
    "id": "NCBIGene:7403",
    "symbol": "KDM6A"
  }],
  "variants": [{
    "vcfAllele": {
      "genomeAssembly": "GRCh37",
      "chr": "X",
      "pos": 44833910,
      "ref": "G",
      "alt": "T"
    },
    "zygosity": {
      "id": "GENO:0000134",
      "label": "hemizygous"
    }
  }],
  "diseases": [{
    "term": {
      "id": "OMIM:300867",
      "label": "KABUKI SYNDROME 2; KABUK2"
    }
  }],
  "metaData": {
    "createdBy": "Hpo Case Annotator : 1.0.14-SNAPSHOT",
    "submittedBy": "HPO:probinson",
    "resources": [{
      "id": "hp",
      "name": "human phenotype ontology",
      "url": "http://purl.obolibrary.org/obo/hp.owl",
      "version": "2018-03-08",
      "namespacePrefix": "HP",
      "iriPrefix": "http://purl.obolibrary.org/obo/HP_"
    }, {
      "id": "pato",
      "name": "Phenotype And Trait Ontology",
      "url": "http://purl.obolibrary.org/obo/pato.owl",
      "version": "2018-03-28",
      "namespacePrefix": "PATO",
      "iriPrefix": "http://purl.obolibrary.org/obo/PATO_"
    }, {
      "id": "geno",
      "name": "Genotype Ontology",
      "url": "http://purl.obolibrary.org/obo/geno.owl",
      "version": "19-03-2018",
      "namespacePrefix": "GENO",
      "iriPrefix": "http://purl.obolibrary.org/obo/GENO_"
    }, {
      "id": "ncbitaxon",
      "name": "NCBI organismal classification",
      "url": "http://purl.obolibrary.org/obo/ncbitaxon.owl",
      "version": "2018-03-02",
      "namespacePrefix": "NCBITaxon"
    }, {
      "id": "eco",
      "name": "Evidence and Conclusion Ontology",
      "url": "http://purl.obolibrary.org/obo/eco.owl",
      "version": "2018-11-10",
      "namespacePrefix": "ECO",
      "iriPrefix": "http://purl.obolibrary.org/obo/ECO_"
    }, {
      "id": "omim",
      "name": "Online Mendelian Inheritance in Man",
      "url": "https://www.omim.org",
      "namespacePrefix": "OMIM"
    }],
    "phenopacketSchemaVersion": "1.0.0-RC3",
    "externalReferences": [{
      "id": "PMID:30509212",
      "description": "Novel KDM6A splice-site mutation in kabuki syndrome with congenital hydrocephalus: a case report"
    }]
  }
}