{
  "id": "PMID:27180139-Hamzeh-2016-GPSM2-case_1",
  "subject": {
    "id": "case 1",
    "ageAtCollection": {
      "age": "P12Y"
    },
    "sex": "MALE",
    "taxonomy": {
      "id": "NCBITaxon:9606",
      "label": "Homo sapiens"
    }
  },
  "phenotypicFeatures": [{
    "type": {
      "id": "HP:0045086",
      "label": "Knee joint hypermobility"
    },
    "evidence": [{
      "evidenceCode": {
        "id": "ECO:0000033",
        "label": "author statement supported by traceable reference"
      },
      "reference": {
        "id": "PMID:27180139",
        "description": "A novel nonsense GPSM2 mutation in a Yemeni family underlying Chudley-McCullough syndrome"
      }
    }]
  }, {
    "type": {
      "id": "HP:0000358",
      "label": "Posteriorly rotated ears"
    },
    "evidence": [{
      "evidenceCode": {
        "id": "ECO:0000033",
        "label": "author statement supported by traceable reference"
      },
      "reference": {
        "id": "PMID:27180139",
        "description": "A novel nonsense GPSM2 mutation in a Yemeni family underlying Chudley-McCullough syndrome"
      }
    }]
  }, {
    "type": {
      "id": "HP:0000407",
      "label": "Sensorineural hearing impairment"
    },
    "evidence": [{
      "evidenceCode": {
        "id": "ECO:0000033",
        "label": "author statement supported by traceable reference"
      },
      "reference": {
        "id": "PMID:27180139",
        "description": "A novel nonsense GPSM2 mutation in a Yemeni family underlying Chudley-McCullough syndrome"
      }
    }]
  }, {
    "type": {
      "id": "HP:0001263",
      "label": "Global developmental delay"
    },
    "evidence": [{
      "evidenceCode": {
        "id": "ECO:0000033",
        "label": "author statement supported by traceable reference"
      },
      "reference": {
        "id": "PMID:27180139",
        "description": "A novel nonsense GPSM2 mutation in a Yemeni family underlying Chudley-McCullough syndrome"
      }
    }]
  }, {
    "type": {
      "id": "HP:0002099",
      "label": "Asthma"
    },
    "evidence": [{
      "evidenceCode": {
        "id": "ECO:0000033",
        "label": "author statement supported by traceable reference"
      },
      "reference": {
        "id": "PMID:27180139",
        "description": "A novel nonsense GPSM2 mutation in a Yemeni family underlying Chudley-McCullough syndrome"
      }
    }]
  }, {
    "type": {
      "id": "HP:0004691",
      "label": "2-3 toe syndactyly"
    },
    "evidence": [{
      "evidenceCode": {
        "id": "ECO:0000033",
        "label": "author statement supported by traceable reference"
      },
      "reference": {
        "id": "PMID:27180139",
        "description": "A novel nonsense GPSM2 mutation in a Yemeni family underlying Chudley-McCullough syndrome"
      }
    }]
  }, {
    "type": {
      "id": "HP:0001533",
      "label": "Slender build"
    },
    "evidence": [{
      "evidenceCode": {
        "id": "ECO:0000033",
        "label": "author statement supported by traceable reference"
      },
      "reference": {
        "id": "PMID:27180139",
        "description": "A novel nonsense GPSM2 mutation in a Yemeni family underlying Chudley-McCullough syndrome"
      }
    }]
  }, {
    "type": {
      "id": "HP:0001338",
      "label": "Partial agenesis of the corpus callosum"
    },
    "evidence": [{
      "evidenceCode": {
        "id": "ECO:0000033",
        "label": "author statement supported by traceable reference"
      },
      "reference": {
        "id": "PMID:27180139",
        "description": "A novel nonsense GPSM2 mutation in a Yemeni family underlying Chudley-McCullough syndrome"
      }
    }]
  }, {
    "type": {
      "id": "HP:0010485",
      "label": "Hyperextensibility at elbow"
    },
    "evidence": [{
      "evidenceCode": {
        "id": "ECO:0000033",
        "label": "author statement supported by traceable reference"
      },
      "reference": {
        "id": "PMID:27180139",
        "description": "A novel nonsense GPSM2 mutation in a Yemeni family underlying Chudley-McCullough syndrome"
      }
    }]
  }, {
    "type": {
      "id": "HP:0000750",
      "label": "Delayed speech and language development"
    },
    "evidence": [{
      "evidenceCode": {
        "id": "ECO:0000033",
        "label": "author statement supported by traceable reference"
      },
      "reference": {
        "id": "PMID:27180139",
        "description": "A novel nonsense GPSM2 mutation in a Yemeni family underlying Chudley-McCullough syndrome"
      }
    }]
  }, {
    "type": {
      "id": "HP:0100702",
      "label": "Arachnoid cyst"
    },
    "evidence": [{
      "evidenceCode": {
        "id": "ECO:0000033",
        "label": "author statement supported by traceable reference"
      },
      "reference": {
        "id": "PMID:27180139",
        "description": "A novel nonsense GPSM2 mutation in a Yemeni family underlying Chudley-McCullough syndrome"
      }
    }]
  }, {
    "type": {
      "id": "HP:0045075",
      "label": "Sparse eyebrow"
    },
    "evidence": [{
      "evidenceCode": {
        "id": "ECO:0000033",
        "label": "author statement supported by traceable reference"
      },
      "reference": {
        "id": "PMID:27180139",
        "description": "A novel nonsense GPSM2 mutation in a Yemeni family underlying Chudley-McCullough syndrome"
      }
    }]
  }, {
    "type": {
      "id": "HP:0000325",
      "label": "Triangular face"
    },
    "evidence": [{
      "evidenceCode": {
        "id": "ECO:0000033",
        "label": "author statement supported by traceable reference"
      },
      "reference": {
        "id": "PMID:27180139",
        "description": "A novel nonsense GPSM2 mutation in a Yemeni family underlying Chudley-McCullough syndrome"
      }
    }]
  }],
  "genes": [{
    "id": "NCBIGene:29899",
    "symbol": "GPSM2"
  }],
  "variants": [{
    "vcfAllele": {
      "genomeAssembly": "GRCh37",
      "chr": "1",
      "pos": 109445849,
      "ref": "C",
      "alt": "A"
    },
    "zygosity": {
      "id": "GENO:0000136",
      "label": "homozygous"
    }
  }],
  "diseases": [{
    "term": {
      "id": "OMIM:604213",
      "label": "CHUDLEY-MCCULLOUGH SYNDROME; CMCS"
    }
  }],
  "metaData": {
    "createdBy": "Hpo Case Annotator : 1.0.13-SNAPSHOT",
    "submittedBy": "HPO:probinson",
    "resources": [{
      "id": "hp",
      "name": "human phenotype ontology",
      "url": "http://purl.obolibrary.org/obo/hp.owl",
      "version": "2018-03-08",
      "namespacePrefix": "HP",
      "iriPrefix": "http://purl.obolibrary.org/obo/HP_"
    }, {
      "id": "pato",
      "name": "Phenotype And Trait Ontology",
      "url": "http://purl.obolibrary.org/obo/pato.owl",
      "version": "2018-03-28",
      "namespacePrefix": "PATO",
      "iriPrefix": "http://purl.obolibrary.org/obo/PATO_"
    }, {
      "id": "geno",
      "name": "Genotype Ontology",
      "url": "http://purl.obolibrary.org/obo/geno.owl",
      "version": "19-03-2018",
      "namespacePrefix": "GENO",
      "iriPrefix": "http://purl.obolibrary.org/obo/GENO_"
    }, {
      "id": "ncbitaxon",
      "name": "NCBI organismal classification",
      "url": "http://purl.obolibrary.org/obo/ncbitaxon.owl",
      "version": "2018-03-02",
      "namespacePrefix": "NCBITaxon"
    }, {
      "id": "eco",
      "name": "Evidence and Conclusion Ontology",
      "url": "http://purl.obolibrary.org/obo/eco.owl",
      "version": "2018-11-10",
      "namespacePrefix": "ECO",
      "iriPrefix": "http://purl.obolibrary.org/obo/ECO_"
    }, {
      "id": "omim",
      "name": "Online Mendelian Inheritance in Man",
      "url": "https://www.omim.org",
      "namespacePrefix": "OMIM"
    }],
    "phenopacketSchemaVersion": "1.0.0-RC3",
    "externalReferences": [{
      "id": "PMID:27180139",
      "description": "A novel nonsense GPSM2 mutation in a Yemeni family underlying Chudley-McCullough syndrome"
    }]
  }
}