{
  "id": "PMID:28183707-Helmi-2017-LYST-patient",
  "subject": {
    "id": "patient",
    "ageAtCollection": {
      "age": "P2Y6M"
    },
    "sex": "MALE",
    "taxonomy": {
      "id": "NCBITaxon:9606",
      "label": "Homo sapiens"
    }
  },
  "phenotypicFeatures": [{
    "type": {
      "id": "HP:0002013",
      "label": "Vomiting"
    },
    "negated": true,
    "evidence": [{
      "evidenceCode": {
        "id": "ECO:0000033",
        "label": "author statement supported by traceable reference"
      },
      "reference": {
        "id": "PMID:28183707",
        "description": "Chédiak-Higashi syndrome with novel gene mutation"
      }
    }]
  }, {
    "type": {
      "id": "HP:0001263",
      "label": "Global developmental delay"
    },
    "negated": true,
    "evidence": [{
      "evidenceCode": {
        "id": "ECO:0000033",
        "label": "author statement supported by traceable reference"
      },
      "reference": {
        "id": "PMID:28183707",
        "description": "Chédiak-Higashi syndrome with novel gene mutation"
      }
    }]
  }, {
    "type": {
      "id": "HP:0002090",
      "label": "Pneumonia"
    },
    "evidence": [{
      "evidenceCode": {
        "id": "ECO:0000033",
        "label": "author statement supported by traceable reference"
      },
      "reference": {
        "id": "PMID:28183707",
        "description": "Chédiak-Higashi syndrome with novel gene mutation"
      }
    }]
  }, {
    "type": {
      "id": "HP:0001010",
      "label": "Hypopigmentation of the skin"
    },
    "evidence": [{
      "evidenceCode": {
        "id": "ECO:0000033",
        "label": "author statement supported by traceable reference"
      },
      "reference": {
        "id": "PMID:28183707",
        "description": "Chédiak-Higashi syndrome with novel gene mutation"
      }
    }]
  }, {
    "type": {
      "id": "HP:0008070",
      "label": "Sparse hair"
    },
    "evidence": [{
      "evidenceCode": {
        "id": "ECO:0000033",
        "label": "author statement supported by traceable reference"
      },
      "reference": {
        "id": "PMID:28183707",
        "description": "Chédiak-Higashi syndrome with novel gene mutation"
      }
    }]
  }, {
    "type": {
      "id": "HP:0003212",
      "label": "Increased circulating total IgE level"
    },
    "evidence": [{
      "evidenceCode": {
        "id": "ECO:0000033",
        "label": "author statement supported by traceable reference"
      },
      "reference": {
        "id": "PMID:28183707",
        "description": "Chédiak-Higashi syndrome with novel gene mutation"
      }
    }]
  }, {
    "type": {
      "id": "HP:0001945",
      "label": "Fever"
    },
    "evidence": [{
      "evidenceCode": {
        "id": "ECO:0000033",
        "label": "author statement supported by traceable reference"
      },
      "reference": {
        "id": "PMID:28183707",
        "description": "Chédiak-Higashi syndrome with novel gene mutation"
      }
    }]
  }, {
    "type": {
      "id": "HP:0001386",
      "label": "Joint swelling"
    },
    "negated": true,
    "evidence": [{
      "evidenceCode": {
        "id": "ECO:0000033",
        "label": "author statement supported by traceable reference"
      },
      "reference": {
        "id": "PMID:28183707",
        "description": "Chédiak-Higashi syndrome with novel gene mutation"
      }
    }]
  }, {
    "type": {
      "id": "HP:0000964",
      "label": "Eczema"
    },
    "evidence": [{
      "evidenceCode": {
        "id": "ECO:0000033",
        "label": "author statement supported by traceable reference"
      },
      "reference": {
        "id": "PMID:28183707",
        "description": "Chédiak-Higashi syndrome with novel gene mutation"
      }
    }]
  }, {
    "type": {
      "id": "HP:0001892",
      "label": "Abnormal bleeding"
    },
    "negated": true,
    "evidence": [{
      "evidenceCode": {
        "id": "ECO:0000033",
        "label": "author statement supported by traceable reference"
      },
      "reference": {
        "id": "PMID:28183707",
        "description": "Chédiak-Higashi syndrome with novel gene mutation"
      }
    }]
  }, {
    "type": {
      "id": "HP:0002014",
      "label": "Diarrhea"
    },
    "negated": true,
    "evidence": [{
      "evidenceCode": {
        "id": "ECO:0000033",
        "label": "author statement supported by traceable reference"
      },
      "reference": {
        "id": "PMID:28183707",
        "description": "Chédiak-Higashi syndrome with novel gene mutation"
      }
    }]
  }, {
    "type": {
      "id": "HP:0012735",
      "label": "Cough"
    },
    "negated": true,
    "evidence": [{
      "evidenceCode": {
        "id": "ECO:0000033",
        "label": "author statement supported by traceable reference"
      },
      "reference": {
        "id": "PMID:28183707",
        "description": "Chédiak-Higashi syndrome with novel gene mutation"
      }
    }]
  }, {
    "type": {
      "id": "HP:0001433",
      "label": "Hepatosplenomegaly"
    },
    "negated": true,
    "evidence": [{
      "evidenceCode": {
        "id": "ECO:0000033",
        "label": "author statement supported by traceable reference"
      },
      "reference": {
        "id": "PMID:28183707",
        "description": "Chédiak-Higashi syndrome with novel gene mutation"
      }
    }]
  }, {
    "type": {
      "id": "HP:0004396",
      "label": "Poor appetite"
    },
    "evidence": [{
      "evidenceCode": {
        "id": "ECO:0000033",
        "label": "author statement supported by traceable reference"
      },
      "reference": {
        "id": "PMID:28183707",
        "description": "Chédiak-Higashi syndrome with novel gene mutation"
      }
    }]
  }],
  "genes": [{
    "id": "NCBIGene:1130",
    "symbol": "LYST"
  }],
  "variants": [{
    "vcfAllele": {
      "genomeAssembly": "GRCh37",
      "chr": "1",
      "pos": 235926112,
      "ref": "TAC",
      "alt": "T"
    },
    "zygosity": {
      "id": "GENO:0000136",
      "label": "homozygous"
    }
  }],
  "diseases": [{
    "term": {
      "id": "OMIM:214500",
      "label": "CHEDIAK-HIGASHI SYNDROME; CHS"
    }
  }],
  "metaData": {
    "createdBy": "Hpo Case Annotator : 1.0.13-SNAPSHOT",
    "submittedBy": "HPO:probinson",
    "resources": [{
      "id": "hp",
      "name": "human phenotype ontology",
      "url": "http://purl.obolibrary.org/obo/hp.owl",
      "version": "2018-03-08",
      "namespacePrefix": "HP",
      "iriPrefix": "http://purl.obolibrary.org/obo/HP_"
    }, {
      "id": "pato",
      "name": "Phenotype And Trait Ontology",
      "url": "http://purl.obolibrary.org/obo/pato.owl",
      "version": "2018-03-28",
      "namespacePrefix": "PATO",
      "iriPrefix": "http://purl.obolibrary.org/obo/PATO_"
    }, {
      "id": "geno",
      "name": "Genotype Ontology",
      "url": "http://purl.obolibrary.org/obo/geno.owl",
      "version": "19-03-2018",
      "namespacePrefix": "GENO",
      "iriPrefix": "http://purl.obolibrary.org/obo/GENO_"
    }, {
      "id": "ncbitaxon",
      "name": "NCBI organismal classification",
      "url": "http://purl.obolibrary.org/obo/ncbitaxon.owl",
      "version": "2018-03-02",
      "namespacePrefix": "NCBITaxon"
    }, {
      "id": "eco",
      "name": "Evidence and Conclusion Ontology",
      "url": "http://purl.obolibrary.org/obo/eco.owl",
      "version": "2018-11-10",
      "namespacePrefix": "ECO",
      "iriPrefix": "http://purl.obolibrary.org/obo/ECO_"
    }, {
      "id": "omim",
      "name": "Online Mendelian Inheritance in Man",
      "url": "https://www.omim.org",
      "namespacePrefix": "OMIM"
    }],
    "phenopacketSchemaVersion": "1.0.0-RC3",
    "externalReferences": [{
      "id": "PMID:28183707",
      "description": "Chédiak-Higashi syndrome with novel gene mutation"
    }]
  }
}