{
  "id": "PMID:28841907-Higuchi-2017-COL2A1-proband",
  "subject": {
    "id": "proband",
    "ageAtCollection": {
      "age": "P2Y"
    },
    "sex": "MALE",
    "taxonomy": {
      "id": "NCBITaxon:9606",
      "label": "Homo sapiens"
    }
  },
  "phenotypicFeatures": [{
    "type": {
      "id": "HP:0410031",
      "label": "Submucous cleft of soft and hard palate"
    },
    "evidence": [{
      "evidenceCode": {
        "id": "ECO:0000033",
        "label": "author statement supported by traceable reference"
      },
      "reference": {
        "id": "PMID:28841907",
        "description": "A novel mutation in the COL2A1 gene in a patient with Stickler syndrome type 1: a case report and review of the literature"
      }
    }]
  }, {
    "type": {
      "id": "HP:0002684",
      "label": "Thickened calvaria"
    },
    "evidence": [{
      "evidenceCode": {
        "id": "ECO:0000033",
        "label": "author statement supported by traceable reference"
      },
      "reference": {
        "id": "PMID:28841907",
        "description": "A novel mutation in the COL2A1 gene in a patient with Stickler syndrome type 1: a case report and review of the literature"
      }
    }]
  }, {
    "type": {
      "id": "HP:0000586",
      "label": "Shallow orbits"
    },
    "evidence": [{
      "evidenceCode": {
        "id": "ECO:0000033",
        "label": "author statement supported by traceable reference"
      },
      "reference": {
        "id": "PMID:28841907",
        "description": "A novel mutation in the COL2A1 gene in a patient with Stickler syndrome type 1: a case report and review of the literature"
      }
    }]
  }, {
    "type": {
      "id": "HP:0000518",
      "label": "Cataract"
    },
    "evidence": [{
      "evidenceCode": {
        "id": "ECO:0000033",
        "label": "author statement supported by traceable reference"
      },
      "reference": {
        "id": "PMID:28841907",
        "description": "A novel mutation in the COL2A1 gene in a patient with Stickler syndrome type 1: a case report and review of the literature"
      }
    }]
  }, {
    "type": {
      "id": "HP:0001382",
      "label": "Joint hypermobility"
    },
    "negated": true,
    "evidence": [{
      "evidenceCode": {
        "id": "ECO:0000033",
        "label": "author statement supported by traceable reference"
      },
      "reference": {
        "id": "PMID:28841907",
        "description": "A novel mutation in the COL2A1 gene in a patient with Stickler syndrome type 1: a case report and review of the literature"
      }
    }]
  }, {
    "type": {
      "id": "HP:0000520",
      "label": "Proptosis"
    },
    "evidence": [{
      "evidenceCode": {
        "id": "ECO:0000033",
        "label": "author statement supported by traceable reference"
      },
      "reference": {
        "id": "PMID:28841907",
        "description": "A novel mutation in the COL2A1 gene in a patient with Stickler syndrome type 1: a case report and review of the literature"
      }
    }]
  }, {
    "type": {
      "id": "HP:0000750",
      "label": "Delayed speech and language development"
    },
    "evidence": [{
      "evidenceCode": {
        "id": "ECO:0000033",
        "label": "author statement supported by traceable reference"
      },
      "reference": {
        "id": "PMID:28841907",
        "description": "A novel mutation in the COL2A1 gene in a patient with Stickler syndrome type 1: a case report and review of the literature"
      }
    }]
  }, {
    "type": {
      "id": "HP:0011800",
      "label": "Midface retrusion"
    },
    "evidence": [{
      "evidenceCode": {
        "id": "ECO:0000033",
        "label": "author statement supported by traceable reference"
      },
      "reference": {
        "id": "PMID:28841907",
        "description": "A novel mutation in the COL2A1 gene in a patient with Stickler syndrome type 1: a case report and review of the literature"
      }
    }]
  }, {
    "type": {
      "id": "HP:0000369",
      "label": "Low-set ears"
    },
    "evidence": [{
      "evidenceCode": {
        "id": "ECO:0000033",
        "label": "author statement supported by traceable reference"
      },
      "reference": {
        "id": "PMID:28841907",
        "description": "A novel mutation in the COL2A1 gene in a patient with Stickler syndrome type 1: a case report and review of the literature"
      }
    }]
  }, {
    "type": {
      "id": "HP:0000347",
      "label": "Micrognathia"
    },
    "evidence": [{
      "evidenceCode": {
        "id": "ECO:0000033",
        "label": "author statement supported by traceable reference"
      },
      "reference": {
        "id": "PMID:28841907",
        "description": "A novel mutation in the COL2A1 gene in a patient with Stickler syndrome type 1: a case report and review of the literature"
      }
    }]
  }, {
    "type": {
      "id": "HP:0003311",
      "label": "Hypoplasia of the odontoid process"
    },
    "evidence": [{
      "evidenceCode": {
        "id": "ECO:0000033",
        "label": "author statement supported by traceable reference"
      },
      "reference": {
        "id": "PMID:28841907",
        "description": "A novel mutation in the COL2A1 gene in a patient with Stickler syndrome type 1: a case report and review of the literature"
      }
    }]
  }, {
    "type": {
      "id": "HP:0004322",
      "label": "Short stature"
    },
    "evidence": [{
      "evidenceCode": {
        "id": "ECO:0000033",
        "label": "author statement supported by traceable reference"
      },
      "reference": {
        "id": "PMID:28841907",
        "description": "A novel mutation in the COL2A1 gene in a patient with Stickler syndrome type 1: a case report and review of the literature"
      }
    }]
  }, {
    "type": {
      "id": "HP:0008829",
      "label": "Delayed femoral head ossification"
    },
    "evidence": [{
      "evidenceCode": {
        "id": "ECO:0000033",
        "label": "author statement supported by traceable reference"
      },
      "reference": {
        "id": "PMID:28841907",
        "description": "A novel mutation in the COL2A1 gene in a patient with Stickler syndrome type 1: a case report and review of the literature"
      }
    }]
  }, {
    "type": {
      "id": "HP:0000316",
      "label": "Hypertelorism"
    },
    "evidence": [{
      "evidenceCode": {
        "id": "ECO:0000033",
        "label": "author statement supported by traceable reference"
      },
      "reference": {
        "id": "PMID:28841907",
        "description": "A novel mutation in the COL2A1 gene in a patient with Stickler syndrome type 1: a case report and review of the literature"
      }
    }]
  }, {
    "type": {
      "id": "HP:0001634",
      "label": "Mitral valve prolapse"
    },
    "negated": true,
    "evidence": [{
      "evidenceCode": {
        "id": "ECO:0000033",
        "label": "author statement supported by traceable reference"
      },
      "reference": {
        "id": "PMID:28841907",
        "description": "A novel mutation in the COL2A1 gene in a patient with Stickler syndrome type 1: a case report and review of the literature"
      }
    }]
  }, {
    "type": {
      "id": "HP:0000555",
      "label": "Leukocoria"
    },
    "evidence": [{
      "evidenceCode": {
        "id": "ECO:0000033",
        "label": "author statement supported by traceable reference"
      },
      "reference": {
        "id": "PMID:28841907",
        "description": "A novel mutation in the COL2A1 gene in a patient with Stickler syndrome type 1: a case report and review of the literature"
      }
    }]
  }, {
    "type": {
      "id": "HP:0000388",
      "label": "Otitis media"
    },
    "evidence": [{
      "evidenceCode": {
        "id": "ECO:0000033",
        "label": "author statement supported by traceable reference"
      },
      "reference": {
        "id": "PMID:28841907",
        "description": "A novel mutation in the COL2A1 gene in a patient with Stickler syndrome type 1: a case report and review of the literature"
      }
    }]
  }, {
    "type": {
      "id": "HP:0006376",
      "label": "Limited elbow flexion"
    },
    "evidence": [{
      "evidenceCode": {
        "id": "ECO:0000033",
        "label": "author statement supported by traceable reference"
      },
      "reference": {
        "id": "PMID:28841907",
        "description": "A novel mutation in the COL2A1 gene in a patient with Stickler syndrome type 1: a case report and review of the literature"
      }
    }]
  }, {
    "type": {
      "id": "HP:0002829",
      "label": "Arthralgia"
    },
    "negated": true,
    "evidence": [{
      "evidenceCode": {
        "id": "ECO:0000033",
        "label": "author statement supported by traceable reference"
      },
      "reference": {
        "id": "PMID:28841907",
        "description": "A novel mutation in the COL2A1 gene in a patient with Stickler syndrome type 1: a case report and review of the literature"
      }
    }]
  }],
  "genes": [{
    "id": "NCBIGene:1280",
    "symbol": "COL2A1"
  }],
  "variants": [{
    "vcfAllele": {
      "genomeAssembly": "GRCh37",
      "chr": "12",
      "pos": 48381473,
      "ref": "C",
      "alt": "T"
    },
    "zygosity": {
      "id": "GENO:0000135",
      "label": "heterozygous"
    }
  }],
  "diseases": [{
    "term": {
      "id": "OMIM:108300",
      "label": "STICKLER SYNDROME, TYPE I; STL1"
    }
  }],
  "metaData": {
    "createdBy": "Hpo Case Annotator : 1.0.13-SNAPSHOT",
    "submittedBy": "HPO:probinson",
    "resources": [{
      "id": "hp",
      "name": "human phenotype ontology",
      "url": "http://purl.obolibrary.org/obo/hp.owl",
      "version": "2018-03-08",
      "namespacePrefix": "HP",
      "iriPrefix": "http://purl.obolibrary.org/obo/HP_"
    }, {
      "id": "pato",
      "name": "Phenotype And Trait Ontology",
      "url": "http://purl.obolibrary.org/obo/pato.owl",
      "version": "2018-03-28",
      "namespacePrefix": "PATO",
      "iriPrefix": "http://purl.obolibrary.org/obo/PATO_"
    }, {
      "id": "geno",
      "name": "Genotype Ontology",
      "url": "http://purl.obolibrary.org/obo/geno.owl",
      "version": "19-03-2018",
      "namespacePrefix": "GENO",
      "iriPrefix": "http://purl.obolibrary.org/obo/GENO_"
    }, {
      "id": "ncbitaxon",
      "name": "NCBI organismal classification",
      "url": "http://purl.obolibrary.org/obo/ncbitaxon.owl",
      "version": "2018-03-02",
      "namespacePrefix": "NCBITaxon"
    }, {
      "id": "eco",
      "name": "Evidence and Conclusion Ontology",
      "url": "http://purl.obolibrary.org/obo/eco.owl",
      "version": "2018-11-10",
      "namespacePrefix": "ECO",
      "iriPrefix": "http://purl.obolibrary.org/obo/ECO_"
    }, {
      "id": "omim",
      "name": "Online Mendelian Inheritance in Man",
      "url": "https://www.omim.org",
      "namespacePrefix": "OMIM"
    }],
    "phenopacketSchemaVersion": "1.0.0-RC3",
    "externalReferences": [{
      "id": "PMID:28841907",
      "description": "A novel mutation in the COL2A1 gene in a patient with Stickler syndrome type 1: a case report and review of the literature"
    }]
  }
}