{
  "id": "PMID:9233564-Holmberg-1997-GP1BA-73_year_old_male",
  "subject": {
    "id": "73 year old male",
    "ageAtCollection": {
      "age": "73Y"
    },
    "sex": "MALE",
    "taxonomy": {
      "id": "NCBITaxon:9606",
      "label": "Homo sapiens"
    }
  },
  "phenotypicFeatures": [{
    "type": {
      "id": "HP:0001873",
      "label": "Thrombocytopenia"
    },
    "evidence": [{
      "evidenceCode": {
        "id": "ECO:0000033",
        "label": "author statement supported by traceable reference"
      },
      "reference": {
        "id": "PMID:9233564",
        "description": "Bernard-Soulier syndrome Karlstad: Trp 498--\u0026gt;Stop mutation resulting in a truncated glycoprotein Ib alpha that contains part of the transmembranous domain"
      }
    }]
  }, {
    "type": {
      "id": "HP:0001902",
      "label": "Giant platelets"
    },
    "evidence": [{
      "evidenceCode": {
        "id": "ECO:0000033",
        "label": "author statement supported by traceable reference"
      },
      "reference": {
        "id": "PMID:9233564",
        "description": "Bernard-Soulier syndrome Karlstad: Trp 498--\u0026gt;Stop mutation resulting in a truncated glycoprotein Ib alpha that contains part of the transmembranous domain"
      }
    }]
  }, {
    "type": {
      "id": "HP:0011871",
      "label": "Impaired ristocetin-induced platelet aggregation"
    },
    "evidence": [{
      "evidenceCode": {
        "id": "ECO:0000033",
        "label": "author statement supported by traceable reference"
      },
      "reference": {
        "id": "PMID:9233564",
        "description": "Bernard-Soulier syndrome Karlstad: Trp 498--\u0026gt;Stop mutation resulting in a truncated glycoprotein Ib alpha that contains part of the transmembranous domain"
      }
    }]
  }, {
    "type": {
      "id": "HP:0001892",
      "label": "Abnormal bleeding"
    },
    "evidence": [{
      "evidenceCode": {
        "id": "ECO:0000033",
        "label": "author statement supported by traceable reference"
      },
      "reference": {
        "id": "PMID:9233564",
        "description": "Bernard-Soulier syndrome Karlstad: Trp 498--\u0026gt;Stop mutation resulting in a truncated glycoprotein Ib alpha that contains part of the transmembranous domain"
      }
    }]
  }, {
    "type": {
      "id": "HP:0100309",
      "label": "Subdural hemorrhage"
    },
    "evidence": [{
      "evidenceCode": {
        "id": "ECO:0000033",
        "label": "author statement supported by traceable reference"
      },
      "reference": {
        "id": "PMID:9233564",
        "description": "Bernard-Soulier syndrome Karlstad: Trp 498--\u0026gt;Stop mutation resulting in a truncated glycoprotein Ib alpha that contains part of the transmembranous domain"
      }
    }]
  }],
  "genes": [{
    "id": "NCBIGene:2811",
    "symbol": "GP1BA"
  }],
  "variants": [{
    "vcfAllele": {
      "genomeAssembly": "GRCh37",
      "chr": "17",
      "pos": 4837519,
      "ref": "G",
      "alt": "A"
    },
    "zygosity": {
      "id": "GENO:0000136",
      "label": "homozygous"
    }
  }],
  "diseases": [{
    "term": {
      "id": "OMIM:231200",
      "label": "BERNARD-SOULIER SYNDROME; BSS"
    }
  }],
  "metaData": {
    "submittedBy": "HPO:probinson",
    "resources": [{
      "id": "hp",
      "name": "human phenotype ontology",
      "url": "http://purl.obolibrary.org/obo/hp.owl",
      "version": "2018-03-08",
      "namespacePrefix": "HP",
      "iriPrefix": "http://purl.obolibrary.org/obo/HP_"
    }, {
      "id": "pato",
      "name": "Phenotype And Trait Ontology",
      "url": "http://purl.obolibrary.org/obo/pato.owl",
      "version": "2018-03-28",
      "namespacePrefix": "PATO",
      "iriPrefix": "http://purl.obolibrary.org/obo/PATO_"
    }, {
      "id": "geno",
      "name": "Genotype Ontology",
      "url": "http://purl.obolibrary.org/obo/geno.owl",
      "version": "19-03-2018",
      "namespacePrefix": "GENO",
      "iriPrefix": "http://purl.obolibrary.org/obo/GENO_"
    }, {
      "id": "ncbitaxon",
      "name": "NCBI organismal classification",
      "url": "http://purl.obolibrary.org/obo/ncbitaxon.owl",
      "version": "2018-03-02",
      "namespacePrefix": "NCBITaxon"
    }, {
      "id": "eco",
      "name": "Evidence and Conclusion Ontology",
      "url": "http://purl.obolibrary.org/obo/eco.owl",
      "version": "2018-11-10",
      "namespacePrefix": "ECO",
      "iriPrefix": "http://purl.obolibrary.org/obo/ECO_"
    }, {
      "id": "omim",
      "name": "Online Mendelian Inheritance in Man",
      "url": "https://www.omim.org",
      "namespacePrefix": "OMIM"
    }],
    "phenopacketSchemaVersion": "1.0.0-RC3",
    "externalReferences": [{
      "id": "PMID:9233564",
      "description": "Bernard-Soulier syndrome Karlstad: Trp 498--\u0026gt;Stop mutation resulting in a truncated glycoprotein Ib alpha that contains part of the transmembranous domain"
    }]
  }
}