{
  "id": "PMID:29051910-Hsu-2017-SNAP29-The_patient",
  "subject": {
    "id": "The patient",
    "ageAtCollection": {
      "age": "10Y"
    },
    "sex": "MALE",
    "taxonomy": {
      "id": "NCBITaxon:9606",
      "label": "Homo sapiens"
    }
  },
  "phenotypicFeatures": [{
    "type": {
      "id": "HP:0006532",
      "label": "Recurrent pneumonia"
    },
    "evidence": [{
      "evidenceCode": {
        "id": "ECO:0000033",
        "label": "author statement supported by traceable reference"
      },
      "reference": {
        "id": "PMID:29051910",
        "description": "CEDNIK: Phenotypic and Molecular Characterization of an Additional Patient and Review of the Literature"
      }
    }]
  }, {
    "type": {
      "id": "HP:0006989",
      "label": "Dysplastic corpus callosum"
    },
    "evidence": [{
      "evidenceCode": {
        "id": "ECO:0000033",
        "label": "author statement supported by traceable reference"
      },
      "reference": {
        "id": "PMID:29051910",
        "description": "CEDNIK: Phenotypic and Molecular Characterization of an Additional Patient and Review of the Literature"
      }
    }]
  }, {
    "type": {
      "id": "HP:0000958",
      "label": "Dry skin"
    },
    "evidence": [{
      "evidenceCode": {
        "id": "ECO:0000033",
        "label": "author statement supported by traceable reference"
      },
      "reference": {
        "id": "PMID:29051910",
        "description": "CEDNIK: Phenotypic and Molecular Characterization of an Additional Patient and Review of the Literature"
      }
    }]
  }, {
    "type": {
      "id": "HP:0000664",
      "label": "Synophrys"
    },
    "evidence": [{
      "evidenceCode": {
        "id": "ECO:0000033",
        "label": "author statement supported by traceable reference"
      },
      "reference": {
        "id": "PMID:29051910",
        "description": "CEDNIK: Phenotypic and Molecular Characterization of an Additional Patient and Review of the Literature"
      }
    }]
  }, {
    "type": {
      "id": "HP:0000574",
      "label": "Thick eyebrow"
    },
    "evidence": [{
      "evidenceCode": {
        "id": "ECO:0000033",
        "label": "author statement supported by traceable reference"
      },
      "reference": {
        "id": "PMID:29051910",
        "description": "CEDNIK: Phenotypic and Molecular Characterization of an Additional Patient and Review of the Literature"
      }
    }]
  }, {
    "type": {
      "id": "HP:0000490",
      "label": "Deeply set eye"
    },
    "evidence": [{
      "evidenceCode": {
        "id": "ECO:0000033",
        "label": "author statement supported by traceable reference"
      },
      "reference": {
        "id": "PMID:29051910",
        "description": "CEDNIK: Phenotypic and Molecular Characterization of an Additional Patient and Review of the Literature"
      }
    }]
  }, {
    "type": {
      "id": "HP:0001344",
      "label": "Absent speech"
    },
    "evidence": [{
      "evidenceCode": {
        "id": "ECO:0000033",
        "label": "author statement supported by traceable reference"
      },
      "reference": {
        "id": "PMID:29051910",
        "description": "CEDNIK: Phenotypic and Molecular Characterization of an Additional Patient and Review of the Literature"
      }
    }]
  }, {
    "type": {
      "id": "HP:0000421",
      "label": "Epistaxis"
    },
    "evidence": [{
      "evidenceCode": {
        "id": "ECO:0000033",
        "label": "author statement supported by traceable reference"
      },
      "reference": {
        "id": "PMID:29051910",
        "description": "CEDNIK: Phenotypic and Molecular Characterization of an Additional Patient and Review of the Literature"
      }
    }]
  }, {
    "type": {
      "id": "HP:0000294",
      "label": "Low anterior hairline"
    },
    "evidence": [{
      "evidenceCode": {
        "id": "ECO:0000033",
        "label": "author statement supported by traceable reference"
      },
      "reference": {
        "id": "PMID:29051910",
        "description": "CEDNIK: Phenotypic and Molecular Characterization of an Additional Patient and Review of the Literature"
      }
    }]
  }, {
    "type": {
      "id": "HP:0000448",
      "label": "Prominent nose"
    },
    "evidence": [{
      "evidenceCode": {
        "id": "ECO:0000033",
        "label": "author statement supported by traceable reference"
      },
      "reference": {
        "id": "PMID:29051910",
        "description": "CEDNIK: Phenotypic and Molecular Characterization of an Additional Patient and Review of the Literature"
      }
    }]
  }, {
    "type": {
      "id": "HP:0001263",
      "label": "Global developmental delay"
    },
    "evidence": [{
      "evidenceCode": {
        "id": "ECO:0000033",
        "label": "author statement supported by traceable reference"
      },
      "reference": {
        "id": "PMID:29051910",
        "description": "CEDNIK: Phenotypic and Molecular Characterization of an Additional Patient and Review of the Literature"
      }
    }]
  }, {
    "type": {
      "id": "HP:0001257",
      "label": "Spasticity"
    },
    "evidence": [{
      "evidenceCode": {
        "id": "ECO:0000033",
        "label": "author statement supported by traceable reference"
      },
      "reference": {
        "id": "PMID:29051910",
        "description": "CEDNIK: Phenotypic and Molecular Characterization of an Additional Patient and Review of the Literature"
      }
    }]
  }, {
    "type": {
      "id": "HP:0000527",
      "label": "Long eyelashes"
    },
    "evidence": [{
      "evidenceCode": {
        "id": "ECO:0000033",
        "label": "author statement supported by traceable reference"
      },
      "reference": {
        "id": "PMID:29051910",
        "description": "CEDNIK: Phenotypic and Molecular Characterization of an Additional Patient and Review of the Literature"
      }
    }]
  }, {
    "type": {
      "id": "HP:0002015",
      "label": "Dysphagia"
    },
    "evidence": [{
      "evidenceCode": {
        "id": "ECO:0000033",
        "label": "author statement supported by traceable reference"
      },
      "reference": {
        "id": "PMID:29051910",
        "description": "CEDNIK: Phenotypic and Molecular Characterization of an Additional Patient and Review of the Literature"
      }
    }]
  }, {
    "type": {
      "id": "HP:0000193",
      "label": "Bifid uvula"
    },
    "evidence": [{
      "evidenceCode": {
        "id": "ECO:0000033",
        "label": "author statement supported by traceable reference"
      },
      "reference": {
        "id": "PMID:29051910",
        "description": "CEDNIK: Phenotypic and Molecular Characterization of an Additional Patient and Review of the Literature"
      }
    }]
  }, {
    "type": {
      "id": "HP:0002751",
      "label": "Kyphoscoliosis"
    },
    "evidence": [{
      "evidenceCode": {
        "id": "ECO:0000033",
        "label": "author statement supported by traceable reference"
      },
      "reference": {
        "id": "PMID:29051910",
        "description": "CEDNIK: Phenotypic and Molecular Characterization of an Additional Patient and Review of the Literature"
      }
    }]
  }, {
    "type": {
      "id": "HP:0000486",
      "label": "Strabismus"
    },
    "evidence": [{
      "evidenceCode": {
        "id": "ECO:0000033",
        "label": "author statement supported by traceable reference"
      },
      "reference": {
        "id": "PMID:29051910",
        "description": "CEDNIK: Phenotypic and Molecular Characterization of an Additional Patient and Review of the Literature"
      }
    }]
  }, {
    "type": {
      "id": "HP:0001007",
      "label": "Hirsutism"
    },
    "evidence": [{
      "evidenceCode": {
        "id": "ECO:0000033",
        "label": "author statement supported by traceable reference"
      },
      "reference": {
        "id": "PMID:29051910",
        "description": "CEDNIK: Phenotypic and Molecular Characterization of an Additional Patient and Review of the Literature"
      }
    }]
  }, {
    "type": {
      "id": "HP:0000982",
      "label": "Palmoplantar keratoderma"
    },
    "evidence": [{
      "evidenceCode": {
        "id": "ECO:0000033",
        "label": "author statement supported by traceable reference"
      },
      "reference": {
        "id": "PMID:29051910",
        "description": "CEDNIK: Phenotypic and Molecular Characterization of an Additional Patient and Review of the Literature"
      }
    }]
  }],
  "genes": [{
    "id": "NCBIGene:9342",
    "symbol": "SNAP29"
  }],
  "variants": [{
    "vcfAllele": {
      "genomeAssembly": "GRCh37",
      "chr": "22",
      "pos": 21213483,
      "ref": "C",
      "alt": "T"
    },
    "zygosity": {
      "id": "GENO:0000136",
      "label": "homozygous"
    }
  }],
  "diseases": [{
    "term": {
      "id": "OMIM:609528",
      "label": "CEREBRAL DYSGENESIS, NEUROPATHY, ICHTHYOSIS, AND PALMOPLANTAR KERATODERMASYNDROME"
    }
  }],
  "metaData": {
    "submittedBy": "HPO:probinson",
    "resources": [{
      "id": "hp",
      "name": "human phenotype ontology",
      "url": "http://purl.obolibrary.org/obo/hp.owl",
      "version": "2018-03-08",
      "namespacePrefix": "HP",
      "iriPrefix": "http://purl.obolibrary.org/obo/HP_"
    }, {
      "id": "pato",
      "name": "Phenotype And Trait Ontology",
      "url": "http://purl.obolibrary.org/obo/pato.owl",
      "version": "2018-03-28",
      "namespacePrefix": "PATO",
      "iriPrefix": "http://purl.obolibrary.org/obo/PATO_"
    }, {
      "id": "geno",
      "name": "Genotype Ontology",
      "url": "http://purl.obolibrary.org/obo/geno.owl",
      "version": "19-03-2018",
      "namespacePrefix": "GENO",
      "iriPrefix": "http://purl.obolibrary.org/obo/GENO_"
    }, {
      "id": "ncbitaxon",
      "name": "NCBI organismal classification",
      "url": "http://purl.obolibrary.org/obo/ncbitaxon.owl",
      "version": "2018-03-02",
      "namespacePrefix": "NCBITaxon"
    }, {
      "id": "eco",
      "name": "Evidence and Conclusion Ontology",
      "url": "http://purl.obolibrary.org/obo/eco.owl",
      "version": "2018-11-10",
      "namespacePrefix": "ECO",
      "iriPrefix": "http://purl.obolibrary.org/obo/ECO_"
    }, {
      "id": "omim",
      "name": "Online Mendelian Inheritance in Man",
      "url": "https://www.omim.org",
      "namespacePrefix": "OMIM"
    }],
    "phenopacketSchemaVersion": "1.0.0-RC3",
    "externalReferences": [{
      "id": "PMID:29051910",
      "description": "CEDNIK: Phenotypic and Molecular Characterization of an Additional Patient and Review of the Literature"
    }]
  }
}