{
  "id": "PMID:30053862-Hyun-2018-TP53RK-II-1",
  "subject": {
    "id": "II-1",
    "ageAtCollection": {
      "age": "P10M"
    },
    "sex": "FEMALE",
    "taxonomy": {
      "id": "NCBITaxon:9606",
      "label": "Homo sapiens"
    }
  },
  "phenotypicFeatures": [{
    "type": {
      "id": "HP:0002059",
      "label": "Cerebral atrophy"
    },
    "evidence": [{
      "evidenceCode": {
        "id": "ECO:0000033",
        "label": "author statement supported by traceable reference"
      },
      "reference": {
        "id": "PMID:30053862",
        "description": "A familial case of Galloway-Mowat syndrome due to a novel TP53RK mutation: a case report"
      }
    }]
  }, {
    "type": {
      "id": "HP:0000252",
      "label": "Microcephaly"
    },
    "evidence": [{
      "evidenceCode": {
        "id": "ECO:0000033",
        "label": "author statement supported by traceable reference"
      },
      "reference": {
        "id": "PMID:30053862",
        "description": "A familial case of Galloway-Mowat syndrome due to a novel TP53RK mutation: a case report"
      }
    }]
  }, {
    "type": {
      "id": "HP:0000776",
      "label": "Congenital diaphragmatic hernia"
    },
    "evidence": [{
      "evidenceCode": {
        "id": "ECO:0000033",
        "label": "author statement supported by traceable reference"
      },
      "reference": {
        "id": "PMID:30053862",
        "description": "A familial case of Galloway-Mowat syndrome due to a novel TP53RK mutation: a case report"
      }
    }]
  }, {
    "type": {
      "id": "HP:0009879",
      "label": "Simplified gyral pattern"
    },
    "evidence": [{
      "evidenceCode": {
        "id": "ECO:0000033",
        "label": "author statement supported by traceable reference"
      },
      "reference": {
        "id": "PMID:30053862",
        "description": "A familial case of Galloway-Mowat syndrome due to a novel TP53RK mutation: a case report"
      }
    }]
  }, {
    "type": {
      "id": "HP:0008677",
      "label": "Congenital nephrotic syndrome"
    },
    "evidence": [{
      "evidenceCode": {
        "id": "ECO:0000033",
        "label": "author statement supported by traceable reference"
      },
      "reference": {
        "id": "PMID:30053862",
        "description": "A familial case of Galloway-Mowat syndrome due to a novel TP53RK mutation: a case report"
      }
    }]
  }, {
    "type": {
      "id": "HP:0002580",
      "label": "Volvulus"
    },
    "evidence": [{
      "evidenceCode": {
        "id": "ECO:0000033",
        "label": "author statement supported by traceable reference"
      },
      "reference": {
        "id": "PMID:30053862",
        "description": "A familial case of Galloway-Mowat syndrome due to a novel TP53RK mutation: a case report"
      }
    }]
  }, {
    "type": {
      "id": "HP:0000369",
      "label": "Low-set ears"
    },
    "evidence": [{
      "evidenceCode": {
        "id": "ECO:0000033",
        "label": "author statement supported by traceable reference"
      },
      "reference": {
        "id": "PMID:30053862",
        "description": "A familial case of Galloway-Mowat syndrome due to a novel TP53RK mutation: a case report"
      }
    }]
  }, {
    "type": {
      "id": "HP:0000316",
      "label": "Hypertelorism"
    },
    "evidence": [{
      "evidenceCode": {
        "id": "ECO:0000033",
        "label": "author statement supported by traceable reference"
      },
      "reference": {
        "id": "PMID:30053862",
        "description": "A familial case of Galloway-Mowat syndrome due to a novel TP53RK mutation: a case report"
      }
    }]
  }, {
    "type": {
      "id": "HP:0002036",
      "label": "Hiatus hernia"
    },
    "evidence": [{
      "evidenceCode": {
        "id": "ECO:0000033",
        "label": "author statement supported by traceable reference"
      },
      "reference": {
        "id": "PMID:30053862",
        "description": "A familial case of Galloway-Mowat syndrome due to a novel TP53RK mutation: a case report"
      }
    }]
  }, {
    "type": {
      "id": "HP:0000097",
      "label": "Focal segmental glomerulosclerosis"
    },
    "evidence": [{
      "evidenceCode": {
        "id": "ECO:0000033",
        "label": "author statement supported by traceable reference"
      },
      "reference": {
        "id": "PMID:30053862",
        "description": "A familial case of Galloway-Mowat syndrome due to a novel TP53RK mutation: a case report"
      }
    }]
  }],
  "genes": [{
    "id": "NCBIGene:112858",
    "symbol": "TP53RK"
  }],
  "variants": [{
    "vcfAllele": {
      "genomeAssembly": "GRCh37",
      "chr": "20",
      "pos": 45317860,
      "ref": "T",
      "alt": "A"
    },
    "zygosity": {
      "id": "GENO:0000136",
      "label": "homozygous"
    }
  }],
  "diseases": [{
    "term": {
      "id": "OMIM:617730",
      "label": "Galloway-Mowat syndrome 4"
    }
  }],
  "metaData": {
    "createdBy": "Hpo Case Annotator : 1.0.13-SNAPSHOT",
    "submittedBy": "HPO:probinson",
    "resources": [{
      "id": "hp",
      "name": "human phenotype ontology",
      "url": "http://purl.obolibrary.org/obo/hp.owl",
      "version": "2018-03-08",
      "namespacePrefix": "HP",
      "iriPrefix": "http://purl.obolibrary.org/obo/HP_"
    }, {
      "id": "pato",
      "name": "Phenotype And Trait Ontology",
      "url": "http://purl.obolibrary.org/obo/pato.owl",
      "version": "2018-03-28",
      "namespacePrefix": "PATO",
      "iriPrefix": "http://purl.obolibrary.org/obo/PATO_"
    }, {
      "id": "geno",
      "name": "Genotype Ontology",
      "url": "http://purl.obolibrary.org/obo/geno.owl",
      "version": "19-03-2018",
      "namespacePrefix": "GENO",
      "iriPrefix": "http://purl.obolibrary.org/obo/GENO_"
    }, {
      "id": "ncbitaxon",
      "name": "NCBI organismal classification",
      "url": "http://purl.obolibrary.org/obo/ncbitaxon.owl",
      "version": "2018-03-02",
      "namespacePrefix": "NCBITaxon"
    }, {
      "id": "eco",
      "name": "Evidence and Conclusion Ontology",
      "url": "http://purl.obolibrary.org/obo/eco.owl",
      "version": "2018-11-10",
      "namespacePrefix": "ECO",
      "iriPrefix": "http://purl.obolibrary.org/obo/ECO_"
    }, {
      "id": "omim",
      "name": "Online Mendelian Inheritance in Man",
      "url": "https://www.omim.org",
      "namespacePrefix": "OMIM"
    }],
    "phenopacketSchemaVersion": "1.0.0-RC3",
    "externalReferences": [{
      "id": "PMID:30053862",
      "description": "A familial case of Galloway-Mowat syndrome due to a novel TP53RK mutation: a case report"
    }]
  }
}