{
  "id": "PMID:28781842-Infante-2017-SMC3-patient_1",
  "subject": {
    "id": "patient 1",
    "ageAtCollection": {
      "age": "7m"
    },
    "sex": "FEMALE",
    "taxonomy": {
      "id": "NCBITaxon:9606",
      "label": "Homo sapiens"
    }
  },
  "phenotypicFeatures": [{
    "type": {
      "id": "HP:0004209",
      "label": "Clinodactyly of the 5th finger"
    },
    "evidence": [{
      "evidenceCode": {
        "id": "ECO:0000033",
        "label": "author statement supported by traceable reference"
      },
      "reference": {
        "id": "PMID:28781842",
        "description": "Rare form of autosomal dominant familial Cornelia de Lange syndrome due to a novel duplication in SMC3"
      }
    }]
  }, {
    "type": {
      "id": "HP:0010044",
      "label": "Short 4th metacarpal"
    },
    "evidence": [{
      "evidenceCode": {
        "id": "ECO:0000033",
        "label": "author statement supported by traceable reference"
      },
      "reference": {
        "id": "PMID:28781842",
        "description": "Rare form of autosomal dominant familial Cornelia de Lange syndrome due to a novel duplication in SMC3"
      }
    }]
  }, {
    "type": {
      "id": "HP:0001508",
      "label": "Failure to thrive"
    },
    "evidence": [{
      "evidenceCode": {
        "id": "ECO:0000033",
        "label": "author statement supported by traceable reference"
      },
      "reference": {
        "id": "PMID:28781842",
        "description": "Rare form of autosomal dominant familial Cornelia de Lange syndrome due to a novel duplication in SMC3"
      }
    }]
  }, {
    "type": {
      "id": "HP:0000286",
      "label": "Epicanthus"
    },
    "evidence": [{
      "evidenceCode": {
        "id": "ECO:0000033",
        "label": "author statement supported by traceable reference"
      },
      "reference": {
        "id": "PMID:28781842",
        "description": "Rare form of autosomal dominant familial Cornelia de Lange syndrome due to a novel duplication in SMC3"
      }
    }]
  }, {
    "type": {
      "id": "HP:0000331",
      "label": "Short chin"
    },
    "evidence": [{
      "evidenceCode": {
        "id": "ECO:0000033",
        "label": "author statement supported by traceable reference"
      },
      "reference": {
        "id": "PMID:28781842",
        "description": "Rare form of autosomal dominant familial Cornelia de Lange syndrome due to a novel duplication in SMC3"
      }
    }]
  }, {
    "type": {
      "id": "HP:0004691",
      "label": "2-3 toe syndactyly"
    },
    "evidence": [{
      "evidenceCode": {
        "id": "ECO:0000033",
        "label": "author statement supported by traceable reference"
      },
      "reference": {
        "id": "PMID:28781842",
        "description": "Rare form of autosomal dominant familial Cornelia de Lange syndrome due to a novel duplication in SMC3"
      }
    }]
  }, {
    "type": {
      "id": "HP:0000574",
      "label": "Thick eyebrow"
    },
    "evidence": [{
      "evidenceCode": {
        "id": "ECO:0000033",
        "label": "author statement supported by traceable reference"
      },
      "reference": {
        "id": "PMID:28781842",
        "description": "Rare form of autosomal dominant familial Cornelia de Lange syndrome due to a novel duplication in SMC3"
      }
    }]
  }, {
    "type": {
      "id": "HP:0000463",
      "label": "Anteverted nares"
    },
    "evidence": [{
      "evidenceCode": {
        "id": "ECO:0000033",
        "label": "author statement supported by traceable reference"
      },
      "reference": {
        "id": "PMID:28781842",
        "description": "Rare form of autosomal dominant familial Cornelia de Lange syndrome due to a novel duplication in SMC3"
      }
    }]
  }, {
    "type": {
      "id": "HP:0012210",
      "label": "Abnormal renal morphology"
    },
    "negated": true,
    "evidence": [{
      "evidenceCode": {
        "id": "ECO:0000033",
        "label": "author statement supported by traceable reference"
      },
      "reference": {
        "id": "PMID:28781842",
        "description": "Rare form of autosomal dominant familial Cornelia de Lange syndrome due to a novel duplication in SMC3"
      }
    }]
  }, {
    "type": {
      "id": "HP:0000278",
      "label": "Retrognathia"
    },
    "evidence": [{
      "evidenceCode": {
        "id": "ECO:0000033",
        "label": "author statement supported by traceable reference"
      },
      "reference": {
        "id": "PMID:28781842",
        "description": "Rare form of autosomal dominant familial Cornelia de Lange syndrome due to a novel duplication in SMC3"
      }
    }]
  }, {
    "type": {
      "id": "HP:0000341",
      "label": "Narrow forehead"
    },
    "evidence": [{
      "evidenceCode": {
        "id": "ECO:0000033",
        "label": "author statement supported by traceable reference"
      },
      "reference": {
        "id": "PMID:28781842",
        "description": "Rare form of autosomal dominant familial Cornelia de Lange syndrome due to a novel duplication in SMC3"
      }
    }]
  }, {
    "type": {
      "id": "HP:0002553",
      "label": "Highly arched eyebrow"
    },
    "evidence": [{
      "evidenceCode": {
        "id": "ECO:0000033",
        "label": "author statement supported by traceable reference"
      },
      "reference": {
        "id": "PMID:28781842",
        "description": "Rare form of autosomal dominant familial Cornelia de Lange syndrome due to a novel duplication in SMC3"
      }
    }]
  }, {
    "type": {
      "id": "HP:0010047",
      "label": "Short 5th metacarpal"
    },
    "evidence": [{
      "evidenceCode": {
        "id": "ECO:0000033",
        "label": "author statement supported by traceable reference"
      },
      "reference": {
        "id": "PMID:28781842",
        "description": "Rare form of autosomal dominant familial Cornelia de Lange syndrome due to a novel duplication in SMC3"
      }
    }]
  }, {
    "type": {
      "id": "HP:0000508",
      "label": "Ptosis"
    },
    "evidence": [{
      "evidenceCode": {
        "id": "ECO:0000033",
        "label": "author statement supported by traceable reference"
      },
      "reference": {
        "id": "PMID:28781842",
        "description": "Rare form of autosomal dominant familial Cornelia de Lange syndrome due to a novel duplication in SMC3"
      }
    }]
  }, {
    "type": {
      "id": "HP:0009623",
      "label": "Proximal placement of thumb"
    },
    "evidence": [{
      "evidenceCode": {
        "id": "ECO:0000033",
        "label": "author statement supported by traceable reference"
      },
      "reference": {
        "id": "PMID:28781842",
        "description": "Rare form of autosomal dominant familial Cornelia de Lange syndrome due to a novel duplication in SMC3"
      }
    }]
  }, {
    "type": {
      "id": "HP:0001007",
      "label": "Hirsutism"
    },
    "evidence": [{
      "evidenceCode": {
        "id": "ECO:0000033",
        "label": "author statement supported by traceable reference"
      },
      "reference": {
        "id": "PMID:28781842",
        "description": "Rare form of autosomal dominant familial Cornelia de Lange syndrome due to a novel duplication in SMC3"
      }
    }]
  }, {
    "type": {
      "id": "HP:0005280",
      "label": "Depressed nasal bridge"
    },
    "evidence": [{
      "evidenceCode": {
        "id": "ECO:0000033",
        "label": "author statement supported by traceable reference"
      },
      "reference": {
        "id": "PMID:28781842",
        "description": "Rare form of autosomal dominant familial Cornelia de Lange syndrome due to a novel duplication in SMC3"
      }
    }]
  }, {
    "type": {
      "id": "HP:0000252",
      "label": "Microcephaly"
    },
    "evidence": [{
      "evidenceCode": {
        "id": "ECO:0000033",
        "label": "author statement supported by traceable reference"
      },
      "reference": {
        "id": "PMID:28781842",
        "description": "Rare form of autosomal dominant familial Cornelia de Lange syndrome due to a novel duplication in SMC3"
      }
    }]
  }, {
    "type": {
      "id": "HP:0000664",
      "label": "Synophrys"
    },
    "evidence": [{
      "evidenceCode": {
        "id": "ECO:0000033",
        "label": "author statement supported by traceable reference"
      },
      "reference": {
        "id": "PMID:28781842",
        "description": "Rare form of autosomal dominant familial Cornelia de Lange syndrome due to a novel duplication in SMC3"
      }
    }]
  }, {
    "type": {
      "id": "HP:0007665",
      "label": "Curly eyelashes"
    },
    "evidence": [{
      "evidenceCode": {
        "id": "ECO:0000033",
        "label": "author statement supported by traceable reference"
      },
      "reference": {
        "id": "PMID:28781842",
        "description": "Rare form of autosomal dominant familial Cornelia de Lange syndrome due to a novel duplication in SMC3"
      }
    }]
  }, {
    "type": {
      "id": "HP:0008872",
      "label": "Feeding difficulties in infancy"
    },
    "evidence": [{
      "evidenceCode": {
        "id": "ECO:0000033",
        "label": "author statement supported by traceable reference"
      },
      "reference": {
        "id": "PMID:28781842",
        "description": "Rare form of autosomal dominant familial Cornelia de Lange syndrome due to a novel duplication in SMC3"
      }
    }]
  }, {
    "type": {
      "id": "HP:0002194",
      "label": "Delayed gross motor development"
    },
    "evidence": [{
      "evidenceCode": {
        "id": "ECO:0000033",
        "label": "author statement supported by traceable reference"
      },
      "reference": {
        "id": "PMID:28781842",
        "description": "Rare form of autosomal dominant familial Cornelia de Lange syndrome due to a novel duplication in SMC3"
      }
    }]
  }, {
    "type": {
      "id": "HP:0000218",
      "label": "High palate"
    },
    "evidence": [{
      "evidenceCode": {
        "id": "ECO:0000033",
        "label": "author statement supported by traceable reference"
      },
      "reference": {
        "id": "PMID:28781842",
        "description": "Rare form of autosomal dominant familial Cornelia de Lange syndrome due to a novel duplication in SMC3"
      }
    }]
  }],
  "genes": [{
    "id": "NCBIGene:9126",
    "symbol": "SMC3"
  }],
  "variants": [{
    "vcfAllele": {
      "genomeAssembly": "GRCh37",
      "chr": "10",
      "pos": 112349671,
      "ref": "T",
      "alt": "TGCA"
    },
    "zygosity": {
      "id": "GENO:0000135",
      "label": "heterozygous"
    }
  }],
  "diseases": [{
    "term": {
      "id": "OMIM:610759",
      "label": "CORNELIA DE LANGE SYNDROME 3; CDLS3"
    }
  }],
  "metaData": {
    "submittedBy": "HPO:probinson",
    "resources": [{
      "id": "hp",
      "name": "human phenotype ontology",
      "url": "http://purl.obolibrary.org/obo/hp.owl",
      "version": "2018-03-08",
      "namespacePrefix": "HP",
      "iriPrefix": "http://purl.obolibrary.org/obo/HP_"
    }, {
      "id": "pato",
      "name": "Phenotype And Trait Ontology",
      "url": "http://purl.obolibrary.org/obo/pato.owl",
      "version": "2018-03-28",
      "namespacePrefix": "PATO",
      "iriPrefix": "http://purl.obolibrary.org/obo/PATO_"
    }, {
      "id": "geno",
      "name": "Genotype Ontology",
      "url": "http://purl.obolibrary.org/obo/geno.owl",
      "version": "19-03-2018",
      "namespacePrefix": "GENO",
      "iriPrefix": "http://purl.obolibrary.org/obo/GENO_"
    }, {
      "id": "ncbitaxon",
      "name": "NCBI organismal classification",
      "url": "http://purl.obolibrary.org/obo/ncbitaxon.owl",
      "version": "2018-03-02",
      "namespacePrefix": "NCBITaxon"
    }, {
      "id": "eco",
      "name": "Evidence and Conclusion Ontology",
      "url": "http://purl.obolibrary.org/obo/eco.owl",
      "version": "2018-11-10",
      "namespacePrefix": "ECO",
      "iriPrefix": "http://purl.obolibrary.org/obo/ECO_"
    }, {
      "id": "omim",
      "name": "Online Mendelian Inheritance in Man",
      "url": "https://www.omim.org",
      "namespacePrefix": "OMIM"
    }],
    "phenopacketSchemaVersion": "1.0.0-RC3",
    "externalReferences": [{
      "id": "PMID:28781842",
      "description": "Rare form of autosomal dominant familial Cornelia de Lange syndrome due to a novel duplication in SMC3"
    }]
  }
}