{
  "id": "PMID:28148925-Inui-2017-LONP1-Proband",
  "subject": {
    "id": "Proband",
    "ageAtCollection": {
      "age": "P12Y"
    },
    "sex": "MALE",
    "taxonomy": {
      "id": "NCBITaxon:9606",
      "label": "Homo sapiens"
    }
  },
  "phenotypicFeatures": [{
    "type": {
      "id": "HP:0004322",
      "label": "Short stature"
    },
    "evidence": [{
      "evidenceCode": {
        "id": "ECO:0000033",
        "label": "author statement supported by traceable reference"
      },
      "reference": {
        "id": "PMID:28148925",
        "description": "A novel mutation in the proteolytic domain of LONP1 causes atypical CODAS syndrome"
      }
    }]
  }, {
    "type": {
      "id": "HP:0002023",
      "label": "Anal atresia"
    },
    "evidence": [{
      "evidenceCode": {
        "id": "ECO:0000033",
        "label": "author statement supported by traceable reference"
      },
      "reference": {
        "id": "PMID:28148925",
        "description": "A novel mutation in the proteolytic domain of LONP1 causes atypical CODAS syndrome"
      }
    }]
  }, {
    "type": {
      "id": "HP:0003112",
      "label": "Abnormality of serum amino acid level"
    },
    "negated": true,
    "evidence": [{
      "evidenceCode": {
        "id": "ECO:0000033",
        "label": "author statement supported by traceable reference"
      },
      "reference": {
        "id": "PMID:28148925",
        "description": "A novel mutation in the proteolytic domain of LONP1 causes atypical CODAS syndrome"
      }
    }]
  }, {
    "type": {
      "id": "HP:0040081",
      "label": "Abnormal circulating creatine kinase concentration"
    },
    "negated": true,
    "evidence": [{
      "evidenceCode": {
        "id": "ECO:0000033",
        "label": "author statement supported by traceable reference"
      },
      "reference": {
        "id": "PMID:28148925",
        "description": "A novel mutation in the proteolytic domain of LONP1 causes atypical CODAS syndrome"
      }
    }]
  }, {
    "type": {
      "id": "HP:0010818",
      "label": "Generalized tonic seizures"
    },
    "evidence": [{
      "evidenceCode": {
        "id": "ECO:0000033",
        "label": "author statement supported by traceable reference"
      },
      "reference": {
        "id": "PMID:28148925",
        "description": "A novel mutation in the proteolytic domain of LONP1 causes atypical CODAS syndrome"
      }
    }]
  }, {
    "type": {
      "id": "HP:0002059",
      "label": "Cerebral atrophy"
    },
    "evidence": [{
      "evidenceCode": {
        "id": "ECO:0000033",
        "label": "author statement supported by traceable reference"
      },
      "reference": {
        "id": "PMID:28148925",
        "description": "A novel mutation in the proteolytic domain of LONP1 causes atypical CODAS syndrome"
      }
    }]
  }, {
    "type": {
      "id": "HP:0001290",
      "label": "Generalized hypotonia"
    },
    "evidence": [{
      "evidenceCode": {
        "id": "ECO:0000033",
        "label": "author statement supported by traceable reference"
      },
      "reference": {
        "id": "PMID:28148925",
        "description": "A novel mutation in the proteolytic domain of LONP1 causes atypical CODAS syndrome"
      }
    }]
  }, {
    "type": {
      "id": "HP:0000518",
      "label": "Cataract"
    },
    "evidence": [{
      "evidenceCode": {
        "id": "ECO:0000033",
        "label": "author statement supported by traceable reference"
      },
      "reference": {
        "id": "PMID:28148925",
        "description": "A novel mutation in the proteolytic domain of LONP1 causes atypical CODAS syndrome"
      }
    }]
  }, {
    "type": {
      "id": "HP:0002061",
      "label": "Lower limb spasticity"
    },
    "evidence": [{
      "evidenceCode": {
        "id": "ECO:0000033",
        "label": "author statement supported by traceable reference"
      },
      "reference": {
        "id": "PMID:28148925",
        "description": "A novel mutation in the proteolytic domain of LONP1 causes atypical CODAS syndrome"
      }
    }]
  }, {
    "type": {
      "id": "HP:0003542",
      "label": "Increased serum pyruvate"
    },
    "negated": true,
    "evidence": [{
      "evidenceCode": {
        "id": "ECO:0000033",
        "label": "author statement supported by traceable reference"
      },
      "reference": {
        "id": "PMID:28148925",
        "description": "A novel mutation in the proteolytic domain of LONP1 causes atypical CODAS syndrome"
      }
    }]
  }, {
    "type": {
      "id": "HP:0001263",
      "label": "Global developmental delay"
    },
    "evidence": [{
      "evidenceCode": {
        "id": "ECO:0000033",
        "label": "author statement supported by traceable reference"
      },
      "reference": {
        "id": "PMID:28148925",
        "description": "A novel mutation in the proteolytic domain of LONP1 causes atypical CODAS syndrome"
      }
    }]
  }, {
    "type": {
      "id": "HP:0001266",
      "label": "Choreoathetosis"
    },
    "evidence": [{
      "evidenceCode": {
        "id": "ECO:0000033",
        "label": "author statement supported by traceable reference"
      },
      "reference": {
        "id": "PMID:28148925",
        "description": "A novel mutation in the proteolytic domain of LONP1 causes atypical CODAS syndrome"
      }
    }]
  }, {
    "type": {
      "id": "HP:0001270",
      "label": "Motor delay"
    },
    "evidence": [{
      "evidenceCode": {
        "id": "ECO:0000033",
        "label": "author statement supported by traceable reference"
      },
      "reference": {
        "id": "PMID:28148925",
        "description": "A novel mutation in the proteolytic domain of LONP1 causes atypical CODAS syndrome"
      }
    }]
  }],
  "genes": [{
    "id": "NCBIGene:9361",
    "symbol": "LONP1"
  }],
  "variants": [{
    "vcfAllele": {
      "genomeAssembly": "GRCh37",
      "chr": "19",
      "pos": 5719847,
      "ref": "G",
      "alt": "GC"
    },
    "zygosity": {
      "id": "GENO:0000135",
      "label": "heterozygous"
    }
  }, {
    "vcfAllele": {
      "genomeAssembly": "GRCh37",
      "chr": "19",
      "pos": 5693745,
      "ref": "G",
      "alt": "A"
    },
    "zygosity": {
      "id": "GENO:0000135",
      "label": "heterozygous"
    }
  }],
  "diseases": [{
    "term": {
      "id": "OMIM:600373",
      "label": "CODAS SYNDROME"
    }
  }],
  "metaData": {
    "createdBy": "Hpo Case Annotator : 1.0.13-SNAPSHOT",
    "submittedBy": "HPO:probinson",
    "resources": [{
      "id": "hp",
      "name": "human phenotype ontology",
      "url": "http://purl.obolibrary.org/obo/hp.owl",
      "version": "2018-03-08",
      "namespacePrefix": "HP",
      "iriPrefix": "http://purl.obolibrary.org/obo/HP_"
    }, {
      "id": "pato",
      "name": "Phenotype And Trait Ontology",
      "url": "http://purl.obolibrary.org/obo/pato.owl",
      "version": "2018-03-28",
      "namespacePrefix": "PATO",
      "iriPrefix": "http://purl.obolibrary.org/obo/PATO_"
    }, {
      "id": "geno",
      "name": "Genotype Ontology",
      "url": "http://purl.obolibrary.org/obo/geno.owl",
      "version": "19-03-2018",
      "namespacePrefix": "GENO",
      "iriPrefix": "http://purl.obolibrary.org/obo/GENO_"
    }, {
      "id": "ncbitaxon",
      "name": "NCBI organismal classification",
      "url": "http://purl.obolibrary.org/obo/ncbitaxon.owl",
      "version": "2018-03-02",
      "namespacePrefix": "NCBITaxon"
    }, {
      "id": "eco",
      "name": "Evidence and Conclusion Ontology",
      "url": "http://purl.obolibrary.org/obo/eco.owl",
      "version": "2018-11-10",
      "namespacePrefix": "ECO",
      "iriPrefix": "http://purl.obolibrary.org/obo/ECO_"
    }, {
      "id": "omim",
      "name": "Online Mendelian Inheritance in Man",
      "url": "https://www.omim.org",
      "namespacePrefix": "OMIM"
    }],
    "phenopacketSchemaVersion": "1.0.0-RC3",
    "externalReferences": [{
      "id": "PMID:28148925",
      "description": "A novel mutation in the proteolytic domain of LONP1 causes atypical CODAS syndrome"
    }]
  }
}