{
  "id": "PMID:28984260-Jagadisan-2017-PYGL-2-year_5-month_old_child",
  "subject": {
    "id": "2-year 5-month old child",
    "ageAtCollection": {
      "age": "P2T5M"
    },
    "sex": "FEMALE",
    "taxonomy": {
      "id": "NCBITaxon:9606",
      "label": "Homo sapiens"
    }
  },
  "phenotypicFeatures": [{
    "type": {
      "id": "HP:0001263",
      "label": "Global developmental delay"
    },
    "negated": true,
    "evidence": [{
      "evidenceCode": {
        "id": "ECO:0000033",
        "label": "author statement supported by traceable reference"
      },
      "reference": {
        "id": "PMID:28984260",
        "description": "Glycogen Storage Disease Type VI With a Novel Mutation in PYGL Gene"
      }
    }]
  }, {
    "type": {
      "id": "HP:0003270",
      "label": "Abdominal distention"
    },
    "evidence": [{
      "evidenceCode": {
        "id": "ECO:0000033",
        "label": "author statement supported by traceable reference"
      },
      "reference": {
        "id": "PMID:28984260",
        "description": "Glycogen Storage Disease Type VI With a Novel Mutation in PYGL Gene"
      }
    }]
  }, {
    "type": {
      "id": "HP:0001892",
      "label": "Abnormal bleeding"
    },
    "negated": true,
    "evidence": [{
      "evidenceCode": {
        "id": "ECO:0000033",
        "label": "author statement supported by traceable reference"
      },
      "reference": {
        "id": "PMID:28984260",
        "description": "Glycogen Storage Disease Type VI With a Novel Mutation in PYGL Gene"
      }
    }]
  }, {
    "type": {
      "id": "HP:0001250",
      "label": "Seizures"
    },
    "negated": true,
    "evidence": [{
      "evidenceCode": {
        "id": "ECO:0000033",
        "label": "author statement supported by traceable reference"
      },
      "reference": {
        "id": "PMID:28984260",
        "description": "Glycogen Storage Disease Type VI With a Novel Mutation in PYGL Gene"
      }
    }]
  }, {
    "type": {
      "id": "HP:0004322",
      "label": "Short stature"
    },
    "evidence": [{
      "evidenceCode": {
        "id": "ECO:0000033",
        "label": "author statement supported by traceable reference"
      },
      "reference": {
        "id": "PMID:28984260",
        "description": "Glycogen Storage Disease Type VI With a Novel Mutation in PYGL Gene"
      }
    }]
  }, {
    "type": {
      "id": "HP:0002910",
      "label": "Elevated hepatic transaminase"
    },
    "evidence": [{
      "evidenceCode": {
        "id": "ECO:0000033",
        "label": "author statement supported by traceable reference"
      },
      "reference": {
        "id": "PMID:28984260",
        "description": "Glycogen Storage Disease Type VI With a Novel Mutation in PYGL Gene"
      }
    }]
  }, {
    "type": {
      "id": "HP:0001945",
      "label": "Fever"
    },
    "negated": true,
    "evidence": [{
      "evidenceCode": {
        "id": "ECO:0000033",
        "label": "author statement supported by traceable reference"
      },
      "reference": {
        "id": "PMID:28984260",
        "description": "Glycogen Storage Disease Type VI With a Novel Mutation in PYGL Gene"
      }
    }]
  }, {
    "type": {
      "id": "HP:0003124",
      "label": "Hypercholesterolemia"
    },
    "evidence": [{
      "evidenceCode": {
        "id": "ECO:0000033",
        "label": "author statement supported by traceable reference"
      },
      "reference": {
        "id": "PMID:28984260",
        "description": "Glycogen Storage Disease Type VI With a Novel Mutation in PYGL Gene"
      }
    }]
  }, {
    "type": {
      "id": "HP:0002155",
      "label": "Hypertriglyceridemia"
    },
    "evidence": [{
      "evidenceCode": {
        "id": "ECO:0000033",
        "label": "author statement supported by traceable reference"
      },
      "reference": {
        "id": "PMID:28984260",
        "description": "Glycogen Storage Disease Type VI With a Novel Mutation in PYGL Gene"
      }
    }]
  }, {
    "type": {
      "id": "HP:0001531",
      "label": "Failure to thrive in infancy"
    },
    "evidence": [{
      "evidenceCode": {
        "id": "ECO:0000033",
        "label": "author statement supported by traceable reference"
      },
      "reference": {
        "id": "PMID:28984260",
        "description": "Glycogen Storage Disease Type VI With a Novel Mutation in PYGL Gene"
      }
    }]
  }, {
    "type": {
      "id": "HP:0000952",
      "label": "Jaundice"
    },
    "negated": true,
    "evidence": [{
      "evidenceCode": {
        "id": "ECO:0000033",
        "label": "author statement supported by traceable reference"
      },
      "reference": {
        "id": "PMID:28984260",
        "description": "Glycogen Storage Disease Type VI With a Novel Mutation in PYGL Gene"
      }
    }]
  }, {
    "type": {
      "id": "HP:0001405",
      "label": "Periportal fibrosis"
    },
    "evidence": [{
      "evidenceCode": {
        "id": "ECO:0000033",
        "label": "author statement supported by traceable reference"
      },
      "reference": {
        "id": "PMID:28984260",
        "description": "Glycogen Storage Disease Type VI With a Novel Mutation in PYGL Gene"
      }
    }]
  }, {
    "type": {
      "id": "HP:0002240",
      "label": "Hepatomegaly"
    },
    "evidence": [{
      "evidenceCode": {
        "id": "ECO:0000033",
        "label": "author statement supported by traceable reference"
      },
      "reference": {
        "id": "PMID:28984260",
        "description": "Glycogen Storage Disease Type VI With a Novel Mutation in PYGL Gene"
      }
    }]
  }, {
    "type": {
      "id": "HP:0002013",
      "label": "Vomiting"
    },
    "negated": true,
    "evidence": [{
      "evidenceCode": {
        "id": "ECO:0000033",
        "label": "author statement supported by traceable reference"
      },
      "reference": {
        "id": "PMID:28984260",
        "description": "Glycogen Storage Disease Type VI With a Novel Mutation in PYGL Gene"
      }
    }]
  }],
  "genes": [{
    "id": "NCBIGene:5836",
    "symbol": "PYGL"
  }],
  "variants": [{
    "vcfAllele": {
      "genomeAssembly": "GRCh37",
      "chr": "14",
      "pos": 51382160,
      "ref": "C",
      "alt": "A"
    },
    "zygosity": {
      "id": "GENO:0000136",
      "label": "homozygous"
    }
  }],
  "diseases": [{
    "term": {
      "id": "OMIM:232700",
      "label": "GLYCOGEN STORAGE DISEASE VI; GSD6"
    }
  }],
  "metaData": {
    "submittedBy": "HPO:probinson",
    "resources": [{
      "id": "hp",
      "name": "human phenotype ontology",
      "url": "http://purl.obolibrary.org/obo/hp.owl",
      "version": "2018-03-08",
      "namespacePrefix": "HP",
      "iriPrefix": "http://purl.obolibrary.org/obo/HP_"
    }, {
      "id": "pato",
      "name": "Phenotype And Trait Ontology",
      "url": "http://purl.obolibrary.org/obo/pato.owl",
      "version": "2018-03-28",
      "namespacePrefix": "PATO",
      "iriPrefix": "http://purl.obolibrary.org/obo/PATO_"
    }, {
      "id": "geno",
      "name": "Genotype Ontology",
      "url": "http://purl.obolibrary.org/obo/geno.owl",
      "version": "19-03-2018",
      "namespacePrefix": "GENO",
      "iriPrefix": "http://purl.obolibrary.org/obo/GENO_"
    }, {
      "id": "ncbitaxon",
      "name": "NCBI organismal classification",
      "url": "http://purl.obolibrary.org/obo/ncbitaxon.owl",
      "version": "2018-03-02",
      "namespacePrefix": "NCBITaxon"
    }, {
      "id": "eco",
      "name": "Evidence and Conclusion Ontology",
      "url": "http://purl.obolibrary.org/obo/eco.owl",
      "version": "2018-11-10",
      "namespacePrefix": "ECO",
      "iriPrefix": "http://purl.obolibrary.org/obo/ECO_"
    }, {
      "id": "omim",
      "name": "Online Mendelian Inheritance in Man",
      "url": "https://www.omim.org",
      "namespacePrefix": "OMIM"
    }],
    "phenopacketSchemaVersion": "1.0.0-RC3",
    "externalReferences": [{
      "id": "PMID:28984260",
      "description": "Glycogen Storage Disease Type VI With a Novel Mutation in PYGL Gene"
    }]
  }
}