{
  "id": "PMID:26358773-Janecke-2015-SLC9A3-Patient_9",
  "subject": {
    "id": "Patient 9",
    "ageAtCollection": {
      "age": "1.5"
    },
    "sex": "MALE",
    "taxonomy": {
      "id": "NCBITaxon:9606",
      "label": "Homo sapiens"
    }
  },
  "phenotypicFeatures": [{
    "type": {
      "id": "HP:0032368",
      "label": "Acidemia"
    },
    "negated": true,
    "evidence": [{
      "evidenceCode": {
        "id": "ECO:0000033",
        "label": "author statement supported by traceable reference"
      },
      "reference": {
        "id": "PMID:26358773",
        "description": "Reduced sodium/proton exchanger NHE3 activity causes congenital sodium diarrhea"
      }
    }]
  }, {
    "type": {
      "id": "HP:0001518",
      "label": "Small for gestational age"
    },
    "evidence": [{
      "evidenceCode": {
        "id": "ECO:0000033",
        "label": "author statement supported by traceable reference"
      },
      "reference": {
        "id": "PMID:26358773",
        "description": "Reduced sodium/proton exchanger NHE3 activity causes congenital sodium diarrhea"
      }
    }]
  }, {
    "type": {
      "id": "HP:0032484",
      "label": "Elevated fecal sodium"
    },
    "evidence": [{
      "evidenceCode": {
        "id": "ECO:0000033",
        "label": "author statement supported by traceable reference"
      },
      "reference": {
        "id": "PMID:26358773",
        "description": "Reduced sodium/proton exchanger NHE3 activity causes congenital sodium diarrhea"
      }
    }]
  }, {
    "type": {
      "id": "HP:0001561",
      "label": "Polyhydramnios"
    },
    "evidence": [{
      "evidenceCode": {
        "id": "ECO:0000033",
        "label": "author statement supported by traceable reference"
      },
      "reference": {
        "id": "PMID:26358773",
        "description": "Reduced sodium/proton exchanger NHE3 activity causes congenital sodium diarrhea"
      }
    }]
  }, {
    "type": {
      "id": "HP:0001510",
      "label": "Growth delay"
    },
    "evidence": [{
      "evidenceCode": {
        "id": "ECO:0000033",
        "label": "author statement supported by traceable reference"
      },
      "reference": {
        "id": "PMID:26358773",
        "description": "Reduced sodium/proton exchanger NHE3 activity causes congenital sodium diarrhea"
      }
    }]
  }, {
    "type": {
      "id": "HP:0005208",
      "label": "Secretory diarrhea"
    },
    "evidence": [{
      "evidenceCode": {
        "id": "ECO:0000033",
        "label": "author statement supported by traceable reference"
      },
      "reference": {
        "id": "PMID:26358773",
        "description": "Reduced sodium/proton exchanger NHE3 activity causes congenital sodium diarrhea"
      }
    }]
  }, {
    "type": {
      "id": "HP:0003270",
      "label": "Abdominal distention"
    },
    "evidence": [{
      "evidenceCode": {
        "id": "ECO:0000033",
        "label": "author statement supported by traceable reference"
      },
      "reference": {
        "id": "PMID:26358773",
        "description": "Reduced sodium/proton exchanger NHE3 activity causes congenital sodium diarrhea"
      }
    }]
  }, {
    "type": {
      "id": "HP:0012604",
      "label": "Hyponatriuria"
    },
    "evidence": [{
      "evidenceCode": {
        "id": "ECO:0000033",
        "label": "author statement supported by traceable reference"
      },
      "reference": {
        "id": "PMID:26358773",
        "description": "Reduced sodium/proton exchanger NHE3 activity causes congenital sodium diarrhea"
      }
    }]
  }, {
    "type": {
      "id": "HP:0032487",
      "label": "Reduced fecal osmolality"
    },
    "evidence": [{
      "evidenceCode": {
        "id": "ECO:0000033",
        "label": "author statement supported by traceable reference"
      },
      "reference": {
        "id": "PMID:26358773",
        "description": "Reduced sodium/proton exchanger NHE3 activity causes congenital sodium diarrhea"
      }
    }]
  }],
  "genes": [{
    "id": "NCBIGene:6550",
    "symbol": "SLC9A3"
  }],
  "variants": [{
    "vcfAllele": {
      "genomeAssembly": "GRCh37",
      "chr": "5",
      "pos": 483385,
      "ref": "C",
      "alt": "T"
    },
    "zygosity": {
      "id": "GENO:0000135",
      "label": "heterozygous"
    }
  }, {
    "vcfAllele": {
      "genomeAssembly": "GRCh37",
      "chr": "5",
      "pos": 477461,
      "ref": "AG",
      "alt": "A"
    },
    "zygosity": {
      "id": "GENO:0000135",
      "label": "heterozygous"
    }
  }],
  "diseases": [{
    "term": {
      "id": "OMIM:616868",
      "label": "Diarrhea 8, secretory sodium, congenital"
    }
  }],
  "metaData": {
    "createdBy": "Hpo Case Annotator : 1.0.13-SNAPSHOT",
    "submittedBy": "HPO:probinson",
    "resources": [{
      "id": "hp",
      "name": "human phenotype ontology",
      "url": "http://purl.obolibrary.org/obo/hp.owl",
      "version": "2018-03-08",
      "namespacePrefix": "HP",
      "iriPrefix": "http://purl.obolibrary.org/obo/HP_"
    }, {
      "id": "pato",
      "name": "Phenotype And Trait Ontology",
      "url": "http://purl.obolibrary.org/obo/pato.owl",
      "version": "2018-03-28",
      "namespacePrefix": "PATO",
      "iriPrefix": "http://purl.obolibrary.org/obo/PATO_"
    }, {
      "id": "geno",
      "name": "Genotype Ontology",
      "url": "http://purl.obolibrary.org/obo/geno.owl",
      "version": "19-03-2018",
      "namespacePrefix": "GENO",
      "iriPrefix": "http://purl.obolibrary.org/obo/GENO_"
    }, {
      "id": "ncbitaxon",
      "name": "NCBI organismal classification",
      "url": "http://purl.obolibrary.org/obo/ncbitaxon.owl",
      "version": "2018-03-02",
      "namespacePrefix": "NCBITaxon"
    }, {
      "id": "eco",
      "name": "Evidence and Conclusion Ontology",
      "url": "http://purl.obolibrary.org/obo/eco.owl",
      "version": "2018-11-10",
      "namespacePrefix": "ECO",
      "iriPrefix": "http://purl.obolibrary.org/obo/ECO_"
    }, {
      "id": "omim",
      "name": "Online Mendelian Inheritance in Man",
      "url": "https://www.omim.org",
      "namespacePrefix": "OMIM"
    }],
    "phenopacketSchemaVersion": "1.0.0-RC3",
    "externalReferences": [{
      "id": "PMID:26358773",
      "description": "Reduced sodium/proton exchanger NHE3 activity causes congenital sodium diarrhea"
    }]
  }
}