{
  "id": "PMID:24533970-Jeon-2014-LAMC2-patient",
  "subject": {
    "id": "patient",
    "ageAtCollection": {
      "age": "P2W"
    },
    "sex": "MALE",
    "taxonomy": {
      "id": "NCBITaxon:9606",
      "label": "Homo sapiens"
    }
  },
  "phenotypicFeatures": [{
    "type": {
      "id": "HP:0100806",
      "label": "Sepsis"
    },
    "evidence": [{
      "evidenceCode": {
        "id": "ECO:0000033",
        "label": "author statement supported by traceable reference"
      },
      "reference": {
        "id": "PMID:24533970",
        "description": "Novel compound heterozygous mutation in LAMC2 genes (c"
      }
    }]
  }, {
    "type": {
      "id": "HP:0200041",
      "label": "Skin erosion"
    },
    "evidence": [{
      "evidenceCode": {
        "id": "ECO:0000033",
        "label": "author statement supported by traceable reference"
      },
      "reference": {
        "id": "PMID:24533970",
        "description": "Novel compound heterozygous mutation in LAMC2 genes (c"
      }
    }]
  }, {
    "type": {
      "id": "HP:0031446",
      "label": "Erosion of oral mucosa"
    },
    "evidence": [{
      "evidenceCode": {
        "id": "ECO:0000033",
        "label": "author statement supported by traceable reference"
      },
      "reference": {
        "id": "PMID:24533970",
        "description": "Novel compound heterozygous mutation in LAMC2 genes (c"
      }
    }]
  }, {
    "type": {
      "id": "HP:0008066",
      "label": "Abnormal blistering of the skin"
    },
    "evidence": [{
      "evidenceCode": {
        "id": "ECO:0000033",
        "label": "author statement supported by traceable reference"
      },
      "reference": {
        "id": "PMID:24533970",
        "description": "Novel compound heterozygous mutation in LAMC2 genes (c"
      }
    }]
  }, {
    "type": {
      "id": "HP:0003341",
      "label": "Junctional split"
    },
    "evidence": [{
      "evidenceCode": {
        "id": "ECO:0000033",
        "label": "author statement supported by traceable reference"
      },
      "reference": {
        "id": "PMID:24533970",
        "description": "Novel compound heterozygous mutation in LAMC2 genes (c"
      }
    }]
  }],
  "genes": [{
    "id": "NCBIGene:3918",
    "symbol": "LAMC2"
  }],
  "variants": [{
    "vcfAllele": {
      "genomeAssembly": "GRCh37",
      "chr": "1",
      "pos": 183155566,
      "ref": "G",
      "alt": "A"
    },
    "zygosity": {
      "id": "GENO:0000135",
      "label": "heterozygous"
    }
  }, {
    "vcfAllele": {
      "genomeAssembly": "GRCh37",
      "chr": "1",
      "pos": 183184700,
      "ref": "G",
      "alt": "GT"
    },
    "zygosity": {
      "id": "GENO:0000135",
      "label": "heterozygous"
    }
  }],
  "diseases": [{
    "term": {
      "id": "OMIM:226700",
      "label": "EPIDERMOLYSIS BULLOSA, JUNCTIONAL, HERLITZ TYPE"
    }
  }],
  "metaData": {
    "createdBy": "Hpo Case Annotator : 1.0.13-SNAPSHOT",
    "submittedBy": "HPO:probinson",
    "resources": [{
      "id": "hp",
      "name": "human phenotype ontology",
      "url": "http://purl.obolibrary.org/obo/hp.owl",
      "version": "2018-03-08",
      "namespacePrefix": "HP",
      "iriPrefix": "http://purl.obolibrary.org/obo/HP_"
    }, {
      "id": "pato",
      "name": "Phenotype And Trait Ontology",
      "url": "http://purl.obolibrary.org/obo/pato.owl",
      "version": "2018-03-28",
      "namespacePrefix": "PATO",
      "iriPrefix": "http://purl.obolibrary.org/obo/PATO_"
    }, {
      "id": "geno",
      "name": "Genotype Ontology",
      "url": "http://purl.obolibrary.org/obo/geno.owl",
      "version": "19-03-2018",
      "namespacePrefix": "GENO",
      "iriPrefix": "http://purl.obolibrary.org/obo/GENO_"
    }, {
      "id": "ncbitaxon",
      "name": "NCBI organismal classification",
      "url": "http://purl.obolibrary.org/obo/ncbitaxon.owl",
      "version": "2018-03-02",
      "namespacePrefix": "NCBITaxon"
    }, {
      "id": "eco",
      "name": "Evidence and Conclusion Ontology",
      "url": "http://purl.obolibrary.org/obo/eco.owl",
      "version": "2018-11-10",
      "namespacePrefix": "ECO",
      "iriPrefix": "http://purl.obolibrary.org/obo/ECO_"
    }, {
      "id": "omim",
      "name": "Online Mendelian Inheritance in Man",
      "url": "https://www.omim.org",
      "namespacePrefix": "OMIM"
    }],
    "phenopacketSchemaVersion": "1.0.0-RC3",
    "externalReferences": [{
      "id": "PMID:24533970",
      "description": "Novel compound heterozygous mutation in LAMC2 genes (c"
    }]
  }
}