{
  "id": "PMID:28371217-Ji-2017-ATRX-Proband",
  "subject": {
    "id": "Proband",
    "ageAtCollection": {
      "age": "P22Y"
    },
    "sex": "MALE",
    "taxonomy": {
      "id": "NCBITaxon:9606",
      "label": "Homo sapiens"
    }
  },
  "phenotypicFeatures": [{
    "type": {
      "id": "HP:0002714",
      "label": "Downturned corners of mouth"
    },
    "evidence": [{
      "evidenceCode": {
        "id": "ECO:0000033",
        "label": "author statement supported by traceable reference"
      },
      "reference": {
        "id": "PMID:28371217",
        "description": "Inherited germline ATRX mutation in two brothers with ATR-X syndrome and osteosarcoma"
      }
    }]
  }, {
    "type": {
      "id": "HP:0000252",
      "label": "Microcephaly"
    },
    "evidence": [{
      "evidenceCode": {
        "id": "ECO:0000033",
        "label": "author statement supported by traceable reference"
      },
      "reference": {
        "id": "PMID:28371217",
        "description": "Inherited germline ATRX mutation in two brothers with ATR-X syndrome and osteosarcoma"
      }
    }]
  }, {
    "type": {
      "id": "HP:0000316",
      "label": "Hypertelorism"
    },
    "evidence": [{
      "evidenceCode": {
        "id": "ECO:0000033",
        "label": "author statement supported by traceable reference"
      },
      "reference": {
        "id": "PMID:28371217",
        "description": "Inherited germline ATRX mutation in two brothers with ATR-X syndrome and osteosarcoma"
      }
    }]
  }, {
    "type": {
      "id": "HP:0000028",
      "label": "Cryptorchidism"
    },
    "evidence": [{
      "evidenceCode": {
        "id": "ECO:0000033",
        "label": "author statement supported by traceable reference"
      },
      "reference": {
        "id": "PMID:28371217",
        "description": "Inherited germline ATRX mutation in two brothers with ATR-X syndrome and osteosarcoma"
      }
    }]
  }, {
    "type": {
      "id": "HP:0001935",
      "label": "Microcytic anemia"
    },
    "evidence": [{
      "evidenceCode": {
        "id": "ECO:0000033",
        "label": "author statement supported by traceable reference"
      },
      "reference": {
        "id": "PMID:28371217",
        "description": "Inherited germline ATRX mutation in two brothers with ATR-X syndrome and osteosarcoma"
      }
    }]
  }, {
    "type": {
      "id": "HP:0002669",
      "label": "Osteosarcoma"
    },
    "evidence": [{
      "evidenceCode": {
        "id": "ECO:0000033",
        "label": "author statement supported by traceable reference"
      },
      "reference": {
        "id": "PMID:28371217",
        "description": "Inherited germline ATRX mutation in two brothers with ATR-X syndrome and osteosarcoma"
      }
    }]
  }, {
    "type": {
      "id": "HP:0000054",
      "label": "Micropenis"
    },
    "evidence": [{
      "evidenceCode": {
        "id": "ECO:0000033",
        "label": "author statement supported by traceable reference"
      },
      "reference": {
        "id": "PMID:28371217",
        "description": "Inherited germline ATRX mutation in two brothers with ATR-X syndrome and osteosarcoma"
      }
    }]
  }, {
    "type": {
      "id": "HP:0010864",
      "label": "Intellectual disability, severe"
    },
    "evidence": [{
      "evidenceCode": {
        "id": "ECO:0000033",
        "label": "author statement supported by traceable reference"
      },
      "reference": {
        "id": "PMID:28371217",
        "description": "Inherited germline ATRX mutation in two brothers with ATR-X syndrome and osteosarcoma"
      }
    }]
  }, {
    "type": {
      "id": "HP:0000280",
      "label": "Coarse facial features"
    },
    "evidence": [{
      "evidenceCode": {
        "id": "ECO:0000033",
        "label": "author statement supported by traceable reference"
      },
      "reference": {
        "id": "PMID:28371217",
        "description": "Inherited germline ATRX mutation in two brothers with ATR-X syndrome and osteosarcoma"
      }
    }]
  }],
  "genes": [{
    "id": "NCBIGene:546",
    "symbol": "ATRX"
  }],
  "variants": [{
    "vcfAllele": {
      "genomeAssembly": "GRCh37",
      "chr": "X",
      "pos": 76776310,
      "ref": "G",
      "alt": "A"
    },
    "zygosity": {
      "id": "GENO:0000134",
      "label": "hemizygous"
    }
  }],
  "diseases": [{
    "term": {
      "id": "OMIM:301040",
      "label": "ALPHA-THALASSEMIA/MENTAL RETARDATION SYNDROME, X-LINKED; ATRX"
    }
  }],
  "metaData": {
    "createdBy": "Hpo Case Annotator : 1.0.13-SNAPSHOT",
    "submittedBy": "HPO:probinson",
    "resources": [{
      "id": "hp",
      "name": "human phenotype ontology",
      "url": "http://purl.obolibrary.org/obo/hp.owl",
      "version": "2018-03-08",
      "namespacePrefix": "HP",
      "iriPrefix": "http://purl.obolibrary.org/obo/HP_"
    }, {
      "id": "pato",
      "name": "Phenotype And Trait Ontology",
      "url": "http://purl.obolibrary.org/obo/pato.owl",
      "version": "2018-03-28",
      "namespacePrefix": "PATO",
      "iriPrefix": "http://purl.obolibrary.org/obo/PATO_"
    }, {
      "id": "geno",
      "name": "Genotype Ontology",
      "url": "http://purl.obolibrary.org/obo/geno.owl",
      "version": "19-03-2018",
      "namespacePrefix": "GENO",
      "iriPrefix": "http://purl.obolibrary.org/obo/GENO_"
    }, {
      "id": "ncbitaxon",
      "name": "NCBI organismal classification",
      "url": "http://purl.obolibrary.org/obo/ncbitaxon.owl",
      "version": "2018-03-02",
      "namespacePrefix": "NCBITaxon"
    }, {
      "id": "eco",
      "name": "Evidence and Conclusion Ontology",
      "url": "http://purl.obolibrary.org/obo/eco.owl",
      "version": "2018-11-10",
      "namespacePrefix": "ECO",
      "iriPrefix": "http://purl.obolibrary.org/obo/ECO_"
    }, {
      "id": "omim",
      "name": "Online Mendelian Inheritance in Man",
      "url": "https://www.omim.org",
      "namespacePrefix": "OMIM"
    }],
    "phenopacketSchemaVersion": "1.0.0-RC3",
    "externalReferences": [{
      "id": "PMID:28371217",
      "description": "Inherited germline ATRX mutation in two brothers with ATR-X syndrome and osteosarcoma"
    }]
  }
}