{
  "id": "PMID:28242392-Jiang-2017-PPIB-second_fetus",
  "subject": {
    "id": "second fetus",
    "ageAtCollection": {
      "age": "P24W"
    },
    "taxonomy": {
      "id": "NCBITaxon:9606",
      "label": "Homo sapiens"
    }
  },
  "phenotypicFeatures": [{
    "type": {
      "id": "HP:0006487",
      "label": "Bowing of the long bones"
    },
    "evidence": [{
      "evidenceCode": {
        "id": "ECO:0000033",
        "label": "author statement supported by traceable reference"
      },
      "reference": {
        "id": "PMID:28242392",
        "description": "Two novel mutations in the PPIB gene cause a rare pedigree of osteogenesis imperfecta type IX"
      }
    }]
  }, {
    "type": {
      "id": "HP:0006385",
      "label": "Short lower limbs"
    },
    "evidence": [{
      "evidenceCode": {
        "id": "ECO:0000033",
        "label": "author statement supported by traceable reference"
      },
      "reference": {
        "id": "PMID:28242392",
        "description": "Two novel mutations in the PPIB gene cause a rare pedigree of osteogenesis imperfecta type IX"
      }
    }]
  }, {
    "type": {
      "id": "HP:0005792",
      "label": "Short humerus"
    },
    "evidence": [{
      "evidenceCode": {
        "id": "ECO:0000033",
        "label": "author statement supported by traceable reference"
      },
      "reference": {
        "id": "PMID:28242392",
        "description": "Two novel mutations in the PPIB gene cause a rare pedigree of osteogenesis imperfecta type IX"
      }
    }]
  }, {
    "type": {
      "id": "HP:0005855",
      "label": "Multiple prenatal fractures"
    },
    "evidence": [{
      "evidenceCode": {
        "id": "ECO:0000033",
        "label": "author statement supported by traceable reference"
      },
      "reference": {
        "id": "PMID:28242392",
        "description": "Two novel mutations in the PPIB gene cause a rare pedigree of osteogenesis imperfecta type IX"
      }
    }]
  }, {
    "type": {
      "id": "HP:0001762",
      "label": "Talipes equinovarus"
    },
    "evidence": [{
      "evidenceCode": {
        "id": "ECO:0000033",
        "label": "author statement supported by traceable reference"
      },
      "reference": {
        "id": "PMID:28242392",
        "description": "Two novel mutations in the PPIB gene cause a rare pedigree of osteogenesis imperfecta type IX"
      }
    }]
  }],
  "genes": [{
    "id": "NCBIGene:5479",
    "symbol": "PPIB"
  }],
  "variants": [{
    "vcfAllele": {
      "genomeAssembly": "GRCh37",
      "chr": "15",
      "pos": 64455161,
      "ref": "T",
      "alt": "C"
    },
    "zygosity": {
      "id": "GENO:0000135",
      "label": "heterozygous"
    }
  }, {
    "vcfAllele": {
      "genomeAssembly": "GRCh37",
      "chr": "15",
      "pos": 64448943,
      "ref": "C",
      "alt": "T"
    },
    "zygosity": {
      "id": "GENO:0000135",
      "label": "heterozygous"
    }
  }],
  "diseases": [{
    "term": {
      "id": "OMIM:259440",
      "label": "OSTEOGENESIS IMPERFECTA, TYPE IX; OI9"
    }
  }],
  "metaData": {
    "submittedBy": "HPO:probinson",
    "resources": [{
      "id": "hp",
      "name": "human phenotype ontology",
      "url": "http://purl.obolibrary.org/obo/hp.owl",
      "version": "2018-03-08",
      "namespacePrefix": "HP",
      "iriPrefix": "http://purl.obolibrary.org/obo/HP_"
    }, {
      "id": "pato",
      "name": "Phenotype And Trait Ontology",
      "url": "http://purl.obolibrary.org/obo/pato.owl",
      "version": "2018-03-28",
      "namespacePrefix": "PATO",
      "iriPrefix": "http://purl.obolibrary.org/obo/PATO_"
    }, {
      "id": "geno",
      "name": "Genotype Ontology",
      "url": "http://purl.obolibrary.org/obo/geno.owl",
      "version": "19-03-2018",
      "namespacePrefix": "GENO",
      "iriPrefix": "http://purl.obolibrary.org/obo/GENO_"
    }, {
      "id": "ncbitaxon",
      "name": "NCBI organismal classification",
      "url": "http://purl.obolibrary.org/obo/ncbitaxon.owl",
      "version": "2018-03-02",
      "namespacePrefix": "NCBITaxon"
    }, {
      "id": "eco",
      "name": "Evidence and Conclusion Ontology",
      "url": "http://purl.obolibrary.org/obo/eco.owl",
      "version": "2018-11-10",
      "namespacePrefix": "ECO",
      "iriPrefix": "http://purl.obolibrary.org/obo/ECO_"
    }, {
      "id": "omim",
      "name": "Online Mendelian Inheritance in Man",
      "url": "https://www.omim.org",
      "namespacePrefix": "OMIM"
    }],
    "phenopacketSchemaVersion": "1.0.0-RC3",
    "externalReferences": [{
      "id": "PMID:28242392",
      "description": "Two novel mutations in the PPIB gene cause a rare pedigree of osteogenesis imperfecta type IX"
    }]
  }
}