{
  "id": "PMID:29330883-Jordan-2018-RERE-Subject_8",
  "subject": {
    "id": "Subject 8",
    "ageAtCollection": {
      "age": "P8Y"
    },
    "sex": "FEMALE",
    "taxonomy": {
      "id": "NCBITaxon:9606",
      "label": "Homo sapiens"
    }
  },
  "phenotypicFeatures": [{
    "type": {
      "id": "HP:0001249",
      "label": "Intellectual disability"
    },
    "evidence": [{
      "evidenceCode": {
        "id": "ECO:0000033",
        "label": "author statement supported by traceable reference"
      },
      "reference": {
        "id": "PMID:29330883",
        "description": "Genotype-phenotype correlations in individuals with pathogenic RERE variants"
      }
    }]
  }, {
    "type": {
      "id": "HP:0002376",
      "label": "Developmental regression"
    },
    "negated": true,
    "evidence": [{
      "evidenceCode": {
        "id": "ECO:0000033",
        "label": "author statement supported by traceable reference"
      },
      "reference": {
        "id": "PMID:29330883",
        "description": "Genotype-phenotype correlations in individuals with pathogenic RERE variants"
      }
    }]
  }, {
    "type": {
      "id": "HP:0000453",
      "label": "Choanal atresia"
    },
    "evidence": [{
      "evidenceCode": {
        "id": "ECO:0000033",
        "label": "author statement supported by traceable reference"
      },
      "reference": {
        "id": "PMID:29330883",
        "description": "Genotype-phenotype correlations in individuals with pathogenic RERE variants"
      }
    }]
  }, {
    "type": {
      "id": "HP:0001371",
      "label": "Flexion contracture"
    },
    "evidence": [{
      "evidenceCode": {
        "id": "ECO:0000033",
        "label": "author statement supported by traceable reference"
      },
      "reference": {
        "id": "PMID:29330883",
        "description": "Genotype-phenotype correlations in individuals with pathogenic RERE variants"
      }
    }]
  }, {
    "type": {
      "id": "HP:0001385",
      "label": "Hip dysplasia"
    },
    "evidence": [{
      "evidenceCode": {
        "id": "ECO:0000033",
        "label": "author statement supported by traceable reference"
      },
      "reference": {
        "id": "PMID:29330883",
        "description": "Genotype-phenotype correlations in individuals with pathogenic RERE variants"
      }
    }]
  }, {
    "type": {
      "id": "HP:0000357",
      "label": "Abnormal location of ears"
    },
    "negated": true,
    "evidence": [{
      "evidenceCode": {
        "id": "ECO:0000033",
        "label": "author statement supported by traceable reference"
      },
      "reference": {
        "id": "PMID:29330883",
        "description": "Genotype-phenotype correlations in individuals with pathogenic RERE variants"
      }
    }]
  }, {
    "type": {
      "id": "HP:0001511",
      "label": "Intrauterine growth retardation"
    },
    "evidence": [{
      "evidenceCode": {
        "id": "ECO:0000033",
        "label": "author statement supported by traceable reference"
      },
      "reference": {
        "id": "PMID:29330883",
        "description": "Genotype-phenotype correlations in individuals with pathogenic RERE variants"
      }
    }]
  }, {
    "type": {
      "id": "HP:0004322",
      "label": "Short stature"
    },
    "evidence": [{
      "evidenceCode": {
        "id": "ECO:0000033",
        "label": "author statement supported by traceable reference"
      },
      "reference": {
        "id": "PMID:29330883",
        "description": "Genotype-phenotype correlations in individuals with pathogenic RERE variants"
      }
    }]
  }, {
    "type": {
      "id": "HP:0001290",
      "label": "Generalized hypotonia"
    },
    "negated": true,
    "evidence": [{
      "evidenceCode": {
        "id": "ECO:0000033",
        "label": "author statement supported by traceable reference"
      },
      "reference": {
        "id": "PMID:29330883",
        "description": "Genotype-phenotype correlations in individuals with pathogenic RERE variants"
      }
    }]
  }, {
    "type": {
      "id": "HP:0004502",
      "label": "Bilateral choanal atresia"
    },
    "evidence": [{
      "evidenceCode": {
        "id": "ECO:0000033",
        "label": "author statement supported by traceable reference"
      },
      "reference": {
        "id": "PMID:29330883",
        "description": "Genotype-phenotype correlations in individuals with pathogenic RERE variants"
      }
    }]
  }, {
    "type": {
      "id": "HP:0000365",
      "label": "Hearing impairment"
    },
    "evidence": [{
      "evidenceCode": {
        "id": "ECO:0000033",
        "label": "author statement supported by traceable reference"
      },
      "reference": {
        "id": "PMID:29330883",
        "description": "Genotype-phenotype correlations in individuals with pathogenic RERE variants"
      }
    }]
  }, {
    "type": {
      "id": "HP:0002355",
      "label": "Difficulty walking"
    },
    "evidence": [{
      "evidenceCode": {
        "id": "ECO:0000033",
        "label": "author statement supported by traceable reference"
      },
      "reference": {
        "id": "PMID:29330883",
        "description": "Genotype-phenotype correlations in individuals with pathogenic RERE variants"
      }
    }]
  }, {
    "type": {
      "id": "HP:0001649",
      "label": "Tachycardia"
    },
    "evidence": [{
      "evidenceCode": {
        "id": "ECO:0000033",
        "label": "author statement supported by traceable reference"
      },
      "reference": {
        "id": "PMID:29330883",
        "description": "Genotype-phenotype correlations in individuals with pathogenic RERE variants"
      }
    }]
  }, {
    "type": {
      "id": "HP:0000589",
      "label": "Coloboma"
    },
    "evidence": [{
      "evidenceCode": {
        "id": "ECO:0000033",
        "label": "author statement supported by traceable reference"
      },
      "reference": {
        "id": "PMID:29330883",
        "description": "Genotype-phenotype correlations in individuals with pathogenic RERE variants"
      }
    }]
  }, {
    "type": {
      "id": "HP:0000612",
      "label": "Iris coloboma"
    },
    "evidence": [{
      "evidenceCode": {
        "id": "ECO:0000033",
        "label": "author statement supported by traceable reference"
      },
      "reference": {
        "id": "PMID:29330883",
        "description": "Genotype-phenotype correlations in individuals with pathogenic RERE variants"
      }
    }]
  }, {
    "type": {
      "id": "HP:0000567",
      "label": "Chorioretinal coloboma"
    },
    "evidence": [{
      "evidenceCode": {
        "id": "ECO:0000033",
        "label": "author statement supported by traceable reference"
      },
      "reference": {
        "id": "PMID:29330883",
        "description": "Genotype-phenotype correlations in individuals with pathogenic RERE variants"
      }
    }]
  }, {
    "type": {
      "id": "HP:0000385",
      "label": "Small earlobe"
    },
    "evidence": [{
      "evidenceCode": {
        "id": "ECO:0000033",
        "label": "author statement supported by traceable reference"
      },
      "reference": {
        "id": "PMID:29330883",
        "description": "Genotype-phenotype correlations in individuals with pathogenic RERE variants"
      }
    }]
  }, {
    "type": {
      "id": "HP:0001344",
      "label": "Absent speech"
    },
    "evidence": [{
      "evidenceCode": {
        "id": "ECO:0000033",
        "label": "author statement supported by traceable reference"
      },
      "reference": {
        "id": "PMID:29330883",
        "description": "Genotype-phenotype correlations in individuals with pathogenic RERE variants"
      }
    }]
  }, {
    "type": {
      "id": "HP:0000077",
      "label": "Abnormality of the kidney"
    },
    "negated": true,
    "evidence": [{
      "evidenceCode": {
        "id": "ECO:0000033",
        "label": "author statement supported by traceable reference"
      },
      "reference": {
        "id": "PMID:29330883",
        "description": "Genotype-phenotype correlations in individuals with pathogenic RERE variants"
      }
    }]
  }, {
    "type": {
      "id": "HP:0000431",
      "label": "Wide nasal bridge"
    },
    "evidence": [{
      "evidenceCode": {
        "id": "ECO:0000033",
        "label": "author statement supported by traceable reference"
      },
      "reference": {
        "id": "PMID:29330883",
        "description": "Genotype-phenotype correlations in individuals with pathogenic RERE variants"
      }
    }]
  }, {
    "type": {
      "id": "HP:0011849",
      "label": "Abnormal bone ossification"
    },
    "evidence": [{
      "evidenceCode": {
        "id": "ECO:0000033",
        "label": "author statement supported by traceable reference"
      },
      "reference": {
        "id": "PMID:29330883",
        "description": "Genotype-phenotype correlations in individuals with pathogenic RERE variants"
      }
    }]
  }, {
    "type": {
      "id": "HP:0003698",
      "label": "Difficulty standing"
    },
    "evidence": [{
      "evidenceCode": {
        "id": "ECO:0000033",
        "label": "author statement supported by traceable reference"
      },
      "reference": {
        "id": "PMID:29330883",
        "description": "Genotype-phenotype correlations in individuals with pathogenic RERE variants"
      }
    }]
  }, {
    "type": {
      "id": "HP:0000408",
      "label": "Progressive sensorineural hearing impairment"
    },
    "evidence": [{
      "evidenceCode": {
        "id": "ECO:0000033",
        "label": "author statement supported by traceable reference"
      },
      "reference": {
        "id": "PMID:29330883",
        "description": "Genotype-phenotype correlations in individuals with pathogenic RERE variants"
      }
    }]
  }, {
    "type": {
      "id": "HP:0002098",
      "label": "Respiratory distress"
    },
    "evidence": [{
      "evidenceCode": {
        "id": "ECO:0000033",
        "label": "author statement supported by traceable reference"
      },
      "reference": {
        "id": "PMID:29330883",
        "description": "Genotype-phenotype correlations in individuals with pathogenic RERE variants"
      }
    }]
  }, {
    "type": {
      "id": "HP:0012803",
      "label": "Anisometropia"
    },
    "evidence": [{
      "evidenceCode": {
        "id": "ECO:0000033",
        "label": "author statement supported by traceable reference"
      },
      "reference": {
        "id": "PMID:29330883",
        "description": "Genotype-phenotype correlations in individuals with pathogenic RERE variants"
      }
    }]
  }, {
    "type": {
      "id": "HP:0002650",
      "label": "Scoliosis"
    },
    "evidence": [{
      "evidenceCode": {
        "id": "ECO:0000033",
        "label": "author statement supported by traceable reference"
      },
      "reference": {
        "id": "PMID:29330883",
        "description": "Genotype-phenotype correlations in individuals with pathogenic RERE variants"
      }
    }]
  }, {
    "type": {
      "id": "HP:0000395",
      "label": "Prominent antihelix"
    },
    "evidence": [{
      "evidenceCode": {
        "id": "ECO:0000033",
        "label": "author statement supported by traceable reference"
      },
      "reference": {
        "id": "PMID:29330883",
        "description": "Genotype-phenotype correlations in individuals with pathogenic RERE variants"
      }
    }]
  }, {
    "type": {
      "id": "HP:0004384",
      "label": "Type I truncus arteriosus"
    },
    "evidence": [{
      "evidenceCode": {
        "id": "ECO:0000033",
        "label": "author statement supported by traceable reference"
      },
      "reference": {
        "id": "PMID:29330883",
        "description": "Genotype-phenotype correlations in individuals with pathogenic RERE variants"
      }
    }]
  }, {
    "type": {
      "id": "HP:0012368",
      "label": "Flat face"
    },
    "evidence": [{
      "evidenceCode": {
        "id": "ECO:0000033",
        "label": "author statement supported by traceable reference"
      },
      "reference": {
        "id": "PMID:29330883",
        "description": "Genotype-phenotype correlations in individuals with pathogenic RERE variants"
      }
    }]
  }, {
    "type": {
      "id": "HP:0001252",
      "label": "Muscular hypotonia"
    },
    "negated": true,
    "evidence": [{
      "evidenceCode": {
        "id": "ECO:0000033",
        "label": "author statement supported by traceable reference"
      },
      "reference": {
        "id": "PMID:29330883",
        "description": "Genotype-phenotype correlations in individuals with pathogenic RERE variants"
      }
    }]
  }, {
    "type": {
      "id": "HP:0002944",
      "label": "Thoracolumbar scoliosis"
    },
    "evidence": [{
      "evidenceCode": {
        "id": "ECO:0000033",
        "label": "author statement supported by traceable reference"
      },
      "reference": {
        "id": "PMID:29330883",
        "description": "Genotype-phenotype correlations in individuals with pathogenic RERE variants"
      }
    }]
  }, {
    "type": {
      "id": "HP:0001263",
      "label": "Global developmental delay"
    },
    "evidence": [{
      "evidenceCode": {
        "id": "ECO:0000033",
        "label": "author statement supported by traceable reference"
      },
      "reference": {
        "id": "PMID:29330883",
        "description": "Genotype-phenotype correlations in individuals with pathogenic RERE variants"
      }
    }]
  }, {
    "type": {
      "id": "HP:0000708",
      "label": "Behavioral abnormality"
    },
    "negated": true,
    "evidence": [{
      "evidenceCode": {
        "id": "ECO:0000033",
        "label": "author statement supported by traceable reference"
      },
      "reference": {
        "id": "PMID:29330883",
        "description": "Genotype-phenotype correlations in individuals with pathogenic RERE variants"
      }
    }]
  }, {
    "type": {
      "id": "HP:0000316",
      "label": "Hypertelorism"
    },
    "evidence": [{
      "evidenceCode": {
        "id": "ECO:0000033",
        "label": "author statement supported by traceable reference"
      },
      "reference": {
        "id": "PMID:29330883",
        "description": "Genotype-phenotype correlations in individuals with pathogenic RERE variants"
      }
    }]
  }, {
    "type": {
      "id": "HP:0004755",
      "label": "Supraventricular tachycardia"
    },
    "evidence": [{
      "evidenceCode": {
        "id": "ECO:0000033",
        "label": "author statement supported by traceable reference"
      },
      "reference": {
        "id": "PMID:29330883",
        "description": "Genotype-phenotype correlations in individuals with pathogenic RERE variants"
      }
    }]
  }, {
    "type": {
      "id": "HP:0001250",
      "label": "Seizures"
    },
    "negated": true,
    "evidence": [{
      "evidenceCode": {
        "id": "ECO:0000033",
        "label": "author statement supported by traceable reference"
      },
      "reference": {
        "id": "PMID:29330883",
        "description": "Genotype-phenotype correlations in individuals with pathogenic RERE variants"
      }
    }]
  }, {
    "type": {
      "id": "HP:0001510",
      "label": "Growth delay"
    },
    "evidence": [{
      "evidenceCode": {
        "id": "ECO:0000033",
        "label": "author statement supported by traceable reference"
      },
      "reference": {
        "id": "PMID:29330883",
        "description": "Genotype-phenotype correlations in individuals with pathogenic RERE variants"
      }
    }]
  }],
  "genes": [{
    "id": "NCBIGene:473",
    "symbol": "RERE"
  }],
  "variants": [{
    "vcfAllele": {
      "genomeAssembly": "GRCh37",
      "chr": "1",
      "pos": 8418276,
      "ref": "T",
      "alt": "TGGTGGA"
    },
    "zygosity": {
      "id": "GENO:0000135",
      "label": "heterozygous"
    }
  }],
  "diseases": [{
    "term": {
      "id": "OMIM:616975",
      "label": "Neurodevelopmental disorder with or without anomalies of the brain, eye, or heart"
    }
  }],
  "metaData": {
    "createdBy": "Hpo Case Annotator : 1.0.14-SNAPSHOT",
    "submittedBy": "UNC:biocuration",
    "resources": [{
      "id": "hp",
      "name": "human phenotype ontology",
      "url": "http://purl.obolibrary.org/obo/hp.owl",
      "version": "2018-03-08",
      "namespacePrefix": "HP",
      "iriPrefix": "http://purl.obolibrary.org/obo/HP_"
    }, {
      "id": "pato",
      "name": "Phenotype And Trait Ontology",
      "url": "http://purl.obolibrary.org/obo/pato.owl",
      "version": "2018-03-28",
      "namespacePrefix": "PATO",
      "iriPrefix": "http://purl.obolibrary.org/obo/PATO_"
    }, {
      "id": "geno",
      "name": "Genotype Ontology",
      "url": "http://purl.obolibrary.org/obo/geno.owl",
      "version": "19-03-2018",
      "namespacePrefix": "GENO",
      "iriPrefix": "http://purl.obolibrary.org/obo/GENO_"
    }, {
      "id": "ncbitaxon",
      "name": "NCBI organismal classification",
      "url": "http://purl.obolibrary.org/obo/ncbitaxon.owl",
      "version": "2018-03-02",
      "namespacePrefix": "NCBITaxon"
    }, {
      "id": "eco",
      "name": "Evidence and Conclusion Ontology",
      "url": "http://purl.obolibrary.org/obo/eco.owl",
      "version": "2018-11-10",
      "namespacePrefix": "ECO",
      "iriPrefix": "http://purl.obolibrary.org/obo/ECO_"
    }, {
      "id": "omim",
      "name": "Online Mendelian Inheritance in Man",
      "url": "https://www.omim.org",
      "namespacePrefix": "OMIM"
    }],
    "phenopacketSchemaVersion": "1.0.0-RC3",
    "externalReferences": [{
      "id": "PMID:29330883",
      "description": "Genotype-phenotype correlations in individuals with pathogenic RERE variants"
    }]
  }
}