{
  "id": "PMID:29330883-Jordan-2018-RERE-Subject_5",
  "subject": {
    "id": "Subject 5",
    "ageAtCollection": {
      "age": "P25Y"
    },
    "sex": "FEMALE",
    "taxonomy": {
      "id": "NCBITaxon:9606",
      "label": "Homo sapiens"
    }
  },
  "phenotypicFeatures": [{
    "type": {
      "id": "HP:0030055",
      "label": "Hyperconvex toenail"
    },
    "evidence": [{
      "evidenceCode": {
        "id": "ECO:0000033",
        "label": "author statement supported by traceable reference"
      },
      "reference": {
        "id": "PMID:29330883",
        "description": "Genotype-phenotype correlations in individuals with pathogenic RERE variants"
      }
    }]
  }, {
    "type": {
      "id": "HP:0001631",
      "label": "Atrial septal defect"
    },
    "evidence": [{
      "evidenceCode": {
        "id": "ECO:0000033",
        "label": "author statement supported by traceable reference"
      },
      "reference": {
        "id": "PMID:29330883",
        "description": "Genotype-phenotype correlations in individuals with pathogenic RERE variants"
      }
    }]
  }, {
    "type": {
      "id": "HP:0002791",
      "label": "Hypoventilation"
    },
    "evidence": [{
      "evidenceCode": {
        "id": "ECO:0000033",
        "label": "author statement supported by traceable reference"
      },
      "reference": {
        "id": "PMID:29330883",
        "description": "Genotype-phenotype correlations in individuals with pathogenic RERE variants"
      }
    }]
  }, {
    "type": {
      "id": "HP:0100704",
      "label": "Cerebral visual impairment"
    },
    "evidence": [{
      "evidenceCode": {
        "id": "ECO:0000033",
        "label": "author statement supported by traceable reference"
      },
      "reference": {
        "id": "PMID:29330883",
        "description": "Genotype-phenotype correlations in individuals with pathogenic RERE variants"
      }
    }]
  }, {
    "type": {
      "id": "HP:0000486",
      "label": "Strabismus"
    },
    "evidence": [{
      "evidenceCode": {
        "id": "ECO:0000033",
        "label": "author statement supported by traceable reference"
      },
      "reference": {
        "id": "PMID:29330883",
        "description": "Genotype-phenotype correlations in individuals with pathogenic RERE variants"
      }
    }]
  }, {
    "type": {
      "id": "HP:0007110",
      "label": "Central hypoventilation"
    },
    "evidence": [{
      "evidenceCode": {
        "id": "ECO:0000033",
        "label": "author statement supported by traceable reference"
      },
      "reference": {
        "id": "PMID:29330883",
        "description": "Genotype-phenotype correlations in individuals with pathogenic RERE variants"
      }
    }]
  }, {
    "type": {
      "id": "HP:0001252",
      "label": "Muscular hypotonia"
    },
    "evidence": [{
      "evidenceCode": {
        "id": "ECO:0000033",
        "label": "author statement supported by traceable reference"
      },
      "reference": {
        "id": "PMID:29330883",
        "description": "Genotype-phenotype correlations in individuals with pathogenic RERE variants"
      }
    }]
  }, {
    "type": {
      "id": "HP:0004322",
      "label": "Short stature"
    },
    "evidence": [{
      "evidenceCode": {
        "id": "ECO:0000033",
        "label": "author statement supported by traceable reference"
      },
      "reference": {
        "id": "PMID:29330883",
        "description": "Genotype-phenotype correlations in individuals with pathogenic RERE variants"
      }
    }]
  }, {
    "type": {
      "id": "HP:0000453",
      "label": "Choanal atresia"
    },
    "negated": true,
    "evidence": [{
      "evidenceCode": {
        "id": "ECO:0000033",
        "label": "author statement supported by traceable reference"
      },
      "reference": {
        "id": "PMID:29330883",
        "description": "Genotype-phenotype correlations in individuals with pathogenic RERE variants"
      }
    }]
  }, {
    "type": {
      "id": "HP:0000396",
      "label": "Overfolded helix"
    },
    "evidence": [{
      "evidenceCode": {
        "id": "ECO:0000033",
        "label": "author statement supported by traceable reference"
      },
      "reference": {
        "id": "PMID:29330883",
        "description": "Genotype-phenotype correlations in individuals with pathogenic RERE variants"
      }
    }]
  }, {
    "type": {
      "id": "HP:0000540",
      "label": "Hypermetropia"
    },
    "evidence": [{
      "evidenceCode": {
        "id": "ECO:0000033",
        "label": "author statement supported by traceable reference"
      },
      "reference": {
        "id": "PMID:29330883",
        "description": "Genotype-phenotype correlations in individuals with pathogenic RERE variants"
      }
    }]
  }, {
    "type": {
      "id": "HP:0000582",
      "label": "Upslanted palpebral fissure"
    },
    "evidence": [{
      "evidenceCode": {
        "id": "ECO:0000033",
        "label": "author statement supported by traceable reference"
      },
      "reference": {
        "id": "PMID:29330883",
        "description": "Genotype-phenotype correlations in individuals with pathogenic RERE variants"
      }
    }]
  }, {
    "type": {
      "id": "HP:0000077",
      "label": "Abnormality of the kidney"
    },
    "negated": true,
    "evidence": [{
      "evidenceCode": {
        "id": "ECO:0000033",
        "label": "author statement supported by traceable reference"
      },
      "reference": {
        "id": "PMID:29330883",
        "description": "Genotype-phenotype correlations in individuals with pathogenic RERE variants"
      }
    }]
  }, {
    "type": {
      "id": "HP:0000478",
      "label": "Abnormality of the eye"
    },
    "negated": true,
    "evidence": [{
      "evidenceCode": {
        "id": "ECO:0000033",
        "label": "author statement supported by traceable reference"
      },
      "reference": {
        "id": "PMID:29330883",
        "description": "Genotype-phenotype correlations in individuals with pathogenic RERE variants"
      }
    }]
  }, {
    "type": {
      "id": "HP:0001290",
      "label": "Generalized hypotonia"
    },
    "evidence": [{
      "evidenceCode": {
        "id": "ECO:0000033",
        "label": "author statement supported by traceable reference"
      },
      "reference": {
        "id": "PMID:29330883",
        "description": "Genotype-phenotype correlations in individuals with pathogenic RERE variants"
      }
    }]
  }, {
    "type": {
      "id": "HP:0002650",
      "label": "Scoliosis"
    },
    "negated": true,
    "evidence": [{
      "evidenceCode": {
        "id": "ECO:0000033",
        "label": "author statement supported by traceable reference"
      },
      "reference": {
        "id": "PMID:29330883",
        "description": "Genotype-phenotype correlations in individuals with pathogenic RERE variants"
      }
    }]
  }, {
    "type": {
      "id": "HP:0000400",
      "label": "Macrotia"
    },
    "evidence": [{
      "evidenceCode": {
        "id": "ECO:0000033",
        "label": "author statement supported by traceable reference"
      },
      "reference": {
        "id": "PMID:29330883",
        "description": "Genotype-phenotype correlations in individuals with pathogenic RERE variants"
      }
    }]
  }, {
    "type": {
      "id": "HP:0200055",
      "label": "Small hand"
    },
    "evidence": [{
      "evidenceCode": {
        "id": "ECO:0000033",
        "label": "author statement supported by traceable reference"
      },
      "reference": {
        "id": "PMID:29330883",
        "description": "Genotype-phenotype correlations in individuals with pathogenic RERE variants"
      }
    }]
  }, {
    "type": {
      "id": "HP:0012372",
      "label": "Abnormal eye morphology"
    },
    "negated": true,
    "evidence": [{
      "evidenceCode": {
        "id": "ECO:0000033",
        "label": "author statement supported by traceable reference"
      },
      "reference": {
        "id": "PMID:29330883",
        "description": "Genotype-phenotype correlations in individuals with pathogenic RERE variants"
      }
    }]
  }, {
    "type": {
      "id": "HP:0000750",
      "label": "Delayed speech and language development"
    },
    "evidence": [{
      "evidenceCode": {
        "id": "ECO:0000033",
        "label": "author statement supported by traceable reference"
      },
      "reference": {
        "id": "PMID:29330883",
        "description": "Genotype-phenotype correlations in individuals with pathogenic RERE variants"
      }
    }]
  }, {
    "type": {
      "id": "HP:0004467",
      "label": "Preauricular pit"
    },
    "evidence": [{
      "evidenceCode": {
        "id": "ECO:0000033",
        "label": "author statement supported by traceable reference"
      },
      "reference": {
        "id": "PMID:29330883",
        "description": "Genotype-phenotype correlations in individuals with pathogenic RERE variants"
      }
    }]
  }, {
    "type": {
      "id": "HP:0001513",
      "label": "Obesity"
    },
    "evidence": [{
      "evidenceCode": {
        "id": "ECO:0000033",
        "label": "author statement supported by traceable reference"
      },
      "reference": {
        "id": "PMID:29330883",
        "description": "Genotype-phenotype correlations in individuals with pathogenic RERE variants"
      }
    }]
  }, {
    "type": {
      "id": "HP:0001156",
      "label": "Brachydactyly"
    },
    "evidence": [{
      "evidenceCode": {
        "id": "ECO:0000033",
        "label": "author statement supported by traceable reference"
      },
      "reference": {
        "id": "PMID:29330883",
        "description": "Genotype-phenotype correlations in individuals with pathogenic RERE variants"
      }
    }]
  }, {
    "type": {
      "id": "HP:0002779",
      "label": "Tracheomalacia"
    },
    "evidence": [{
      "evidenceCode": {
        "id": "ECO:0000033",
        "label": "author statement supported by traceable reference"
      },
      "reference": {
        "id": "PMID:29330883",
        "description": "Genotype-phenotype correlations in individuals with pathogenic RERE variants"
      }
    }]
  }, {
    "type": {
      "id": "HP:0012443",
      "label": "Abnormality of brain morphology"
    },
    "negated": true,
    "evidence": [{
      "evidenceCode": {
        "id": "ECO:0000033",
        "label": "author statement supported by traceable reference"
      },
      "reference": {
        "id": "PMID:29330883",
        "description": "Genotype-phenotype correlations in individuals with pathogenic RERE variants"
      }
    }]
  }, {
    "type": {
      "id": "HP:0001263",
      "label": "Global developmental delay"
    },
    "evidence": [{
      "evidenceCode": {
        "id": "ECO:0000033",
        "label": "author statement supported by traceable reference"
      },
      "reference": {
        "id": "PMID:29330883",
        "description": "Genotype-phenotype correlations in individuals with pathogenic RERE variants"
      }
    }]
  }, {
    "type": {
      "id": "HP:0001773",
      "label": "Short foot"
    },
    "evidence": [{
      "evidenceCode": {
        "id": "ECO:0000033",
        "label": "author statement supported by traceable reference"
      },
      "reference": {
        "id": "PMID:29330883",
        "description": "Genotype-phenotype correlations in individuals with pathogenic RERE variants"
      }
    }]
  }, {
    "type": {
      "id": "HP:0000505",
      "label": "Visual impairment"
    },
    "evidence": [{
      "evidenceCode": {
        "id": "ECO:0000033",
        "label": "author statement supported by traceable reference"
      },
      "reference": {
        "id": "PMID:29330883",
        "description": "Genotype-phenotype correlations in individuals with pathogenic RERE variants"
      }
    }]
  }, {
    "type": {
      "id": "HP:0400008",
      "label": "Menometrorrhagia"
    },
    "evidence": [{
      "evidenceCode": {
        "id": "ECO:0000033",
        "label": "author statement supported by traceable reference"
      },
      "reference": {
        "id": "PMID:29330883",
        "description": "Genotype-phenotype correlations in individuals with pathogenic RERE variants"
      }
    }]
  }, {
    "type": {
      "id": "HP:0002099",
      "label": "Asthma"
    },
    "evidence": [{
      "evidenceCode": {
        "id": "ECO:0000033",
        "label": "author statement supported by traceable reference"
      },
      "reference": {
        "id": "PMID:29330883",
        "description": "Genotype-phenotype correlations in individuals with pathogenic RERE variants"
      }
    }]
  }, {
    "type": {
      "id": "HP:0000878",
      "label": "11 pairs of ribs"
    },
    "evidence": [{
      "evidenceCode": {
        "id": "ECO:0000033",
        "label": "author statement supported by traceable reference"
      },
      "reference": {
        "id": "PMID:29330883",
        "description": "Genotype-phenotype correlations in individuals with pathogenic RERE variants"
      }
    }]
  }],
  "genes": [{
    "id": "NCBIGene:473",
    "symbol": "RERE"
  }],
  "variants": [{
    "vcfAllele": {
      "genomeAssembly": "GRCh37",
      "chr": "1",
      "pos": 8418291,
      "ref": "T",
      "alt": "C"
    },
    "zygosity": {
      "id": "GENO:0000135",
      "label": "heterozygous"
    }
  }],
  "diseases": [{
    "term": {
      "id": "OMIM:616975",
      "label": "Neurodevelopmental disorder with or without anomalies of the brain, eye, or heart"
    }
  }],
  "metaData": {
    "createdBy": "Hpo Case Annotator : 1.0.14-SNAPSHOT",
    "submittedBy": "UNC:biocuration",
    "resources": [{
      "id": "hp",
      "name": "human phenotype ontology",
      "url": "http://purl.obolibrary.org/obo/hp.owl",
      "version": "2018-03-08",
      "namespacePrefix": "HP",
      "iriPrefix": "http://purl.obolibrary.org/obo/HP_"
    }, {
      "id": "pato",
      "name": "Phenotype And Trait Ontology",
      "url": "http://purl.obolibrary.org/obo/pato.owl",
      "version": "2018-03-28",
      "namespacePrefix": "PATO",
      "iriPrefix": "http://purl.obolibrary.org/obo/PATO_"
    }, {
      "id": "geno",
      "name": "Genotype Ontology",
      "url": "http://purl.obolibrary.org/obo/geno.owl",
      "version": "19-03-2018",
      "namespacePrefix": "GENO",
      "iriPrefix": "http://purl.obolibrary.org/obo/GENO_"
    }, {
      "id": "ncbitaxon",
      "name": "NCBI organismal classification",
      "url": "http://purl.obolibrary.org/obo/ncbitaxon.owl",
      "version": "2018-03-02",
      "namespacePrefix": "NCBITaxon"
    }, {
      "id": "eco",
      "name": "Evidence and Conclusion Ontology",
      "url": "http://purl.obolibrary.org/obo/eco.owl",
      "version": "2018-11-10",
      "namespacePrefix": "ECO",
      "iriPrefix": "http://purl.obolibrary.org/obo/ECO_"
    }, {
      "id": "omim",
      "name": "Online Mendelian Inheritance in Man",
      "url": "https://www.omim.org",
      "namespacePrefix": "OMIM"
    }],
    "phenopacketSchemaVersion": "1.0.0-RC3",
    "externalReferences": [{
      "id": "PMID:29330883",
      "description": "Genotype-phenotype correlations in individuals with pathogenic RERE variants"
    }]
  }
}