{
  "id": "PMID:29330883-Jordan-2018-RERE-Subject_9",
  "subject": {
    "id": "Subject 9",
    "ageAtCollection": {
      "age": "P4Y"
    },
    "sex": "FEMALE",
    "taxonomy": {
      "id": "NCBITaxon:9606",
      "label": "Homo sapiens"
    }
  },
  "phenotypicFeatures": [{
    "type": {
      "id": "HP:0000733",
      "label": "Stereotypy"
    },
    "evidence": [{
      "evidenceCode": {
        "id": "ECO:0000033",
        "label": "author statement supported by traceable reference"
      },
      "reference": {
        "id": "PMID:29330883",
        "description": "Genotype-phenotype correlations in individuals with pathogenic RERE variants"
      }
    }]
  }, {
    "type": {
      "id": "HP:0001627",
      "label": "Abnormal heart morphology"
    },
    "evidence": [{
      "evidenceCode": {
        "id": "ECO:0000033",
        "label": "author statement supported by traceable reference"
      },
      "reference": {
        "id": "PMID:29330883",
        "description": "Genotype-phenotype correlations in individuals with pathogenic RERE variants"
      }
    }]
  }, {
    "type": {
      "id": "HP:0000077",
      "label": "Abnormality of the kidney"
    },
    "evidence": [{
      "evidenceCode": {
        "id": "ECO:0000033",
        "label": "author statement supported by traceable reference"
      },
      "reference": {
        "id": "PMID:29330883",
        "description": "Genotype-phenotype correlations in individuals with pathogenic RERE variants"
      }
    }]
  }, {
    "type": {
      "id": "HP:0000453",
      "label": "Choanal atresia"
    },
    "evidence": [{
      "evidenceCode": {
        "id": "ECO:0000033",
        "label": "author statement supported by traceable reference"
      },
      "reference": {
        "id": "PMID:29330883",
        "description": "Genotype-phenotype correlations in individuals with pathogenic RERE variants"
      }
    }]
  }, {
    "type": {
      "id": "HP:0002650",
      "label": "Scoliosis"
    },
    "negated": true,
    "evidence": [{
      "evidenceCode": {
        "id": "ECO:0000033",
        "label": "author statement supported by traceable reference"
      },
      "reference": {
        "id": "PMID:29330883",
        "description": "Genotype-phenotype correlations in individuals with pathogenic RERE variants"
      }
    }]
  }, {
    "type": {
      "id": "HP:0000708",
      "label": "Behavioral abnormality"
    },
    "evidence": [{
      "evidenceCode": {
        "id": "ECO:0000033",
        "label": "author statement supported by traceable reference"
      },
      "reference": {
        "id": "PMID:29330883",
        "description": "Genotype-phenotype correlations in individuals with pathogenic RERE variants"
      }
    }]
  }, {
    "type": {
      "id": "HP:0000664",
      "label": "Synophrys"
    },
    "evidence": [{
      "evidenceCode": {
        "id": "ECO:0000033",
        "label": "author statement supported by traceable reference"
      },
      "reference": {
        "id": "PMID:29330883",
        "description": "Genotype-phenotype correlations in individuals with pathogenic RERE variants"
      }
    }]
  }, {
    "type": {
      "id": "HP:0000729",
      "label": "Autistic behavior"
    },
    "evidence": [{
      "evidenceCode": {
        "id": "ECO:0000033",
        "label": "author statement supported by traceable reference"
      },
      "reference": {
        "id": "PMID:29330883",
        "description": "Genotype-phenotype correlations in individuals with pathogenic RERE variants"
      }
    }]
  }, {
    "type": {
      "id": "HP:0002360",
      "label": "Sleep disturbance"
    },
    "evidence": [{
      "evidenceCode": {
        "id": "ECO:0000033",
        "label": "author statement supported by traceable reference"
      },
      "reference": {
        "id": "PMID:29330883",
        "description": "Genotype-phenotype correlations in individuals with pathogenic RERE variants"
      }
    }]
  }, {
    "type": {
      "id": "HP:0000750",
      "label": "Delayed speech and language development"
    },
    "evidence": [{
      "evidenceCode": {
        "id": "ECO:0000033",
        "label": "author statement supported by traceable reference"
      },
      "reference": {
        "id": "PMID:29330883",
        "description": "Genotype-phenotype correlations in individuals with pathogenic RERE variants"
      }
    }]
  }, {
    "type": {
      "id": "HP:0007015",
      "label": "Poor gross motor coordination"
    },
    "evidence": [{
      "evidenceCode": {
        "id": "ECO:0000033",
        "label": "author statement supported by traceable reference"
      },
      "reference": {
        "id": "PMID:29330883",
        "description": "Genotype-phenotype correlations in individuals with pathogenic RERE variants"
      }
    }]
  }, {
    "type": {
      "id": "HP:0009889",
      "label": "Localized hirsutism"
    },
    "evidence": [{
      "evidenceCode": {
        "id": "ECO:0000033",
        "label": "author statement supported by traceable reference"
      },
      "reference": {
        "id": "PMID:29330883",
        "description": "Genotype-phenotype correlations in individuals with pathogenic RERE variants"
      }
    }]
  }, {
    "type": {
      "id": "HP:0000739",
      "label": "Anxiety"
    },
    "evidence": [{
      "evidenceCode": {
        "id": "ECO:0000033",
        "label": "author statement supported by traceable reference"
      },
      "reference": {
        "id": "PMID:29330883",
        "description": "Genotype-phenotype correlations in individuals with pathogenic RERE variants"
      }
    }]
  }, {
    "type": {
      "id": "HP:0031468",
      "label": "Separation insecurity"
    },
    "evidence": [{
      "evidenceCode": {
        "id": "ECO:0000033",
        "label": "author statement supported by traceable reference"
      },
      "reference": {
        "id": "PMID:29330883",
        "description": "Genotype-phenotype correlations in individuals with pathogenic RERE variants"
      }
    }]
  }, {
    "type": {
      "id": "HP:0000463",
      "label": "Anteverted nares"
    },
    "evidence": [{
      "evidenceCode": {
        "id": "ECO:0000033",
        "label": "author statement supported by traceable reference"
      },
      "reference": {
        "id": "PMID:29330883",
        "description": "Genotype-phenotype correlations in individuals with pathogenic RERE variants"
      }
    }]
  }, {
    "type": {
      "id": "HP:0012372",
      "label": "Abnormal eye morphology"
    },
    "evidence": [{
      "evidenceCode": {
        "id": "ECO:0000033",
        "label": "author statement supported by traceable reference"
      },
      "reference": {
        "id": "PMID:29330883",
        "description": "Genotype-phenotype correlations in individuals with pathogenic RERE variants"
      }
    }]
  }, {
    "type": {
      "id": "HP:0000722",
      "label": "Obsessive-compulsive behavior"
    },
    "evidence": [{
      "evidenceCode": {
        "id": "ECO:0000033",
        "label": "author statement supported by traceable reference"
      },
      "reference": {
        "id": "PMID:29330883",
        "description": "Genotype-phenotype correlations in individuals with pathogenic RERE variants"
      }
    }]
  }, {
    "type": {
      "id": "HP:0001263",
      "label": "Global developmental delay"
    },
    "evidence": [{
      "evidenceCode": {
        "id": "ECO:0000033",
        "label": "author statement supported by traceable reference"
      },
      "reference": {
        "id": "PMID:29330883",
        "description": "Genotype-phenotype correlations in individuals with pathogenic RERE variants"
      }
    }]
  }, {
    "type": {
      "id": "HP:0000316",
      "label": "Hypertelorism"
    },
    "evidence": [{
      "evidenceCode": {
        "id": "ECO:0000033",
        "label": "author statement supported by traceable reference"
      },
      "reference": {
        "id": "PMID:29330883",
        "description": "Genotype-phenotype correlations in individuals with pathogenic RERE variants"
      }
    }]
  }, {
    "type": {
      "id": "HP:0002474",
      "label": "Expressive language delay"
    },
    "evidence": [{
      "evidenceCode": {
        "id": "ECO:0000033",
        "label": "author statement supported by traceable reference"
      },
      "reference": {
        "id": "PMID:29330883",
        "description": "Genotype-phenotype correlations in individuals with pathogenic RERE variants"
      }
    }]
  }, {
    "type": {
      "id": "HP:0000154",
      "label": "Wide mouth"
    },
    "evidence": [{
      "evidenceCode": {
        "id": "ECO:0000033",
        "label": "author statement supported by traceable reference"
      },
      "reference": {
        "id": "PMID:29330883",
        "description": "Genotype-phenotype correlations in individuals with pathogenic RERE variants"
      }
    }]
  }],
  "genes": [{
    "id": "NCBIGene:473",
    "symbol": "RERE"
  }],
  "variants": [{
    "vcfAllele": {
      "genomeAssembly": "GRCh37",
      "chr": "1",
      "pos": 8416255,
      "ref": "T",
      "alt": "C"
    },
    "zygosity": {
      "id": "GENO:0000135",
      "label": "heterozygous"
    }
  }],
  "diseases": [{
    "term": {
      "id": "OMIM:616975",
      "label": "Neurodevelopmental disorder with or without anomalies of the brain, eye, or heart"
    }
  }],
  "metaData": {
    "createdBy": "Hpo Case Annotator : 1.0.14-SNAPSHOT",
    "submittedBy": "UNC:biocuration",
    "resources": [{
      "id": "hp",
      "name": "human phenotype ontology",
      "url": "http://purl.obolibrary.org/obo/hp.owl",
      "version": "2018-03-08",
      "namespacePrefix": "HP",
      "iriPrefix": "http://purl.obolibrary.org/obo/HP_"
    }, {
      "id": "pato",
      "name": "Phenotype And Trait Ontology",
      "url": "http://purl.obolibrary.org/obo/pato.owl",
      "version": "2018-03-28",
      "namespacePrefix": "PATO",
      "iriPrefix": "http://purl.obolibrary.org/obo/PATO_"
    }, {
      "id": "geno",
      "name": "Genotype Ontology",
      "url": "http://purl.obolibrary.org/obo/geno.owl",
      "version": "19-03-2018",
      "namespacePrefix": "GENO",
      "iriPrefix": "http://purl.obolibrary.org/obo/GENO_"
    }, {
      "id": "ncbitaxon",
      "name": "NCBI organismal classification",
      "url": "http://purl.obolibrary.org/obo/ncbitaxon.owl",
      "version": "2018-03-02",
      "namespacePrefix": "NCBITaxon"
    }, {
      "id": "eco",
      "name": "Evidence and Conclusion Ontology",
      "url": "http://purl.obolibrary.org/obo/eco.owl",
      "version": "2018-11-10",
      "namespacePrefix": "ECO",
      "iriPrefix": "http://purl.obolibrary.org/obo/ECO_"
    }, {
      "id": "omim",
      "name": "Online Mendelian Inheritance in Man",
      "url": "https://www.omim.org",
      "namespacePrefix": "OMIM"
    }],
    "phenopacketSchemaVersion": "1.0.0-RC3",
    "externalReferences": [{
      "id": "PMID:29330883",
      "description": "Genotype-phenotype correlations in individuals with pathogenic RERE variants"
    }]
  }
}