{
  "id": "PMID:29330883-Jordan-2018-RERE-Subject_6",
  "subject": {
    "id": "Subject 6",
    "ageAtCollection": {
      "age": "P6M"
    },
    "sex": "MALE",
    "taxonomy": {
      "id": "NCBITaxon:9606",
      "label": "Homo sapiens"
    }
  },
  "phenotypicFeatures": [{
    "type": {
      "id": "HP:0001249",
      "label": "Intellectual disability"
    },
    "evidence": [{
      "evidenceCode": {
        "id": "ECO:0000033",
        "label": "author statement supported by traceable reference"
      },
      "reference": {
        "id": "PMID:29330883",
        "description": "Genotype-phenotype correlations in individuals with pathogenic RERE variants"
      }
    }]
  }, {
    "type": {
      "id": "HP:0004209",
      "label": "Clinodactyly of the 5th finger"
    },
    "evidence": [{
      "evidenceCode": {
        "id": "ECO:0000033",
        "label": "author statement supported by traceable reference"
      },
      "reference": {
        "id": "PMID:29330883",
        "description": "Genotype-phenotype correlations in individuals with pathogenic RERE variants"
      }
    }]
  }, {
    "type": {
      "id": "HP:0005824",
      "label": "Clinodactyly of the 2nd toe"
    },
    "evidence": [{
      "evidenceCode": {
        "id": "ECO:0000033",
        "label": "author statement supported by traceable reference"
      },
      "reference": {
        "id": "PMID:29330883",
        "description": "Genotype-phenotype correlations in individuals with pathogenic RERE variants"
      }
    }]
  }, {
    "type": {
      "id": "HP:0009904",
      "label": "Prominent ear helix"
    },
    "evidence": [{
      "evidenceCode": {
        "id": "ECO:0000033",
        "label": "author statement supported by traceable reference"
      },
      "reference": {
        "id": "PMID:29330883",
        "description": "Genotype-phenotype correlations in individuals with pathogenic RERE variants"
      }
    }]
  }, {
    "type": {
      "id": "HP:0000729",
      "label": "Autistic behavior"
    },
    "evidence": [{
      "evidenceCode": {
        "id": "ECO:0000033",
        "label": "author statement supported by traceable reference"
      },
      "reference": {
        "id": "PMID:29330883",
        "description": "Genotype-phenotype correlations in individuals with pathogenic RERE variants"
      }
    }]
  }, {
    "type": {
      "id": "HP:0000577",
      "label": "Exotropia"
    },
    "evidence": [{
      "evidenceCode": {
        "id": "ECO:0000033",
        "label": "author statement supported by traceable reference"
      },
      "reference": {
        "id": "PMID:29330883",
        "description": "Genotype-phenotype correlations in individuals with pathogenic RERE variants"
      }
    }]
  }, {
    "type": {
      "id": "HP:0000411",
      "label": "Protruding ear"
    },
    "evidence": [{
      "evidenceCode": {
        "id": "ECO:0000033",
        "label": "author statement supported by traceable reference"
      },
      "reference": {
        "id": "PMID:29330883",
        "description": "Genotype-phenotype correlations in individuals with pathogenic RERE variants"
      }
    }]
  }, {
    "type": {
      "id": "HP:0000325",
      "label": "Triangular face"
    },
    "evidence": [{
      "evidenceCode": {
        "id": "ECO:0000033",
        "label": "author statement supported by traceable reference"
      },
      "reference": {
        "id": "PMID:29330883",
        "description": "Genotype-phenotype correlations in individuals with pathogenic RERE variants"
      }
    }]
  }, {
    "type": {
      "id": "HP:0008619",
      "label": "Bilateral sensorineural hearing impairment"
    },
    "evidence": [{
      "evidenceCode": {
        "id": "ECO:0000033",
        "label": "author statement supported by traceable reference"
      },
      "reference": {
        "id": "PMID:29330883",
        "description": "Genotype-phenotype correlations in individuals with pathogenic RERE variants"
      }
    }]
  }, {
    "type": {
      "id": "HP:0100021",
      "label": "Cerebral palsy"
    },
    "evidence": [{
      "evidenceCode": {
        "id": "ECO:0000033",
        "label": "author statement supported by traceable reference"
      },
      "reference": {
        "id": "PMID:29330883",
        "description": "Genotype-phenotype correlations in individuals with pathogenic RERE variants"
      }
    }]
  }, {
    "type": {
      "id": "HP:0001263",
      "label": "Global developmental delay"
    },
    "evidence": [{
      "evidenceCode": {
        "id": "ECO:0000033",
        "label": "author statement supported by traceable reference"
      },
      "reference": {
        "id": "PMID:29330883",
        "description": "Genotype-phenotype correlations in individuals with pathogenic RERE variants"
      }
    }]
  }, {
    "type": {
      "id": "HP:0000378",
      "label": "Cupped ear"
    },
    "evidence": [{
      "evidenceCode": {
        "id": "ECO:0000033",
        "label": "author statement supported by traceable reference"
      },
      "reference": {
        "id": "PMID:29330883",
        "description": "Genotype-phenotype correlations in individuals with pathogenic RERE variants"
      }
    }]
  }, {
    "type": {
      "id": "HP:0000545",
      "label": "Myopia"
    },
    "evidence": [{
      "evidenceCode": {
        "id": "ECO:0000033",
        "label": "author statement supported by traceable reference"
      },
      "reference": {
        "id": "PMID:29330883",
        "description": "Genotype-phenotype correlations in individuals with pathogenic RERE variants"
      }
    }]
  }],
  "genes": [{
    "id": "NCBIGene:473",
    "symbol": "RERE"
  }],
  "variants": [{
    "vcfAllele": {
      "genomeAssembly": "GRCh37",
      "chr": "1",
      "pos": 8418292,
      "ref": "G",
      "alt": "A"
    },
    "zygosity": {
      "id": "GENO:0000135",
      "label": "heterozygous"
    }
  }, {
    "vcfAllele": {
      "genomeAssembly": "GRCh37",
      "chr": "1",
      "pos": 8420275,
      "ref": "G",
      "alt": "C"
    },
    "zygosity": {
      "id": "GENO:0000135",
      "label": "heterozygous"
    }
  }],
  "diseases": [{
    "term": {
      "id": "OMIM:616975",
      "label": "Neurodevelopmental disorder with or without anomalies of the brain, eye, or heart"
    }
  }],
  "metaData": {
    "createdBy": "Hpo Case Annotator : 1.0.14-SNAPSHOT",
    "submittedBy": "UNC:biocuration",
    "resources": [{
      "id": "hp",
      "name": "human phenotype ontology",
      "url": "http://purl.obolibrary.org/obo/hp.owl",
      "version": "2018-03-08",
      "namespacePrefix": "HP",
      "iriPrefix": "http://purl.obolibrary.org/obo/HP_"
    }, {
      "id": "pato",
      "name": "Phenotype And Trait Ontology",
      "url": "http://purl.obolibrary.org/obo/pato.owl",
      "version": "2018-03-28",
      "namespacePrefix": "PATO",
      "iriPrefix": "http://purl.obolibrary.org/obo/PATO_"
    }, {
      "id": "geno",
      "name": "Genotype Ontology",
      "url": "http://purl.obolibrary.org/obo/geno.owl",
      "version": "19-03-2018",
      "namespacePrefix": "GENO",
      "iriPrefix": "http://purl.obolibrary.org/obo/GENO_"
    }, {
      "id": "ncbitaxon",
      "name": "NCBI organismal classification",
      "url": "http://purl.obolibrary.org/obo/ncbitaxon.owl",
      "version": "2018-03-02",
      "namespacePrefix": "NCBITaxon"
    }, {
      "id": "eco",
      "name": "Evidence and Conclusion Ontology",
      "url": "http://purl.obolibrary.org/obo/eco.owl",
      "version": "2018-11-10",
      "namespacePrefix": "ECO",
      "iriPrefix": "http://purl.obolibrary.org/obo/ECO_"
    }, {
      "id": "omim",
      "name": "Online Mendelian Inheritance in Man",
      "url": "https://www.omim.org",
      "namespacePrefix": "OMIM"
    }],
    "phenopacketSchemaVersion": "1.0.0-RC3",
    "externalReferences": [{
      "id": "PMID:29330883",
      "description": "Genotype-phenotype correlations in individuals with pathogenic RERE variants"
    }]
  }
}