{
  "id": "PMID:29330883-Jordan-2018-RERE-Subject_3",
  "subject": {
    "id": "Subject 3",
    "ageAtCollection": {
      "age": "P21Y"
    },
    "sex": "MALE",
    "taxonomy": {
      "id": "NCBITaxon:9606",
      "label": "Homo sapiens"
    }
  },
  "phenotypicFeatures": [{
    "type": {
      "id": "HP:0000733",
      "label": "Stereotypy"
    },
    "evidence": [{
      "evidenceCode": {
        "id": "ECO:0000033",
        "label": "author statement supported by traceable reference"
      },
      "reference": {
        "id": "PMID:29330883",
        "description": "Genotype-phenotype correlations in individuals with pathogenic RERE variants"
      }
    }]
  }, {
    "type": {
      "id": "HP:0001249",
      "label": "Intellectual disability"
    },
    "evidence": [{
      "evidenceCode": {
        "id": "ECO:0000033",
        "label": "author statement supported by traceable reference"
      },
      "reference": {
        "id": "PMID:29330883",
        "description": "Genotype-phenotype correlations in individuals with pathogenic RERE variants"
      }
    }]
  }, {
    "type": {
      "id": "HP:0001631",
      "label": "Atrial septal defect"
    },
    "evidence": [{
      "evidenceCode": {
        "id": "ECO:0000033",
        "label": "author statement supported by traceable reference"
      },
      "reference": {
        "id": "PMID:29330883",
        "description": "Genotype-phenotype correlations in individuals with pathogenic RERE variants"
      }
    }]
  }, {
    "type": {
      "id": "HP:0002363",
      "label": "Abnormality of brainstem morphology"
    },
    "evidence": [{
      "evidenceCode": {
        "id": "ECO:0000033",
        "label": "author statement supported by traceable reference"
      },
      "reference": {
        "id": "PMID:29330883",
        "description": "Genotype-phenotype correlations in individuals with pathogenic RERE variants"
      }
    }]
  }, {
    "type": {
      "id": "HP:0001252",
      "label": "Muscular hypotonia"
    },
    "evidence": [{
      "evidenceCode": {
        "id": "ECO:0000033",
        "label": "author statement supported by traceable reference"
      },
      "reference": {
        "id": "PMID:29330883",
        "description": "Genotype-phenotype correlations in individuals with pathogenic RERE variants"
      }
    }]
  }, {
    "type": {
      "id": "HP:0000453",
      "label": "Choanal atresia"
    },
    "negated": true,
    "evidence": [{
      "evidenceCode": {
        "id": "ECO:0000033",
        "label": "author statement supported by traceable reference"
      },
      "reference": {
        "id": "PMID:29330883",
        "description": "Genotype-phenotype correlations in individuals with pathogenic RERE variants"
      }
    }]
  }, {
    "type": {
      "id": "HP:0000365",
      "label": "Hearing impairment"
    },
    "evidence": [{
      "evidenceCode": {
        "id": "ECO:0000033",
        "label": "author statement supported by traceable reference"
      },
      "reference": {
        "id": "PMID:29330883",
        "description": "Genotype-phenotype correlations in individuals with pathogenic RERE variants"
      }
    }]
  }, {
    "type": {
      "id": "HP:0000218",
      "label": "High palate"
    },
    "evidence": [{
      "evidenceCode": {
        "id": "ECO:0000033",
        "label": "author statement supported by traceable reference"
      },
      "reference": {
        "id": "PMID:29330883",
        "description": "Genotype-phenotype correlations in individuals with pathogenic RERE variants"
      }
    }]
  }, {
    "type": {
      "id": "HP:0002079",
      "label": "Hypoplasia of the corpus callosum"
    },
    "evidence": [{
      "evidenceCode": {
        "id": "ECO:0000033",
        "label": "author statement supported by traceable reference"
      },
      "reference": {
        "id": "PMID:29330883",
        "description": "Genotype-phenotype correlations in individuals with pathogenic RERE variants"
      }
    }]
  }, {
    "type": {
      "id": "HP:0002463",
      "label": "Language impairment"
    },
    "evidence": [{
      "evidenceCode": {
        "id": "ECO:0000033",
        "label": "author statement supported by traceable reference"
      },
      "reference": {
        "id": "PMID:29330883",
        "description": "Genotype-phenotype correlations in individuals with pathogenic RERE variants"
      }
    }]
  }, {
    "type": {
      "id": "HP:0010535",
      "label": "Sleep apnea"
    },
    "evidence": [{
      "evidenceCode": {
        "id": "ECO:0000033",
        "label": "author statement supported by traceable reference"
      },
      "reference": {
        "id": "PMID:29330883",
        "description": "Genotype-phenotype correlations in individuals with pathogenic RERE variants"
      }
    }]
  }, {
    "type": {
      "id": "HP:0000077",
      "label": "Abnormality of the kidney"
    },
    "negated": true,
    "evidence": [{
      "evidenceCode": {
        "id": "ECO:0000033",
        "label": "author statement supported by traceable reference"
      },
      "reference": {
        "id": "PMID:29330883",
        "description": "Genotype-phenotype correlations in individuals with pathogenic RERE variants"
      }
    }]
  }, {
    "type": {
      "id": "HP:0001222",
      "label": "Spatulate thumbs"
    },
    "evidence": [{
      "evidenceCode": {
        "id": "ECO:0000033",
        "label": "author statement supported by traceable reference"
      },
      "reference": {
        "id": "PMID:29330883",
        "description": "Genotype-phenotype correlations in individuals with pathogenic RERE variants"
      }
    }]
  }, {
    "type": {
      "id": "HP:0000478",
      "label": "Abnormality of the eye"
    },
    "negated": true,
    "evidence": [{
      "evidenceCode": {
        "id": "ECO:0000033",
        "label": "author statement supported by traceable reference"
      },
      "reference": {
        "id": "PMID:29330883",
        "description": "Genotype-phenotype correlations in individuals with pathogenic RERE variants"
      }
    }]
  }, {
    "type": {
      "id": "HP:0001671",
      "label": "Abnormal cardiac septum morphology"
    },
    "evidence": [{
      "evidenceCode": {
        "id": "ECO:0000033",
        "label": "author statement supported by traceable reference"
      },
      "reference": {
        "id": "PMID:29330883",
        "description": "Genotype-phenotype correlations in individuals with pathogenic RERE variants"
      }
    }]
  }, {
    "type": {
      "id": "HP:0001290",
      "label": "Generalized hypotonia"
    },
    "evidence": [{
      "evidenceCode": {
        "id": "ECO:0000033",
        "label": "author statement supported by traceable reference"
      },
      "reference": {
        "id": "PMID:29330883",
        "description": "Genotype-phenotype correlations in individuals with pathogenic RERE variants"
      }
    }]
  }, {
    "type": {
      "id": "HP:0000565",
      "label": "Esotropia"
    },
    "evidence": [{
      "evidenceCode": {
        "id": "ECO:0000033",
        "label": "author statement supported by traceable reference"
      },
      "reference": {
        "id": "PMID:29330883",
        "description": "Genotype-phenotype correlations in individuals with pathogenic RERE variants"
      }
    }]
  }, {
    "type": {
      "id": "HP:0001488",
      "label": "Bilateral ptosis"
    },
    "evidence": [{
      "evidenceCode": {
        "id": "ECO:0000033",
        "label": "author statement supported by traceable reference"
      },
      "reference": {
        "id": "PMID:29330883",
        "description": "Genotype-phenotype correlations in individuals with pathogenic RERE variants"
      }
    }]
  }, {
    "type": {
      "id": "HP:0002104",
      "label": "Apnea"
    },
    "evidence": [{
      "evidenceCode": {
        "id": "ECO:0000033",
        "label": "author statement supported by traceable reference"
      },
      "reference": {
        "id": "PMID:29330883",
        "description": "Genotype-phenotype correlations in individuals with pathogenic RERE variants"
      }
    }]
  }, {
    "type": {
      "id": "HP:0001795",
      "label": "Hyperconvex nail"
    },
    "evidence": [{
      "evidenceCode": {
        "id": "ECO:0000033",
        "label": "author statement supported by traceable reference"
      },
      "reference": {
        "id": "PMID:29330883",
        "description": "Genotype-phenotype correlations in individuals with pathogenic RERE variants"
      }
    }]
  }, {
    "type": {
      "id": "HP:0012372",
      "label": "Abnormal eye morphology"
    },
    "negated": true,
    "evidence": [{
      "evidenceCode": {
        "id": "ECO:0000033",
        "label": "author statement supported by traceable reference"
      },
      "reference": {
        "id": "PMID:29330883",
        "description": "Genotype-phenotype correlations in individuals with pathogenic RERE variants"
      }
    }]
  }, {
    "type": {
      "id": "HP:0000750",
      "label": "Delayed speech and language development"
    },
    "evidence": [{
      "evidenceCode": {
        "id": "ECO:0000033",
        "label": "author statement supported by traceable reference"
      },
      "reference": {
        "id": "PMID:29330883",
        "description": "Genotype-phenotype correlations in individuals with pathogenic RERE variants"
      }
    }]
  }, {
    "type": {
      "id": "HP:0001251",
      "label": "Ataxia"
    },
    "evidence": [{
      "evidenceCode": {
        "id": "ECO:0000033",
        "label": "author statement supported by traceable reference"
      },
      "reference": {
        "id": "PMID:29330883",
        "description": "Genotype-phenotype correlations in individuals with pathogenic RERE variants"
      }
    }]
  }, {
    "type": {
      "id": "HP:0000407",
      "label": "Sensorineural hearing impairment"
    },
    "evidence": [{
      "evidenceCode": {
        "id": "ECO:0000033",
        "label": "author statement supported by traceable reference"
      },
      "reference": {
        "id": "PMID:29330883",
        "description": "Genotype-phenotype correlations in individuals with pathogenic RERE variants"
      }
    }]
  }, {
    "type": {
      "id": "HP:0030842",
      "label": "Choking episodes"
    },
    "evidence": [{
      "evidenceCode": {
        "id": "ECO:0000033",
        "label": "author statement supported by traceable reference"
      },
      "reference": {
        "id": "PMID:29330883",
        "description": "Genotype-phenotype correlations in individuals with pathogenic RERE variants"
      }
    }]
  }, {
    "type": {
      "id": "HP:0000508",
      "label": "Ptosis"
    },
    "evidence": [{
      "evidenceCode": {
        "id": "ECO:0000033",
        "label": "author statement supported by traceable reference"
      },
      "reference": {
        "id": "PMID:29330883",
        "description": "Genotype-phenotype correlations in individuals with pathogenic RERE variants"
      }
    }]
  }, {
    "type": {
      "id": "HP:0002650",
      "label": "Scoliosis"
    },
    "evidence": [{
      "evidenceCode": {
        "id": "ECO:0000033",
        "label": "author statement supported by traceable reference"
      },
      "reference": {
        "id": "PMID:29330883",
        "description": "Genotype-phenotype correlations in individuals with pathogenic RERE variants"
      }
    }]
  }, {
    "type": {
      "id": "HP:0003198",
      "label": "Myopathy"
    },
    "evidence": [{
      "evidenceCode": {
        "id": "ECO:0000033",
        "label": "author statement supported by traceable reference"
      },
      "reference": {
        "id": "PMID:29330883",
        "description": "Genotype-phenotype correlations in individuals with pathogenic RERE variants"
      }
    }]
  }, {
    "type": {
      "id": "HP:0002058",
      "label": "Myopathic facies"
    },
    "evidence": [{
      "evidenceCode": {
        "id": "ECO:0000033",
        "label": "author statement supported by traceable reference"
      },
      "reference": {
        "id": "PMID:29330883",
        "description": "Genotype-phenotype correlations in individuals with pathogenic RERE variants"
      }
    }]
  }, {
    "type": {
      "id": "HP:0000722",
      "label": "Obsessive-compulsive behavior"
    },
    "evidence": [{
      "evidenceCode": {
        "id": "ECO:0000033",
        "label": "author statement supported by traceable reference"
      },
      "reference": {
        "id": "PMID:29330883",
        "description": "Genotype-phenotype correlations in individuals with pathogenic RERE variants"
      }
    }]
  }, {
    "type": {
      "id": "HP:0001263",
      "label": "Global developmental delay"
    },
    "evidence": [{
      "evidenceCode": {
        "id": "ECO:0000033",
        "label": "author statement supported by traceable reference"
      },
      "reference": {
        "id": "PMID:29330883",
        "description": "Genotype-phenotype correlations in individuals with pathogenic RERE variants"
      }
    }]
  }, {
    "type": {
      "id": "HP:0000490",
      "label": "Deeply set eye"
    },
    "evidence": [{
      "evidenceCode": {
        "id": "ECO:0000033",
        "label": "author statement supported by traceable reference"
      },
      "reference": {
        "id": "PMID:29330883",
        "description": "Genotype-phenotype correlations in individuals with pathogenic RERE variants"
      }
    }]
  }, {
    "type": {
      "id": "HP:0002474",
      "label": "Expressive language delay"
    },
    "evidence": [{
      "evidenceCode": {
        "id": "ECO:0000033",
        "label": "author statement supported by traceable reference"
      },
      "reference": {
        "id": "PMID:29330883",
        "description": "Genotype-phenotype correlations in individuals with pathogenic RERE variants"
      }
    }]
  }, {
    "type": {
      "id": "HP:0002616",
      "label": "Aortic root aneurysm"
    },
    "evidence": [{
      "evidenceCode": {
        "id": "ECO:0000033",
        "label": "author statement supported by traceable reference"
      },
      "reference": {
        "id": "PMID:29330883",
        "description": "Genotype-phenotype correlations in individuals with pathogenic RERE variants"
      }
    }]
  }, {
    "type": {
      "id": "HP:0000961",
      "label": "Cyanosis"
    },
    "evidence": [{
      "evidenceCode": {
        "id": "ECO:0000033",
        "label": "author statement supported by traceable reference"
      },
      "reference": {
        "id": "PMID:29330883",
        "description": "Genotype-phenotype correlations in individuals with pathogenic RERE variants"
      }
    }]
  }],
  "genes": [{
    "id": "NCBIGene:473",
    "symbol": "RERE"
  }],
  "variants": [{
    "vcfAllele": {
      "genomeAssembly": "GRCh37",
      "chr": "1",
      "pos": 8420421,
      "ref": "G",
      "alt": "A"
    },
    "zygosity": {
      "id": "GENO:0000135",
      "label": "heterozygous"
    }
  }],
  "diseases": [{
    "term": {
      "id": "OMIM:616975",
      "label": "Neurodevelopmental disorder with or without anomalies of the brain, eye, or heart"
    }
  }],
  "metaData": {
    "createdBy": "Hpo Case Annotator : 1.0.14-SNAPSHOT",
    "submittedBy": "UNC:biocuration",
    "resources": [{
      "id": "hp",
      "name": "human phenotype ontology",
      "url": "http://purl.obolibrary.org/obo/hp.owl",
      "version": "2018-03-08",
      "namespacePrefix": "HP",
      "iriPrefix": "http://purl.obolibrary.org/obo/HP_"
    }, {
      "id": "pato",
      "name": "Phenotype And Trait Ontology",
      "url": "http://purl.obolibrary.org/obo/pato.owl",
      "version": "2018-03-28",
      "namespacePrefix": "PATO",
      "iriPrefix": "http://purl.obolibrary.org/obo/PATO_"
    }, {
      "id": "geno",
      "name": "Genotype Ontology",
      "url": "http://purl.obolibrary.org/obo/geno.owl",
      "version": "19-03-2018",
      "namespacePrefix": "GENO",
      "iriPrefix": "http://purl.obolibrary.org/obo/GENO_"
    }, {
      "id": "ncbitaxon",
      "name": "NCBI organismal classification",
      "url": "http://purl.obolibrary.org/obo/ncbitaxon.owl",
      "version": "2018-03-02",
      "namespacePrefix": "NCBITaxon"
    }, {
      "id": "eco",
      "name": "Evidence and Conclusion Ontology",
      "url": "http://purl.obolibrary.org/obo/eco.owl",
      "version": "2018-11-10",
      "namespacePrefix": "ECO",
      "iriPrefix": "http://purl.obolibrary.org/obo/ECO_"
    }, {
      "id": "omim",
      "name": "Online Mendelian Inheritance in Man",
      "url": "https://www.omim.org",
      "namespacePrefix": "OMIM"
    }],
    "phenopacketSchemaVersion": "1.0.0-RC3",
    "externalReferences": [{
      "id": "PMID:29330883",
      "description": "Genotype-phenotype correlations in individuals with pathogenic RERE variants"
    }]
  }
}