{
  "id": "PMID:25533820-Li-2014-BBS4-4-year-old_female_patient",
  "subject": {
    "id": "4-year-old female patient",
    "ageAtCollection": {
      "age": "P4Y"
    },
    "sex": "FEMALE",
    "taxonomy": {
      "id": "NCBITaxon:9606",
      "label": "Homo sapiens"
    }
  },
  "phenotypicFeatures": [{
    "type": {
      "id": "HP:0000648",
      "label": "Optic atrophy"
    },
    "evidence": [{
      "evidenceCode": {
        "id": "ECO:0000033",
        "label": "author statement supported by traceable reference"
      },
      "reference": {
        "id": "PMID:25533820",
        "description": "A novel nonsense mutation in BBS4 gene identified in a Chinese family with Bardet-Biedl syndrome"
      }
    }]
  }, {
    "type": {
      "id": "HP:0030329",
      "label": "Retinal thinning"
    },
    "evidence": [{
      "evidenceCode": {
        "id": "ECO:0000033",
        "label": "author statement supported by traceable reference"
      },
      "reference": {
        "id": "PMID:25533820",
        "description": "A novel nonsense mutation in BBS4 gene identified in a Chinese family with Bardet-Biedl syndrome"
      }
    }]
  }, {
    "type": {
      "id": "HP:0000505",
      "label": "Visual impairment"
    },
    "evidence": [{
      "evidenceCode": {
        "id": "ECO:0000033",
        "label": "author statement supported by traceable reference"
      },
      "reference": {
        "id": "PMID:25533820",
        "description": "A novel nonsense mutation in BBS4 gene identified in a Chinese family with Bardet-Biedl syndrome"
      }
    }]
  }, {
    "type": {
      "id": "HP:0000750",
      "label": "Delayed speech and language development"
    },
    "evidence": [{
      "evidenceCode": {
        "id": "ECO:0000033",
        "label": "author statement supported by traceable reference"
      },
      "reference": {
        "id": "PMID:25533820",
        "description": "A novel nonsense mutation in BBS4 gene identified in a Chinese family with Bardet-Biedl syndrome"
      }
    }]
  }, {
    "type": {
      "id": "HP:0001249",
      "label": "Intellectual disability"
    },
    "evidence": [{
      "evidenceCode": {
        "id": "ECO:0000033",
        "label": "author statement supported by traceable reference"
      },
      "reference": {
        "id": "PMID:25533820",
        "description": "A novel nonsense mutation in BBS4 gene identified in a Chinese family with Bardet-Biedl syndrome"
      }
    }]
  }, {
    "type": {
      "id": "HP:0007843",
      "label": "Attenuation of retinal blood vessels"
    },
    "evidence": [{
      "evidenceCode": {
        "id": "ECO:0000033",
        "label": "author statement supported by traceable reference"
      },
      "reference": {
        "id": "PMID:25533820",
        "description": "A novel nonsense mutation in BBS4 gene identified in a Chinese family with Bardet-Biedl syndrome"
      }
    }]
  }, {
    "type": {
      "id": "HP:0000510",
      "label": "Rod-cone dystrophy"
    },
    "evidence": [{
      "evidenceCode": {
        "id": "ECO:0000033",
        "label": "author statement supported by traceable reference"
      },
      "reference": {
        "id": "PMID:25533820",
        "description": "A novel nonsense mutation in BBS4 gene identified in a Chinese family with Bardet-Biedl syndrome"
      }
    }]
  }, {
    "type": {
      "id": "HP:0001956",
      "label": "Truncal obesity"
    },
    "evidence": [{
      "evidenceCode": {
        "id": "ECO:0000033",
        "label": "author statement supported by traceable reference"
      },
      "reference": {
        "id": "PMID:25533820",
        "description": "A novel nonsense mutation in BBS4 gene identified in a Chinese family with Bardet-Biedl syndrome"
      }
    }]
  }, {
    "type": {
      "id": "HP:0010442",
      "label": "Polydactyly"
    },
    "evidence": [{
      "evidenceCode": {
        "id": "ECO:0000033",
        "label": "author statement supported by traceable reference"
      },
      "reference": {
        "id": "PMID:25533820",
        "description": "A novel nonsense mutation in BBS4 gene identified in a Chinese family with Bardet-Biedl syndrome"
      }
    }]
  }, {
    "type": {
      "id": "HP:0007814",
      "label": "Retinal pigment epithelial mottling"
    },
    "evidence": [{
      "evidenceCode": {
        "id": "ECO:0000033",
        "label": "author statement supported by traceable reference"
      },
      "reference": {
        "id": "PMID:25533820",
        "description": "A novel nonsense mutation in BBS4 gene identified in a Chinese family with Bardet-Biedl syndrome"
      }
    }]
  }],
  "genes": [{
    "id": "NCBIGene:585",
    "symbol": "BBS4"
  }],
  "variants": [{
    "vcfAllele": {
      "genomeAssembly": "GRCh37",
      "chr": "15",
      "pos": 72987563,
      "ref": "A",
      "alt": "T"
    },
    "zygosity": {
      "id": "GENO:0000136",
      "label": "homozygous"
    }
  }],
  "diseases": [{
    "term": {
      "id": "OMIM:615982",
      "label": "BARDET-BIEDL SYNDROME 4; BBS4"
    }
  }],
  "metaData": {
    "submittedBy": "HPO:probinson",
    "resources": [{
      "id": "hp",
      "name": "human phenotype ontology",
      "url": "http://purl.obolibrary.org/obo/hp.owl",
      "version": "2018-03-08",
      "namespacePrefix": "HP",
      "iriPrefix": "http://purl.obolibrary.org/obo/HP_"
    }, {
      "id": "pato",
      "name": "Phenotype And Trait Ontology",
      "url": "http://purl.obolibrary.org/obo/pato.owl",
      "version": "2018-03-28",
      "namespacePrefix": "PATO",
      "iriPrefix": "http://purl.obolibrary.org/obo/PATO_"
    }, {
      "id": "geno",
      "name": "Genotype Ontology",
      "url": "http://purl.obolibrary.org/obo/geno.owl",
      "version": "19-03-2018",
      "namespacePrefix": "GENO",
      "iriPrefix": "http://purl.obolibrary.org/obo/GENO_"
    }, {
      "id": "ncbitaxon",
      "name": "NCBI organismal classification",
      "url": "http://purl.obolibrary.org/obo/ncbitaxon.owl",
      "version": "2018-03-02",
      "namespacePrefix": "NCBITaxon"
    }, {
      "id": "eco",
      "name": "Evidence and Conclusion Ontology",
      "url": "http://purl.obolibrary.org/obo/eco.owl",
      "version": "2018-11-10",
      "namespacePrefix": "ECO",
      "iriPrefix": "http://purl.obolibrary.org/obo/ECO_"
    }, {
      "id": "omim",
      "name": "Online Mendelian Inheritance in Man",
      "url": "https://www.omim.org",
      "namespacePrefix": "OMIM"
    }],
    "phenopacketSchemaVersion": "1.0.0-RC3",
    "externalReferences": [{
      "id": "PMID:25533820",
      "description": "A novel nonsense mutation in BBS4 gene identified in a Chinese family with Bardet-Biedl syndrome"
    }]
  }
}