{
  "id": "PMID:30642278-Ling-2019-NHS-III:1",
  "subject": {
    "id": "III:1",
    "ageAtCollection": {
      "age": "15y"
    },
    "sex": "MALE",
    "taxonomy": {
      "id": "NCBITaxon:9606",
      "label": "Homo sapiens"
    }
  },
  "phenotypicFeatures": [{
    "type": {
      "id": "HP:0040080",
      "label": "Anteverted ears"
    },
    "evidence": [{
      "evidenceCode": {
        "id": "ECO:0000033",
        "label": "author statement supported by traceable reference"
      },
      "reference": {
        "id": "PMID:30642278",
        "description": "Whole exome sequencing identified a novel truncation mutation in the NHS gene associated with Nance-Horan syndrome"
      }
    }]
  }, {
    "type": {
      "id": "HP:0006346",
      "label": "Screwdriver-shaped incisors"
    },
    "evidence": [{
      "evidenceCode": {
        "id": "ECO:0000033",
        "label": "author statement supported by traceable reference"
      },
      "reference": {
        "id": "PMID:30642278",
        "description": "Whole exome sequencing identified a novel truncation mutation in the NHS gene associated with Nance-Horan syndrome"
      }
    }]
  }, {
    "type": {
      "id": "HP:0011092",
      "label": "Mulberry molar"
    },
    "evidence": [{
      "evidenceCode": {
        "id": "ECO:0000033",
        "label": "author statement supported by traceable reference"
      },
      "reference": {
        "id": "PMID:30642278",
        "description": "Whole exome sequencing identified a novel truncation mutation in the NHS gene associated with Nance-Horan syndrome"
      }
    }]
  }, {
    "type": {
      "id": "HP:0001249",
      "label": "Intellectual disability"
    },
    "negated": true,
    "evidence": [{
      "evidenceCode": {
        "id": "ECO:0000033",
        "label": "author statement supported by traceable reference"
      },
      "reference": {
        "id": "PMID:30642278",
        "description": "Whole exome sequencing identified a novel truncation mutation in the NHS gene associated with Nance-Horan syndrome"
      }
    }]
  }, {
    "type": {
      "id": "HP:0000689",
      "label": "Dental malocclusion"
    },
    "evidence": [{
      "evidenceCode": {
        "id": "ECO:0000033",
        "label": "author statement supported by traceable reference"
      },
      "reference": {
        "id": "PMID:30642278",
        "description": "Whole exome sequencing identified a novel truncation mutation in the NHS gene associated with Nance-Horan syndrome"
      }
    }]
  }, {
    "type": {
      "id": "HP:0000708",
      "label": "Behavioral abnormality"
    },
    "negated": true,
    "evidence": [{
      "evidenceCode": {
        "id": "ECO:0000033",
        "label": "author statement supported by traceable reference"
      },
      "reference": {
        "id": "PMID:30642278",
        "description": "Whole exome sequencing identified a novel truncation mutation in the NHS gene associated with Nance-Horan syndrome"
      }
    }]
  }, {
    "type": {
      "id": "HP:0100018",
      "label": "Nuclear cataract"
    },
    "evidence": [{
      "evidenceCode": {
        "id": "ECO:0000033",
        "label": "author statement supported by traceable reference"
      },
      "reference": {
        "id": "PMID:30642278",
        "description": "Whole exome sequencing identified a novel truncation mutation in the NHS gene associated with Nance-Horan syndrome"
      }
    }]
  }, {
    "type": {
      "id": "HP:0000275",
      "label": "Narrow face"
    },
    "evidence": [{
      "evidenceCode": {
        "id": "ECO:0000033",
        "label": "author statement supported by traceable reference"
      },
      "reference": {
        "id": "PMID:30642278",
        "description": "Whole exome sequencing identified a novel truncation mutation in the NHS gene associated with Nance-Horan syndrome"
      }
    }]
  }, {
    "type": {
      "id": "HP:0000448",
      "label": "Prominent nose"
    },
    "evidence": [{
      "evidenceCode": {
        "id": "ECO:0000033",
        "label": "author statement supported by traceable reference"
      },
      "reference": {
        "id": "PMID:30642278",
        "description": "Whole exome sequencing identified a novel truncation mutation in the NHS gene associated with Nance-Horan syndrome"
      }
    }]
  }],
  "genes": [{
    "id": "NCBIGene:4810",
    "symbol": "NHS"
  }],
  "variants": [{
    "vcfAllele": {
      "genomeAssembly": "GRCh37",
      "chr": "X",
      "pos": 17750140,
      "ref": "C",
      "alt": "G"
    },
    "zygosity": {
      "id": "GENO:0000134",
      "label": "hemizygous"
    }
  }],
  "diseases": [{
    "term": {
      "id": "OMIM:302350",
      "label": "NANCE-HORAN SYNDROME; NHS"
    }
  }],
  "metaData": {
    "submittedBy": "HPO:probinson",
    "resources": [{
      "id": "hp",
      "name": "human phenotype ontology",
      "url": "http://purl.obolibrary.org/obo/hp.owl",
      "version": "2018-03-08",
      "namespacePrefix": "HP",
      "iriPrefix": "http://purl.obolibrary.org/obo/HP_"
    }, {
      "id": "pato",
      "name": "Phenotype And Trait Ontology",
      "url": "http://purl.obolibrary.org/obo/pato.owl",
      "version": "2018-03-28",
      "namespacePrefix": "PATO",
      "iriPrefix": "http://purl.obolibrary.org/obo/PATO_"
    }, {
      "id": "geno",
      "name": "Genotype Ontology",
      "url": "http://purl.obolibrary.org/obo/geno.owl",
      "version": "19-03-2018",
      "namespacePrefix": "GENO",
      "iriPrefix": "http://purl.obolibrary.org/obo/GENO_"
    }, {
      "id": "ncbitaxon",
      "name": "NCBI organismal classification",
      "url": "http://purl.obolibrary.org/obo/ncbitaxon.owl",
      "version": "2018-03-02",
      "namespacePrefix": "NCBITaxon"
    }, {
      "id": "eco",
      "name": "Evidence and Conclusion Ontology",
      "url": "http://purl.obolibrary.org/obo/eco.owl",
      "version": "2018-11-10",
      "namespacePrefix": "ECO",
      "iriPrefix": "http://purl.obolibrary.org/obo/ECO_"
    }, {
      "id": "omim",
      "name": "Online Mendelian Inheritance in Man",
      "url": "https://www.omim.org",
      "namespacePrefix": "OMIM"
    }],
    "phenopacketSchemaVersion": "1.0.0-RC3",
    "externalReferences": [{
      "id": "PMID:30642278",
      "description": "Whole exome sequencing identified a novel truncation mutation in the NHS gene associated with Nance-Horan syndrome"
    }]
  }
}