{
  "id": "PMID:29506490-López-2018-EP300-11",
  "subject": {
    "id": "11",
    "ageAtCollection": {
      "age": "P18Y"
    },
    "sex": "MALE",
    "taxonomy": {
      "id": "NCBITaxon:9606",
      "label": "Homo sapiens"
    }
  },
  "phenotypicFeatures": [{
    "type": {
      "id": "HP:0000574",
      "label": "Thick eyebrow"
    },
    "evidence": [{
      "evidenceCode": {
        "id": "ECO:0000033",
        "label": "author statement supported by traceable reference"
      },
      "reference": {
        "id": "PMID:29506490",
        "description": "Rubinstein-Taybi 2 associated to novel EP300 mutations: deepening the clinical and genetic spectrum"
      }
    }]
  }, {
    "type": {
      "id": "HP:0000252",
      "label": "Microcephaly"
    },
    "evidence": [{
      "evidenceCode": {
        "id": "ECO:0000033",
        "label": "author statement supported by traceable reference"
      },
      "reference": {
        "id": "PMID:29506490",
        "description": "Rubinstein-Taybi 2 associated to novel EP300 mutations: deepening the clinical and genetic spectrum"
      }
    }]
  }, {
    "type": {
      "id": "HP:0002750",
      "label": "Delayed skeletal maturation"
    },
    "evidence": [{
      "evidenceCode": {
        "id": "ECO:0000033",
        "label": "author statement supported by traceable reference"
      },
      "reference": {
        "id": "PMID:29506490",
        "description": "Rubinstein-Taybi 2 associated to novel EP300 mutations: deepening the clinical and genetic spectrum"
      }
    }]
  }, {
    "type": {
      "id": "HP:0002342",
      "label": "Intellectual disability, moderate"
    },
    "evidence": [{
      "evidenceCode": {
        "id": "ECO:0000033",
        "label": "author statement supported by traceable reference"
      },
      "reference": {
        "id": "PMID:29506490",
        "description": "Rubinstein-Taybi 2 associated to novel EP300 mutations: deepening the clinical and genetic spectrum"
      }
    }]
  }, {
    "type": {
      "id": "HP:0001007",
      "label": "Hirsutism"
    },
    "evidence": [{
      "evidenceCode": {
        "id": "ECO:0000033",
        "label": "author statement supported by traceable reference"
      },
      "reference": {
        "id": "PMID:29506490",
        "description": "Rubinstein-Taybi 2 associated to novel EP300 mutations: deepening the clinical and genetic spectrum"
      }
    }]
  }, {
    "type": {
      "id": "HP:0008872",
      "label": "Feeding difficulties in infancy"
    },
    "evidence": [{
      "evidenceCode": {
        "id": "ECO:0000033",
        "label": "author statement supported by traceable reference"
      },
      "reference": {
        "id": "PMID:29506490",
        "description": "Rubinstein-Taybi 2 associated to novel EP300 mutations: deepening the clinical and genetic spectrum"
      }
    }]
  }, {
    "type": {
      "id": "HP:0000589",
      "label": "Coloboma"
    },
    "negated": true,
    "evidence": [{
      "evidenceCode": {
        "id": "ECO:0000033",
        "label": "author statement supported by traceable reference"
      },
      "reference": {
        "id": "PMID:29506490",
        "description": "Rubinstein-Taybi 2 associated to novel EP300 mutations: deepening the clinical and genetic spectrum"
      }
    }]
  }, {
    "type": {
      "id": "HP:0000678",
      "label": "Dental crowding"
    },
    "evidence": [{
      "evidenceCode": {
        "id": "ECO:0000033",
        "label": "author statement supported by traceable reference"
      },
      "reference": {
        "id": "PMID:29506490",
        "description": "Rubinstein-Taybi 2 associated to novel EP300 mutations: deepening the clinical and genetic spectrum"
      }
    }]
  }, {
    "type": {
      "id": "HP:0000358",
      "label": "Posteriorly rotated ears"
    },
    "negated": true,
    "evidence": [{
      "evidenceCode": {
        "id": "ECO:0000033",
        "label": "author statement supported by traceable reference"
      },
      "reference": {
        "id": "PMID:29506490",
        "description": "Rubinstein-Taybi 2 associated to novel EP300 mutations: deepening the clinical and genetic spectrum"
      }
    }]
  }, {
    "type": {
      "id": "HP:0000160",
      "label": "Narrow mouth"
    },
    "evidence": [{
      "evidenceCode": {
        "id": "ECO:0000033",
        "label": "author statement supported by traceable reference"
      },
      "reference": {
        "id": "PMID:29506490",
        "description": "Rubinstein-Taybi 2 associated to novel EP300 mutations: deepening the clinical and genetic spectrum"
      }
    }]
  }, {
    "type": {
      "id": "HP:0000739",
      "label": "Anxiety"
    },
    "negated": true,
    "evidence": [{
      "evidenceCode": {
        "id": "ECO:0000033",
        "label": "author statement supported by traceable reference"
      },
      "reference": {
        "id": "PMID:29506490",
        "description": "Rubinstein-Taybi 2 associated to novel EP300 mutations: deepening the clinical and genetic spectrum"
      }
    }]
  }, {
    "type": {
      "id": "HP:0002650",
      "label": "Scoliosis"
    },
    "negated": true,
    "evidence": [{
      "evidenceCode": {
        "id": "ECO:0000033",
        "label": "author statement supported by traceable reference"
      },
      "reference": {
        "id": "PMID:29506490",
        "description": "Rubinstein-Taybi 2 associated to novel EP300 mutations: deepening the clinical and genetic spectrum"
      }
    }]
  }, {
    "type": {
      "id": "HP:0010055",
      "label": "Broad hallux"
    },
    "evidence": [{
      "evidenceCode": {
        "id": "ECO:0000033",
        "label": "author statement supported by traceable reference"
      },
      "reference": {
        "id": "PMID:29506490",
        "description": "Rubinstein-Taybi 2 associated to novel EP300 mutations: deepening the clinical and genetic spectrum"
      }
    }]
  }, {
    "type": {
      "id": "HP:0011304",
      "label": "Broad thumb"
    },
    "evidence": [{
      "evidenceCode": {
        "id": "ECO:0000033",
        "label": "author statement supported by traceable reference"
      },
      "reference": {
        "id": "PMID:29506490",
        "description": "Rubinstein-Taybi 2 associated to novel EP300 mutations: deepening the clinical and genetic spectrum"
      }
    }]
  }, {
    "type": {
      "id": "HP:0000729",
      "label": "Autistic behavior"
    },
    "negated": true,
    "evidence": [{
      "evidenceCode": {
        "id": "ECO:0000033",
        "label": "author statement supported by traceable reference"
      },
      "reference": {
        "id": "PMID:29506490",
        "description": "Rubinstein-Taybi 2 associated to novel EP300 mutations: deepening the clinical and genetic spectrum"
      }
    }]
  }, {
    "type": {
      "id": "HP:0000486",
      "label": "Strabismus"
    },
    "negated": true,
    "evidence": [{
      "evidenceCode": {
        "id": "ECO:0000033",
        "label": "author statement supported by traceable reference"
      },
      "reference": {
        "id": "PMID:29506490",
        "description": "Rubinstein-Taybi 2 associated to novel EP300 mutations: deepening the clinical and genetic spectrum"
      }
    }]
  }, {
    "type": {
      "id": "HP:0011087",
      "label": "Talon cusp"
    },
    "negated": true,
    "evidence": [{
      "evidenceCode": {
        "id": "ECO:0000033",
        "label": "author statement supported by traceable reference"
      },
      "reference": {
        "id": "PMID:29506490",
        "description": "Rubinstein-Taybi 2 associated to novel EP300 mutations: deepening the clinical and genetic spectrum"
      }
    }]
  }, {
    "type": {
      "id": "HP:0009765",
      "label": "Low hanging columella"
    },
    "evidence": [{
      "evidenceCode": {
        "id": "ECO:0000033",
        "label": "author statement supported by traceable reference"
      },
      "reference": {
        "id": "PMID:29506490",
        "description": "Rubinstein-Taybi 2 associated to novel EP300 mutations: deepening the clinical and genetic spectrum"
      }
    }]
  }, {
    "type": {
      "id": "HP:0000689",
      "label": "Dental malocclusion"
    },
    "negated": true,
    "evidence": [{
      "evidenceCode": {
        "id": "ECO:0000033",
        "label": "author statement supported by traceable reference"
      },
      "reference": {
        "id": "PMID:29506490",
        "description": "Rubinstein-Taybi 2 associated to novel EP300 mutations: deepening the clinical and genetic spectrum"
      }
    }]
  }, {
    "type": {
      "id": "HP:0010562",
      "label": "Keloids"
    },
    "evidence": [{
      "evidenceCode": {
        "id": "ECO:0000033",
        "label": "author statement supported by traceable reference"
      },
      "reference": {
        "id": "PMID:29506490",
        "description": "Rubinstein-Taybi 2 associated to novel EP300 mutations: deepening the clinical and genetic spectrum"
      }
    }]
  }, {
    "type": {
      "id": "HP:0000494",
      "label": "Downslanted palpebral fissures"
    },
    "evidence": [{
      "evidenceCode": {
        "id": "ECO:0000033",
        "label": "author statement supported by traceable reference"
      },
      "reference": {
        "id": "PMID:29506490",
        "description": "Rubinstein-Taybi 2 associated to novel EP300 mutations: deepening the clinical and genetic spectrum"
      }
    }]
  }, {
    "type": {
      "id": "HP:0000527",
      "label": "Long eyelashes"
    },
    "evidence": [{
      "evidenceCode": {
        "id": "ECO:0000033",
        "label": "author statement supported by traceable reference"
      },
      "reference": {
        "id": "PMID:29506490",
        "description": "Rubinstein-Taybi 2 associated to novel EP300 mutations: deepening the clinical and genetic spectrum"
      }
    }]
  }, {
    "type": {
      "id": "HP:0002553",
      "label": "Highly arched eyebrow"
    },
    "negated": true,
    "evidence": [{
      "evidenceCode": {
        "id": "ECO:0000033",
        "label": "author statement supported by traceable reference"
      },
      "reference": {
        "id": "PMID:29506490",
        "description": "Rubinstein-Taybi 2 associated to novel EP300 mutations: deepening the clinical and genetic spectrum"
      }
    }]
  }, {
    "type": {
      "id": "HP:0000448",
      "label": "Prominent nose"
    },
    "evidence": [{
      "evidenceCode": {
        "id": "ECO:0000033",
        "label": "author statement supported by traceable reference"
      },
      "reference": {
        "id": "PMID:29506490",
        "description": "Rubinstein-Taybi 2 associated to novel EP300 mutations: deepening the clinical and genetic spectrum"
      }
    }]
  }, {
    "type": {
      "id": "HP:0001263",
      "label": "Global developmental delay"
    },
    "evidence": [{
      "evidenceCode": {
        "id": "ECO:0000033",
        "label": "author statement supported by traceable reference"
      },
      "reference": {
        "id": "PMID:29506490",
        "description": "Rubinstein-Taybi 2 associated to novel EP300 mutations: deepening the clinical and genetic spectrum"
      }
    }]
  }, {
    "type": {
      "id": "HP:0000750",
      "label": "Delayed speech and language development"
    },
    "negated": true,
    "evidence": [{
      "evidenceCode": {
        "id": "ECO:0000033",
        "label": "author statement supported by traceable reference"
      },
      "reference": {
        "id": "PMID:29506490",
        "description": "Rubinstein-Taybi 2 associated to novel EP300 mutations: deepening the clinical and genetic spectrum"
      }
    }]
  }],
  "genes": [{
    "id": "NCBIGene:2033",
    "symbol": "EP300"
  }],
  "variants": [{
    "vcfAllele": {
      "genomeAssembly": "GRCh37",
      "chr": "22",
      "pos": 41572424,
      "ref": "C",
      "alt": "CATGT"
    },
    "zygosity": {
      "id": "GENO:0000135",
      "label": "heterozygous"
    }
  }],
  "diseases": [{
    "term": {
      "id": "OMIM:613684",
      "label": "RUBINSTEIN-TAYBI SYNDROME 2; RSTS2"
    }
  }],
  "metaData": {
    "createdBy": "Hpo Case Annotator : 1.0.13-SNAPSHOT",
    "submittedBy": "HPO:probinson",
    "resources": [{
      "id": "hp",
      "name": "human phenotype ontology",
      "url": "http://purl.obolibrary.org/obo/hp.owl",
      "version": "2018-03-08",
      "namespacePrefix": "HP",
      "iriPrefix": "http://purl.obolibrary.org/obo/HP_"
    }, {
      "id": "pato",
      "name": "Phenotype And Trait Ontology",
      "url": "http://purl.obolibrary.org/obo/pato.owl",
      "version": "2018-03-28",
      "namespacePrefix": "PATO",
      "iriPrefix": "http://purl.obolibrary.org/obo/PATO_"
    }, {
      "id": "geno",
      "name": "Genotype Ontology",
      "url": "http://purl.obolibrary.org/obo/geno.owl",
      "version": "19-03-2018",
      "namespacePrefix": "GENO",
      "iriPrefix": "http://purl.obolibrary.org/obo/GENO_"
    }, {
      "id": "ncbitaxon",
      "name": "NCBI organismal classification",
      "url": "http://purl.obolibrary.org/obo/ncbitaxon.owl",
      "version": "2018-03-02",
      "namespacePrefix": "NCBITaxon"
    }, {
      "id": "eco",
      "name": "Evidence and Conclusion Ontology",
      "url": "http://purl.obolibrary.org/obo/eco.owl",
      "version": "2018-11-10",
      "namespacePrefix": "ECO",
      "iriPrefix": "http://purl.obolibrary.org/obo/ECO_"
    }, {
      "id": "omim",
      "name": "Online Mendelian Inheritance in Man",
      "url": "https://www.omim.org",
      "namespacePrefix": "OMIM"
    }],
    "phenopacketSchemaVersion": "1.0.0-RC3",
    "externalReferences": [{
      "id": "PMID:29506490",
      "description": "Rubinstein-Taybi 2 associated to novel EP300 mutations: deepening the clinical and genetic spectrum"
    }]
  }
}