{
  "id": "PMID:26922654-Luco-2016-DYRK1A-Patient_2",
  "subject": {
    "id": "Patient 2",
    "ageAtCollection": {
      "age": "13Y"
    },
    "sex": "FEMALE",
    "taxonomy": {
      "id": "NCBITaxon:9606",
      "label": "Homo sapiens"
    }
  },
  "phenotypicFeatures": [{
    "type": {
      "id": "HP:0000750",
      "label": "Delayed speech and language development"
    },
    "evidence": [{
      "evidenceCode": {
        "id": "ECO:0000033",
        "label": "author statement supported by traceable reference"
      },
      "reference": {
        "id": "PMID:26922654",
        "description": "Case report of novel DYRK1A mutations in 2 individuals with syndromic intellectual disability and a review of the literature"
      }
    }]
  }, {
    "type": {
      "id": "HP:0012171",
      "label": "Stereotypical hand wringing"
    },
    "evidence": [{
      "evidenceCode": {
        "id": "ECO:0000033",
        "label": "author statement supported by traceable reference"
      },
      "reference": {
        "id": "PMID:26922654",
        "description": "Case report of novel DYRK1A mutations in 2 individuals with syndromic intellectual disability and a review of the literature"
      }
    }]
  }, {
    "type": {
      "id": "HP:0000269",
      "label": "Prominent occiput"
    },
    "evidence": [{
      "evidenceCode": {
        "id": "ECO:0000033",
        "label": "author statement supported by traceable reference"
      },
      "reference": {
        "id": "PMID:26922654",
        "description": "Case report of novel DYRK1A mutations in 2 individuals with syndromic intellectual disability and a review of the literature"
      }
    }]
  }, {
    "type": {
      "id": "HP:0000426",
      "label": "Prominent nasal bridge"
    },
    "evidence": [{
      "evidenceCode": {
        "id": "ECO:0000033",
        "label": "author statement supported by traceable reference"
      },
      "reference": {
        "id": "PMID:26922654",
        "description": "Case report of novel DYRK1A mutations in 2 individuals with syndromic intellectual disability and a review of the literature"
      }
    }]
  }, {
    "type": {
      "id": "HP:0001182",
      "label": "Tapered finger"
    },
    "evidence": [{
      "evidenceCode": {
        "id": "ECO:0000033",
        "label": "author statement supported by traceable reference"
      },
      "reference": {
        "id": "PMID:26922654",
        "description": "Case report of novel DYRK1A mutations in 2 individuals with syndromic intellectual disability and a review of the literature"
      }
    }]
  }, {
    "type": {
      "id": "HP:0000276",
      "label": "Long face"
    },
    "evidence": [{
      "evidenceCode": {
        "id": "ECO:0000033",
        "label": "author statement supported by traceable reference"
      },
      "reference": {
        "id": "PMID:26922654",
        "description": "Case report of novel DYRK1A mutations in 2 individuals with syndromic intellectual disability and a review of the literature"
      }
    }]
  }, {
    "type": {
      "id": "HP:0011968",
      "label": "Feeding difficulties"
    },
    "evidence": [{
      "evidenceCode": {
        "id": "ECO:0000033",
        "label": "author statement supported by traceable reference"
      },
      "reference": {
        "id": "PMID:26922654",
        "description": "Case report of novel DYRK1A mutations in 2 individuals with syndromic intellectual disability and a review of the literature"
      }
    }]
  }, {
    "type": {
      "id": "HP:0001251",
      "label": "Ataxia"
    },
    "evidence": [{
      "evidenceCode": {
        "id": "ECO:0000033",
        "label": "author statement supported by traceable reference"
      },
      "reference": {
        "id": "PMID:26922654",
        "description": "Case report of novel DYRK1A mutations in 2 individuals with syndromic intellectual disability and a review of the literature"
      }
    }]
  }, {
    "type": {
      "id": "HP:0000341",
      "label": "Narrow forehead"
    },
    "evidence": [{
      "evidenceCode": {
        "id": "ECO:0000033",
        "label": "author statement supported by traceable reference"
      },
      "reference": {
        "id": "PMID:26922654",
        "description": "Case report of novel DYRK1A mutations in 2 individuals with syndromic intellectual disability and a review of the literature"
      }
    }]
  }, {
    "type": {
      "id": "HP:0010722",
      "label": "Asymmetry of the ears"
    },
    "evidence": [{
      "evidenceCode": {
        "id": "ECO:0000033",
        "label": "author statement supported by traceable reference"
      },
      "reference": {
        "id": "PMID:26922654",
        "description": "Case report of novel DYRK1A mutations in 2 individuals with syndromic intellectual disability and a review of the literature"
      }
    }]
  }, {
    "type": {
      "id": "HP:0000414",
      "label": "Bulbous nose"
    },
    "evidence": [{
      "evidenceCode": {
        "id": "ECO:0000033",
        "label": "author statement supported by traceable reference"
      },
      "reference": {
        "id": "PMID:26922654",
        "description": "Case report of novel DYRK1A mutations in 2 individuals with syndromic intellectual disability and a review of the literature"
      }
    }]
  }, {
    "type": {
      "id": "HP:0002373",
      "label": "Febrile seizures"
    },
    "evidence": [{
      "evidenceCode": {
        "id": "ECO:0000033",
        "label": "author statement supported by traceable reference"
      },
      "reference": {
        "id": "PMID:26922654",
        "description": "Case report of novel DYRK1A mutations in 2 individuals with syndromic intellectual disability and a review of the literature"
      }
    }]
  }, {
    "type": {
      "id": "HP:0002069",
      "label": "Generalized tonic-clonic seizures"
    },
    "evidence": [{
      "evidenceCode": {
        "id": "ECO:0000033",
        "label": "author statement supported by traceable reference"
      },
      "reference": {
        "id": "PMID:26922654",
        "description": "Case report of novel DYRK1A mutations in 2 individuals with syndromic intellectual disability and a review of the literature"
      }
    }]
  }, {
    "type": {
      "id": "HP:0000319",
      "label": "Smooth philtrum"
    },
    "evidence": [{
      "evidenceCode": {
        "id": "ECO:0000033",
        "label": "author statement supported by traceable reference"
      },
      "reference": {
        "id": "PMID:26922654",
        "description": "Case report of novel DYRK1A mutations in 2 individuals with syndromic intellectual disability and a review of the literature"
      }
    }]
  }, {
    "type": {
      "id": "HP:0100703",
      "label": "Tongue thrusting"
    },
    "evidence": [{
      "evidenceCode": {
        "id": "ECO:0000033",
        "label": "author statement supported by traceable reference"
      },
      "reference": {
        "id": "PMID:26922654",
        "description": "Case report of novel DYRK1A mutations in 2 individuals with syndromic intellectual disability and a review of the literature"
      }
    }]
  }, {
    "type": {
      "id": "HP:0000687",
      "label": "Widely spaced teeth"
    },
    "evidence": [{
      "evidenceCode": {
        "id": "ECO:0000033",
        "label": "author statement supported by traceable reference"
      },
      "reference": {
        "id": "PMID:26922654",
        "description": "Case report of novel DYRK1A mutations in 2 individuals with syndromic intellectual disability and a review of the literature"
      }
    }]
  }, {
    "type": {
      "id": "HP:0000490",
      "label": "Deeply set eye"
    },
    "evidence": [{
      "evidenceCode": {
        "id": "ECO:0000033",
        "label": "author statement supported by traceable reference"
      },
      "reference": {
        "id": "PMID:26922654",
        "description": "Case report of novel DYRK1A mutations in 2 individuals with syndromic intellectual disability and a review of the literature"
      }
    }]
  }, {
    "type": {
      "id": "HP:0000767",
      "label": "Pectus excavatum"
    },
    "evidence": [{
      "evidenceCode": {
        "id": "ECO:0000033",
        "label": "author statement supported by traceable reference"
      },
      "reference": {
        "id": "PMID:26922654",
        "description": "Case report of novel DYRK1A mutations in 2 individuals with syndromic intellectual disability and a review of the literature"
      }
    }]
  }, {
    "type": {
      "id": "HP:0000252",
      "label": "Microcephaly"
    },
    "evidence": [{
      "evidenceCode": {
        "id": "ECO:0000033",
        "label": "author statement supported by traceable reference"
      },
      "reference": {
        "id": "PMID:26922654",
        "description": "Case report of novel DYRK1A mutations in 2 individuals with syndromic intellectual disability and a review of the literature"
      }
    }]
  }],
  "genes": [{
    "id": "NCBIGene:1859",
    "symbol": "DYRK1A"
  }],
  "variants": [{
    "vcfAllele": {
      "genomeAssembly": "GRCh37",
      "chr": "21",
      "pos": 38862599,
      "ref": "C",
      "alt": "T"
    },
    "zygosity": {
      "id": "GENO:0000135",
      "label": "heterozygous"
    }
  }],
  "diseases": [{
    "term": {
      "id": "OMIM:614104",
      "label": "MENTAL RETARDATION, AUTOSOMAL DOMINANT 7; MRD7"
    }
  }],
  "metaData": {
    "submittedBy": "HPO:probinson",
    "resources": [{
      "id": "hp",
      "name": "human phenotype ontology",
      "url": "http://purl.obolibrary.org/obo/hp.owl",
      "version": "2018-03-08",
      "namespacePrefix": "HP",
      "iriPrefix": "http://purl.obolibrary.org/obo/HP_"
    }, {
      "id": "pato",
      "name": "Phenotype And Trait Ontology",
      "url": "http://purl.obolibrary.org/obo/pato.owl",
      "version": "2018-03-28",
      "namespacePrefix": "PATO",
      "iriPrefix": "http://purl.obolibrary.org/obo/PATO_"
    }, {
      "id": "geno",
      "name": "Genotype Ontology",
      "url": "http://purl.obolibrary.org/obo/geno.owl",
      "version": "19-03-2018",
      "namespacePrefix": "GENO",
      "iriPrefix": "http://purl.obolibrary.org/obo/GENO_"
    }, {
      "id": "ncbitaxon",
      "name": "NCBI organismal classification",
      "url": "http://purl.obolibrary.org/obo/ncbitaxon.owl",
      "version": "2018-03-02",
      "namespacePrefix": "NCBITaxon"
    }, {
      "id": "eco",
      "name": "Evidence and Conclusion Ontology",
      "url": "http://purl.obolibrary.org/obo/eco.owl",
      "version": "2018-11-10",
      "namespacePrefix": "ECO",
      "iriPrefix": "http://purl.obolibrary.org/obo/ECO_"
    }, {
      "id": "omim",
      "name": "Online Mendelian Inheritance in Man",
      "url": "https://www.omim.org",
      "namespacePrefix": "OMIM"
    }],
    "phenopacketSchemaVersion": "1.0.0-RC3",
    "externalReferences": [{
      "id": "PMID:26922654",
      "description": "Case report of novel DYRK1A mutations in 2 individuals with syndromic intellectual disability and a review of the literature"
    }]
  }
}