{
  "id": "PMID:27330822-Luo-2016-COMP-II-1",
  "subject": {
    "id": "II-1",
    "ageAtCollection": {
      "age": "3Y"
    },
    "sex": "MALE",
    "taxonomy": {
      "id": "NCBITaxon:9606",
      "label": "Homo sapiens"
    }
  },
  "phenotypicFeatures": [{
    "type": {
      "id": "HP:0002515",
      "label": "Waddling gait"
    },
    "evidence": [{
      "evidenceCode": {
        "id": "ECO:0000033",
        "label": "author statement supported by traceable reference"
      },
      "reference": {
        "id": "PMID:27330822",
        "description": "A novel deleterious mutation in the COMP gene that causes pseudoachondroplasia"
      }
    }]
  }, {
    "type": {
      "id": "HP:0200055",
      "label": "Small hand"
    },
    "evidence": [{
      "evidenceCode": {
        "id": "ECO:0000033",
        "label": "author statement supported by traceable reference"
      },
      "reference": {
        "id": "PMID:27330822",
        "description": "A novel deleterious mutation in the COMP gene that causes pseudoachondroplasia"
      }
    }]
  }, {
    "type": {
      "id": "HP:0004568",
      "label": "Beaking of vertebral bodies"
    },
    "evidence": [{
      "evidenceCode": {
        "id": "ECO:0000033",
        "label": "author statement supported by traceable reference"
      },
      "reference": {
        "id": "PMID:27330822",
        "description": "A novel deleterious mutation in the COMP gene that causes pseudoachondroplasia"
      }
    }]
  }, {
    "type": {
      "id": "HP:0009381",
      "label": "Short finger"
    },
    "evidence": [{
      "evidenceCode": {
        "id": "ECO:0000033",
        "label": "author statement supported by traceable reference"
      },
      "reference": {
        "id": "PMID:27330822",
        "description": "A novel deleterious mutation in the COMP gene that causes pseudoachondroplasia"
      }
    }]
  }, {
    "type": {
      "id": "HP:0008802",
      "label": "Hypoplasia of the femoral head"
    },
    "evidence": [{
      "evidenceCode": {
        "id": "ECO:0000033",
        "label": "author statement supported by traceable reference"
      },
      "reference": {
        "id": "PMID:27330822",
        "description": "A novel deleterious mutation in the COMP gene that causes pseudoachondroplasia"
      }
    }]
  }, {
    "type": {
      "id": "HP:0003183",
      "label": "Wide pubic symphysis"
    },
    "evidence": [{
      "evidenceCode": {
        "id": "ECO:0000033",
        "label": "author statement supported by traceable reference"
      },
      "reference": {
        "id": "PMID:27330822",
        "description": "A novel deleterious mutation in the COMP gene that causes pseudoachondroplasia"
      }
    }]
  }, {
    "type": {
      "id": "HP:0009826",
      "label": "Limb undergrowth"
    },
    "evidence": [{
      "evidenceCode": {
        "id": "ECO:0000033",
        "label": "author statement supported by traceable reference"
      },
      "reference": {
        "id": "PMID:27330822",
        "description": "A novel deleterious mutation in the COMP gene that causes pseudoachondroplasia"
      }
    }]
  }, {
    "type": {
      "id": "HP:0003015",
      "label": "Flared metaphysis"
    },
    "evidence": [{
      "evidenceCode": {
        "id": "ECO:0000033",
        "label": "author statement supported by traceable reference"
      },
      "reference": {
        "id": "PMID:27330822",
        "description": "A novel deleterious mutation in the COMP gene that causes pseudoachondroplasia"
      }
    }]
  }, {
    "type": {
      "id": "HP:0000926",
      "label": "Platyspondyly"
    },
    "evidence": [{
      "evidenceCode": {
        "id": "ECO:0000033",
        "label": "author statement supported by traceable reference"
      },
      "reference": {
        "id": "PMID:27330822",
        "description": "A novel deleterious mutation in the COMP gene that causes pseudoachondroplasia"
      }
    }]
  }],
  "genes": [{
    "id": "NCBIGene:1311",
    "symbol": "COMP"
  }],
  "variants": [{
    "vcfAllele": {
      "genomeAssembly": "GRCh37",
      "chr": "19",
      "pos": 18897434,
      "ref": "GGCA",
      "alt": "G"
    },
    "zygosity": {
      "id": "GENO:0000135",
      "label": "heterozygous"
    }
  }],
  "diseases": [{
    "term": {
      "id": "OMIM:177170",
      "label": "PSEUDOACHONDROPLASIA; PSACH"
    }
  }],
  "metaData": {
    "submittedBy": "HPO:probinson",
    "resources": [{
      "id": "hp",
      "name": "human phenotype ontology",
      "url": "http://purl.obolibrary.org/obo/hp.owl",
      "version": "2018-03-08",
      "namespacePrefix": "HP",
      "iriPrefix": "http://purl.obolibrary.org/obo/HP_"
    }, {
      "id": "pato",
      "name": "Phenotype And Trait Ontology",
      "url": "http://purl.obolibrary.org/obo/pato.owl",
      "version": "2018-03-28",
      "namespacePrefix": "PATO",
      "iriPrefix": "http://purl.obolibrary.org/obo/PATO_"
    }, {
      "id": "geno",
      "name": "Genotype Ontology",
      "url": "http://purl.obolibrary.org/obo/geno.owl",
      "version": "19-03-2018",
      "namespacePrefix": "GENO",
      "iriPrefix": "http://purl.obolibrary.org/obo/GENO_"
    }, {
      "id": "ncbitaxon",
      "name": "NCBI organismal classification",
      "url": "http://purl.obolibrary.org/obo/ncbitaxon.owl",
      "version": "2018-03-02",
      "namespacePrefix": "NCBITaxon"
    }, {
      "id": "eco",
      "name": "Evidence and Conclusion Ontology",
      "url": "http://purl.obolibrary.org/obo/eco.owl",
      "version": "2018-11-10",
      "namespacePrefix": "ECO",
      "iriPrefix": "http://purl.obolibrary.org/obo/ECO_"
    }, {
      "id": "omim",
      "name": "Online Mendelian Inheritance in Man",
      "url": "https://www.omim.org",
      "namespacePrefix": "OMIM"
    }],
    "phenopacketSchemaVersion": "1.0.0-RC3",
    "externalReferences": [{
      "id": "PMID:27330822",
      "description": "A novel deleterious mutation in the COMP gene that causes pseudoachondroplasia"
    }]
  }
}