{
  "id": "PMID:26911354-Lv-2016-TMEM38B-family2-patient2",
  "subject": {
    "id": "family2-patient2",
    "ageAtCollection": {
      "age": "P8Y"
    },
    "sex": "MALE",
    "taxonomy": {
      "id": "NCBITaxon:9606",
      "label": "Homo sapiens"
    }
  },
  "phenotypicFeatures": [{
    "type": {
      "id": "HP:0002753",
      "label": "Thin bony cortex"
    },
    "evidence": [{
      "evidenceCode": {
        "id": "ECO:0000033",
        "label": "author statement supported by traceable reference"
      },
      "reference": {
        "id": "PMID:26911354",
        "description": "Two novel mutations in TMEM38B result in rare autosomal recessive osteogenesis imperfecta"
      }
    }]
  }, {
    "type": {
      "id": "HP:0031846",
      "label": "Femur fracture"
    },
    "evidence": [{
      "evidenceCode": {
        "id": "ECO:0000033",
        "label": "author statement supported by traceable reference"
      },
      "reference": {
        "id": "PMID:26911354",
        "description": "Two novel mutations in TMEM38B result in rare autosomal recessive osteogenesis imperfecta"
      }
    }]
  }, {
    "type": {
      "id": "HP:0002953",
      "label": "Vertebral compression fractures"
    },
    "negated": true,
    "evidence": [{
      "evidenceCode": {
        "id": "ECO:0000033",
        "label": "author statement supported by traceable reference"
      },
      "reference": {
        "id": "PMID:26911354",
        "description": "Two novel mutations in TMEM38B result in rare autosomal recessive osteogenesis imperfecta"
      }
    }]
  }, {
    "type": {
      "id": "HP:0031425",
      "label": "Increased circulating beta-C-terminal telopeptide level"
    },
    "evidence": [{
      "evidenceCode": {
        "id": "ECO:0000033",
        "label": "author statement supported by traceable reference"
      },
      "reference": {
        "id": "PMID:26911354",
        "description": "Two novel mutations in TMEM38B result in rare autosomal recessive osteogenesis imperfecta"
      }
    }]
  }, {
    "type": {
      "id": "HP:0003100",
      "label": "Slender long bone"
    },
    "evidence": [{
      "evidenceCode": {
        "id": "ECO:0000033",
        "label": "author statement supported by traceable reference"
      },
      "reference": {
        "id": "PMID:26911354",
        "description": "Two novel mutations in TMEM38B result in rare autosomal recessive osteogenesis imperfecta"
      }
    }]
  }, {
    "type": {
      "id": "HP:0003155",
      "label": "Elevated alkaline phosphatase"
    },
    "evidence": [{
      "evidenceCode": {
        "id": "ECO:0000033",
        "label": "author statement supported by traceable reference"
      },
      "reference": {
        "id": "PMID:26911354",
        "description": "Two novel mutations in TMEM38B result in rare autosomal recessive osteogenesis imperfecta"
      }
    }]
  }, {
    "type": {
      "id": "HP:0002757",
      "label": "Recurrent fractures"
    },
    "evidence": [{
      "evidenceCode": {
        "id": "ECO:0000033",
        "label": "author statement supported by traceable reference"
      },
      "reference": {
        "id": "PMID:26911354",
        "description": "Two novel mutations in TMEM38B result in rare autosomal recessive osteogenesis imperfecta"
      }
    }]
  }, {
    "type": {
      "id": "HP:0040160",
      "label": "Generalized osteoporosis"
    },
    "evidence": [{
      "evidenceCode": {
        "id": "ECO:0000033",
        "label": "author statement supported by traceable reference"
      },
      "reference": {
        "id": "PMID:26911354",
        "description": "Two novel mutations in TMEM38B result in rare autosomal recessive osteogenesis imperfecta"
      }
    }]
  }, {
    "type": {
      "id": "HP:0002645",
      "label": "Wormian bones"
    },
    "negated": true,
    "evidence": [{
      "evidenceCode": {
        "id": "ECO:0000033",
        "label": "author statement supported by traceable reference"
      },
      "reference": {
        "id": "PMID:26911354",
        "description": "Two novel mutations in TMEM38B result in rare autosomal recessive osteogenesis imperfecta"
      }
    }]
  }],
  "genes": [{
    "id": "NCBIGene:55151",
    "symbol": "TMEM38B"
  }],
  "variants": [{
    "vcfAllele": {
      "genomeAssembly": "GRCh37",
      "chr": "9",
      "pos": 108484867,
      "ref": "G",
      "alt": "A"
    },
    "zygosity": {
      "id": "GENO:0000136",
      "label": "homozygous"
    }
  }],
  "diseases": [{
    "term": {
      "id": "OMIM:615066",
      "label": "OSTEOGENESIS IMPERFECTA, TYPE XIV; OI14"
    }
  }],
  "metaData": {
    "createdBy": "Hpo Case Annotator : 1.0.13-SNAPSHOT",
    "submittedBy": "HPO:probinson",
    "resources": [{
      "id": "hp",
      "name": "human phenotype ontology",
      "url": "http://purl.obolibrary.org/obo/hp.owl",
      "version": "2018-03-08",
      "namespacePrefix": "HP",
      "iriPrefix": "http://purl.obolibrary.org/obo/HP_"
    }, {
      "id": "pato",
      "name": "Phenotype And Trait Ontology",
      "url": "http://purl.obolibrary.org/obo/pato.owl",
      "version": "2018-03-28",
      "namespacePrefix": "PATO",
      "iriPrefix": "http://purl.obolibrary.org/obo/PATO_"
    }, {
      "id": "geno",
      "name": "Genotype Ontology",
      "url": "http://purl.obolibrary.org/obo/geno.owl",
      "version": "19-03-2018",
      "namespacePrefix": "GENO",
      "iriPrefix": "http://purl.obolibrary.org/obo/GENO_"
    }, {
      "id": "ncbitaxon",
      "name": "NCBI organismal classification",
      "url": "http://purl.obolibrary.org/obo/ncbitaxon.owl",
      "version": "2018-03-02",
      "namespacePrefix": "NCBITaxon"
    }, {
      "id": "eco",
      "name": "Evidence and Conclusion Ontology",
      "url": "http://purl.obolibrary.org/obo/eco.owl",
      "version": "2018-11-10",
      "namespacePrefix": "ECO",
      "iriPrefix": "http://purl.obolibrary.org/obo/ECO_"
    }, {
      "id": "omim",
      "name": "Online Mendelian Inheritance in Man",
      "url": "https://www.omim.org",
      "namespacePrefix": "OMIM"
    }],
    "phenopacketSchemaVersion": "1.0.0-RC3",
    "externalReferences": [{
      "id": "PMID:26911354",
      "description": "Two novel mutations in TMEM38B result in rare autosomal recessive osteogenesis imperfecta"
    }]
  }
}