{
  "id": "PMID:29484404-Ma-2018-SPTA1-proband",
  "subject": {
    "id": "proband",
    "ageAtCollection": {
      "age": "P3Y"
    },
    "sex": "FEMALE",
    "taxonomy": {
      "id": "NCBITaxon:9606",
      "label": "Homo sapiens"
    }
  },
  "phenotypicFeatures": [{
    "type": {
      "id": "HP:0004445",
      "label": "Elliptocytosis"
    },
    "evidence": [{
      "evidenceCode": {
        "id": "ECO:0000033",
        "label": "author statement supported by traceable reference"
      },
      "reference": {
        "id": "PMID:29484404",
        "description": "Novel compound heterozygous SPTA1 mutations in a patient with hereditary elliptocytosis"
      }
    }]
  }, {
    "type": {
      "id": "HP:0005560",
      "label": "Imbalanced hemoglobin synthesis"
    },
    "negated": true,
    "evidence": [{
      "evidenceCode": {
        "id": "ECO:0000033",
        "label": "author statement supported by traceable reference"
      },
      "reference": {
        "id": "PMID:29484404",
        "description": "Novel compound heterozygous SPTA1 mutations in a patient with hereditary elliptocytosis"
      }
    }]
  }, {
    "type": {
      "id": "HP:0004844",
      "label": "Coombs-positive hemolytic anemia"
    },
    "negated": true,
    "evidence": [{
      "evidenceCode": {
        "id": "ECO:0000033",
        "label": "author statement supported by traceable reference"
      },
      "reference": {
        "id": "PMID:29484404",
        "description": "Novel compound heterozygous SPTA1 mutations in a patient with hereditary elliptocytosis"
      }
    }]
  }, {
    "type": {
      "id": "HP:0410177",
      "label": "Abnormal glucose-6-phosphate dehydrogenase level in blood"
    },
    "negated": true,
    "evidence": [{
      "evidenceCode": {
        "id": "ECO:0000033",
        "label": "author statement supported by traceable reference"
      },
      "reference": {
        "id": "PMID:29484404",
        "description": "Novel compound heterozygous SPTA1 mutations in a patient with hereditary elliptocytosis"
      }
    }]
  }, {
    "type": {
      "id": "HP:0000952",
      "label": "Jaundice"
    },
    "evidence": [{
      "evidenceCode": {
        "id": "ECO:0000033",
        "label": "author statement supported by traceable reference"
      },
      "reference": {
        "id": "PMID:29484404",
        "description": "Novel compound heterozygous SPTA1 mutations in a patient with hereditary elliptocytosis"
      }
    }]
  }, {
    "type": {
      "id": "HP:0001923",
      "label": "Reticulocytosis"
    },
    "evidence": [{
      "evidenceCode": {
        "id": "ECO:0000033",
        "label": "author statement supported by traceable reference"
      },
      "reference": {
        "id": "PMID:29484404",
        "description": "Novel compound heterozygous SPTA1 mutations in a patient with hereditary elliptocytosis"
      }
    }]
  }, {
    "type": {
      "id": "HP:0001903",
      "label": "Anemia"
    },
    "evidence": [{
      "evidenceCode": {
        "id": "ECO:0000033",
        "label": "author statement supported by traceable reference"
      },
      "reference": {
        "id": "PMID:29484404",
        "description": "Novel compound heterozygous SPTA1 mutations in a patient with hereditary elliptocytosis"
      }
    }]
  }, {
    "type": {
      "id": "HP:0002240",
      "label": "Hepatomegaly"
    },
    "evidence": [{
      "evidenceCode": {
        "id": "ECO:0000033",
        "label": "author statement supported by traceable reference"
      },
      "reference": {
        "id": "PMID:29484404",
        "description": "Novel compound heterozygous SPTA1 mutations in a patient with hereditary elliptocytosis"
      }
    }]
  }, {
    "type": {
      "id": "HP:0001744",
      "label": "Splenomegaly"
    },
    "evidence": [{
      "evidenceCode": {
        "id": "ECO:0000033",
        "label": "author statement supported by traceable reference"
      },
      "reference": {
        "id": "PMID:29484404",
        "description": "Novel compound heterozygous SPTA1 mutations in a patient with hereditary elliptocytosis"
      }
    }]
  }, {
    "type": {
      "id": "HP:0032106",
      "label": "Conjunctival icterus"
    },
    "evidence": [{
      "evidenceCode": {
        "id": "ECO:0000033",
        "label": "author statement supported by traceable reference"
      },
      "reference": {
        "id": "PMID:29484404",
        "description": "Novel compound heterozygous SPTA1 mutations in a patient with hereditary elliptocytosis"
      }
    }]
  }],
  "genes": [{
    "id": "NCBIGene:6708",
    "symbol": "SPTA1"
  }],
  "variants": [{
    "vcfAllele": {
      "genomeAssembly": "GRCh37",
      "chr": "1",
      "pos": 158655001,
      "ref": "T",
      "alt": "G"
    },
    "zygosity": {
      "id": "GENO:0000135",
      "label": "heterozygous"
    }
  }, {
    "vcfAllele": {
      "genomeAssembly": "GRCh37",
      "chr": "1",
      "pos": 158597507,
      "ref": "G",
      "alt": "C"
    },
    "zygosity": {
      "id": "GENO:0000135",
      "label": "heterozygous"
    }
  }],
  "diseases": [{
    "term": {
      "id": "OMIM:130600",
      "label": "ELLIPTOCYTOSIS 2; EL2"
    }
  }],
  "metaData": {
    "createdBy": "Hpo Case Annotator : 1.0.13-SNAPSHOT",
    "submittedBy": "HPO:probinson",
    "resources": [{
      "id": "hp",
      "name": "human phenotype ontology",
      "url": "http://purl.obolibrary.org/obo/hp.owl",
      "version": "2018-03-08",
      "namespacePrefix": "HP",
      "iriPrefix": "http://purl.obolibrary.org/obo/HP_"
    }, {
      "id": "pato",
      "name": "Phenotype And Trait Ontology",
      "url": "http://purl.obolibrary.org/obo/pato.owl",
      "version": "2018-03-28",
      "namespacePrefix": "PATO",
      "iriPrefix": "http://purl.obolibrary.org/obo/PATO_"
    }, {
      "id": "geno",
      "name": "Genotype Ontology",
      "url": "http://purl.obolibrary.org/obo/geno.owl",
      "version": "19-03-2018",
      "namespacePrefix": "GENO",
      "iriPrefix": "http://purl.obolibrary.org/obo/GENO_"
    }, {
      "id": "ncbitaxon",
      "name": "NCBI organismal classification",
      "url": "http://purl.obolibrary.org/obo/ncbitaxon.owl",
      "version": "2018-03-02",
      "namespacePrefix": "NCBITaxon"
    }, {
      "id": "eco",
      "name": "Evidence and Conclusion Ontology",
      "url": "http://purl.obolibrary.org/obo/eco.owl",
      "version": "2018-11-10",
      "namespacePrefix": "ECO",
      "iriPrefix": "http://purl.obolibrary.org/obo/ECO_"
    }, {
      "id": "omim",
      "name": "Online Mendelian Inheritance in Man",
      "url": "https://www.omim.org",
      "namespacePrefix": "OMIM"
    }],
    "phenopacketSchemaVersion": "1.0.0-RC3",
    "externalReferences": [{
      "id": "PMID:29484404",
      "description": "Novel compound heterozygous SPTA1 mutations in a patient with hereditary elliptocytosis"
    }]
  }
}