{
  "id": "PMID:27057656-Mackenroth-2016-ADAMTSL2-patient",
  "subject": {
    "id": "patient",
    "ageAtCollection": {
      "age": "P1Y3M"
    },
    "sex": "MALE",
    "taxonomy": {
      "id": "NCBITaxon:9606",
      "label": "Homo sapiens"
    }
  },
  "phenotypicFeatures": [{
    "type": {
      "id": "HP:0002750",
      "label": "Delayed skeletal maturation"
    },
    "evidence": [{
      "evidenceCode": {
        "id": "ECO:0000033",
        "label": "author statement supported by traceable reference"
      },
      "reference": {
        "id": "PMID:27057656",
        "description": "Novel ADAMTSL2-mutations in a patient with geleophysic dysplasia type I"
      }
    }]
  }, {
    "type": {
      "id": "HP:0001263",
      "label": "Global developmental delay"
    },
    "evidence": [{
      "evidenceCode": {
        "id": "ECO:0000033",
        "label": "author statement supported by traceable reference"
      },
      "reference": {
        "id": "PMID:27057656",
        "description": "Novel ADAMTSL2-mutations in a patient with geleophysic dysplasia type I"
      }
    }]
  }, {
    "type": {
      "id": "HP:0000233",
      "label": "Thin vermilion border"
    },
    "evidence": [{
      "evidenceCode": {
        "id": "ECO:0000033",
        "label": "author statement supported by traceable reference"
      },
      "reference": {
        "id": "PMID:27057656",
        "description": "Novel ADAMTSL2-mutations in a patient with geleophysic dysplasia type I"
      }
    }]
  }, {
    "type": {
      "id": "HP:0003097",
      "label": "Short femur"
    },
    "evidence": [{
      "evidenceCode": {
        "id": "ECO:0000033",
        "label": "author statement supported by traceable reference"
      },
      "reference": {
        "id": "PMID:27057656",
        "description": "Novel ADAMTSL2-mutations in a patient with geleophysic dysplasia type I"
      }
    }]
  }, {
    "type": {
      "id": "HP:0001156",
      "label": "Brachydactyly"
    },
    "evidence": [{
      "evidenceCode": {
        "id": "ECO:0000033",
        "label": "author statement supported by traceable reference"
      },
      "reference": {
        "id": "PMID:27057656",
        "description": "Novel ADAMTSL2-mutations in a patient with geleophysic dysplasia type I"
      }
    }]
  }, {
    "type": {
      "id": "HP:0004322",
      "label": "Short stature"
    },
    "evidence": [{
      "evidenceCode": {
        "id": "ECO:0000033",
        "label": "author statement supported by traceable reference"
      },
      "reference": {
        "id": "PMID:27057656",
        "description": "Novel ADAMTSL2-mutations in a patient with geleophysic dysplasia type I"
      }
    }]
  }, {
    "type": {
      "id": "HP:0010049",
      "label": "Short metacarpal"
    },
    "evidence": [{
      "evidenceCode": {
        "id": "ECO:0000033",
        "label": "author statement supported by traceable reference"
      },
      "reference": {
        "id": "PMID:27057656",
        "description": "Novel ADAMTSL2-mutations in a patient with geleophysic dysplasia type I"
      }
    }]
  }, {
    "type": {
      "id": "HP:0003022",
      "label": "Hypoplasia of the ulna"
    },
    "evidence": [{
      "evidenceCode": {
        "id": "ECO:0000033",
        "label": "author statement supported by traceable reference"
      },
      "reference": {
        "id": "PMID:27057656",
        "description": "Novel ADAMTSL2-mutations in a patient with geleophysic dysplasia type I"
      }
    }]
  }, {
    "type": {
      "id": "HP:0001488",
      "label": "Bilateral ptosis"
    },
    "evidence": [{
      "evidenceCode": {
        "id": "ECO:0000033",
        "label": "author statement supported by traceable reference"
      },
      "reference": {
        "id": "PMID:27057656",
        "description": "Novel ADAMTSL2-mutations in a patient with geleophysic dysplasia type I"
      }
    }]
  }, {
    "type": {
      "id": "HP:0003066",
      "label": "Limited knee extension"
    },
    "evidence": [{
      "evidenceCode": {
        "id": "ECO:0000033",
        "label": "author statement supported by traceable reference"
      },
      "reference": {
        "id": "PMID:27057656",
        "description": "Novel ADAMTSL2-mutations in a patient with geleophysic dysplasia type I"
      }
    }]
  }, {
    "type": {
      "id": "HP:0000240",
      "label": "Abnormality of skull size"
    },
    "negated": true,
    "evidence": [{
      "evidenceCode": {
        "id": "ECO:0000033",
        "label": "author statement supported by traceable reference"
      },
      "reference": {
        "id": "PMID:27057656",
        "description": "Novel ADAMTSL2-mutations in a patient with geleophysic dysplasia type I"
      }
    }]
  }, {
    "type": {
      "id": "HP:0009803",
      "label": "Short phalanx of finger"
    },
    "evidence": [{
      "evidenceCode": {
        "id": "ECO:0000033",
        "label": "author statement supported by traceable reference"
      },
      "reference": {
        "id": "PMID:27057656",
        "description": "Novel ADAMTSL2-mutations in a patient with geleophysic dysplasia type I"
      }
    }]
  }, {
    "type": {
      "id": "HP:0001561",
      "label": "Polyhydramnios"
    },
    "evidence": [{
      "evidenceCode": {
        "id": "ECO:0000033",
        "label": "author statement supported by traceable reference"
      },
      "reference": {
        "id": "PMID:27057656",
        "description": "Novel ADAMTSL2-mutations in a patient with geleophysic dysplasia type I"
      }
    }]
  }, {
    "type": {
      "id": "HP:0002205",
      "label": "Recurrent respiratory infections"
    },
    "evidence": [{
      "evidenceCode": {
        "id": "ECO:0000033",
        "label": "author statement supported by traceable reference"
      },
      "reference": {
        "id": "PMID:27057656",
        "description": "Novel ADAMTSL2-mutations in a patient with geleophysic dysplasia type I"
      }
    }]
  }, {
    "type": {
      "id": "HP:0001377",
      "label": "Limited elbow extension"
    },
    "evidence": [{
      "evidenceCode": {
        "id": "ECO:0000033",
        "label": "author statement supported by traceable reference"
      },
      "reference": {
        "id": "PMID:27057656",
        "description": "Novel ADAMTSL2-mutations in a patient with geleophysic dysplasia type I"
      }
    }]
  }, {
    "type": {
      "id": "HP:0000343",
      "label": "Long philtrum"
    },
    "evidence": [{
      "evidenceCode": {
        "id": "ECO:0000033",
        "label": "author statement supported by traceable reference"
      },
      "reference": {
        "id": "PMID:27057656",
        "description": "Novel ADAMTSL2-mutations in a patient with geleophysic dysplasia type I"
      }
    }]
  }],
  "genes": [{
    "id": "NCBIGene:9719",
    "symbol": "ADAMTSL2"
  }],
  "variants": [{
    "vcfAllele": {
      "genomeAssembly": "GRCh37",
      "chr": "9",
      "pos": 136435570,
      "ref": "G",
      "alt": "T"
    },
    "zygosity": {
      "id": "GENO:0000135",
      "label": "heterozygous"
    }
  }, {
    "vcfAllele": {
      "genomeAssembly": "GRCh37",
      "chr": "9",
      "pos": 136412195,
      "ref": "G",
      "alt": "A"
    },
    "zygosity": {
      "id": "GENO:0000135",
      "label": "heterozygous"
    }
  }],
  "diseases": [{
    "term": {
      "id": "OMIM:231050",
      "label": "GELEOPHYSIC DYSPLASIA 1; GPHYSD1"
    }
  }],
  "metaData": {
    "createdBy": "Hpo Case Annotator : 1.0.13-SNAPSHOT",
    "submittedBy": "HPO:probinson",
    "resources": [{
      "id": "hp",
      "name": "human phenotype ontology",
      "url": "http://purl.obolibrary.org/obo/hp.owl",
      "version": "2018-03-08",
      "namespacePrefix": "HP",
      "iriPrefix": "http://purl.obolibrary.org/obo/HP_"
    }, {
      "id": "pato",
      "name": "Phenotype And Trait Ontology",
      "url": "http://purl.obolibrary.org/obo/pato.owl",
      "version": "2018-03-28",
      "namespacePrefix": "PATO",
      "iriPrefix": "http://purl.obolibrary.org/obo/PATO_"
    }, {
      "id": "geno",
      "name": "Genotype Ontology",
      "url": "http://purl.obolibrary.org/obo/geno.owl",
      "version": "19-03-2018",
      "namespacePrefix": "GENO",
      "iriPrefix": "http://purl.obolibrary.org/obo/GENO_"
    }, {
      "id": "ncbitaxon",
      "name": "NCBI organismal classification",
      "url": "http://purl.obolibrary.org/obo/ncbitaxon.owl",
      "version": "2018-03-02",
      "namespacePrefix": "NCBITaxon"
    }, {
      "id": "eco",
      "name": "Evidence and Conclusion Ontology",
      "url": "http://purl.obolibrary.org/obo/eco.owl",
      "version": "2018-11-10",
      "namespacePrefix": "ECO",
      "iriPrefix": "http://purl.obolibrary.org/obo/ECO_"
    }, {
      "id": "omim",
      "name": "Online Mendelian Inheritance in Man",
      "url": "https://www.omim.org",
      "namespacePrefix": "OMIM"
    }],
    "phenopacketSchemaVersion": "1.0.0-RC3",
    "externalReferences": [{
      "id": "PMID:27057656",
      "description": "Novel ADAMTSL2-mutations in a patient with geleophysic dysplasia type I"
    }]
  }
}