{
  "id": "PMID:22857792-Magerus-Chatinet-2013-FASLG-patient",
  "subject": {
    "id": "patient",
    "ageAtCollection": {
      "age": "P11M"
    },
    "sex": "MALE",
    "taxonomy": {
      "id": "NCBITaxon:9606",
      "label": "Homo sapiens"
    }
  },
  "phenotypicFeatures": [{
    "type": {
      "id": "HP:0012311",
      "label": "Monocytosis"
    },
    "evidence": [{
      "evidenceCode": {
        "id": "ECO:0000033",
        "label": "author statement supported by traceable reference"
      },
      "reference": {
        "id": "PMID:22857792",
        "description": "Autoimmune lymphoproliferative syndrome caused by a homozygous null FAS ligand (FASLG) mutation"
      }
    }]
  }, {
    "type": {
      "id": "HP:0003496",
      "label": "Increased circulating IgM level"
    },
    "evidence": [{
      "evidenceCode": {
        "id": "ECO:0000033",
        "label": "author statement supported by traceable reference"
      },
      "reference": {
        "id": "PMID:22857792",
        "description": "Autoimmune lymphoproliferative syndrome caused by a homozygous null FAS ligand (FASLG) mutation"
      }
    }]
  }, {
    "type": {
      "id": "HP:0001433",
      "label": "Hepatosplenomegaly"
    },
    "evidence": [{
      "evidenceCode": {
        "id": "ECO:0000033",
        "label": "author statement supported by traceable reference"
      },
      "reference": {
        "id": "PMID:22857792",
        "description": "Autoimmune lymphoproliferative syndrome caused by a homozygous null FAS ligand (FASLG) mutation"
      }
    }]
  }, {
    "type": {
      "id": "HP:0002851",
      "label": "Elevated proportion of CD4-negative, CD8-negative, alpha-beta regulatory T cells"
    },
    "evidence": [{
      "evidenceCode": {
        "id": "ECO:0000033",
        "label": "author statement supported by traceable reference"
      },
      "reference": {
        "id": "PMID:22857792",
        "description": "Autoimmune lymphoproliferative syndrome caused by a homozygous null FAS ligand (FASLG) mutation"
      }
    }]
  }, {
    "type": {
      "id": "HP:0003270",
      "label": "Abdominal distention"
    },
    "evidence": [{
      "evidenceCode": {
        "id": "ECO:0000033",
        "label": "author statement supported by traceable reference"
      },
      "reference": {
        "id": "PMID:22857792",
        "description": "Autoimmune lymphoproliferative syndrome caused by a homozygous null FAS ligand (FASLG) mutation"
      }
    }]
  }, {
    "type": {
      "id": "HP:0001945",
      "label": "Fever"
    },
    "evidence": [{
      "evidenceCode": {
        "id": "ECO:0000033",
        "label": "author statement supported by traceable reference"
      },
      "reference": {
        "id": "PMID:22857792",
        "description": "Autoimmune lymphoproliferative syndrome caused by a homozygous null FAS ligand (FASLG) mutation"
      }
    }]
  }, {
    "type": {
      "id": "HP:0001903",
      "label": "Anemia"
    },
    "evidence": [{
      "evidenceCode": {
        "id": "ECO:0000033",
        "label": "author statement supported by traceable reference"
      },
      "reference": {
        "id": "PMID:22857792",
        "description": "Autoimmune lymphoproliferative syndrome caused by a homozygous null FAS ligand (FASLG) mutation"
      }
    }]
  }, {
    "type": {
      "id": "HP:0011897",
      "label": "Neutrophilia"
    },
    "evidence": [{
      "evidenceCode": {
        "id": "ECO:0000033",
        "label": "author statement supported by traceable reference"
      },
      "reference": {
        "id": "PMID:22857792",
        "description": "Autoimmune lymphoproliferative syndrome caused by a homozygous null FAS ligand (FASLG) mutation"
      }
    }]
  }, {
    "type": {
      "id": "HP:0003237",
      "label": "Increased circulating IgG level"
    },
    "evidence": [{
      "evidenceCode": {
        "id": "ECO:0000033",
        "label": "author statement supported by traceable reference"
      },
      "reference": {
        "id": "PMID:22857792",
        "description": "Autoimmune lymphoproliferative syndrome caused by a homozygous null FAS ligand (FASLG) mutation"
      }
    }]
  }, {
    "type": {
      "id": "HP:0100827",
      "label": "Lymphocytosis"
    },
    "evidence": [{
      "evidenceCode": {
        "id": "ECO:0000033",
        "label": "author statement supported by traceable reference"
      },
      "reference": {
        "id": "PMID:22857792",
        "description": "Autoimmune lymphoproliferative syndrome caused by a homozygous null FAS ligand (FASLG) mutation"
      }
    }]
  }, {
    "type": {
      "id": "HP:0003261",
      "label": "Increased circulating IgA level"
    },
    "evidence": [{
      "evidenceCode": {
        "id": "ECO:0000033",
        "label": "author statement supported by traceable reference"
      },
      "reference": {
        "id": "PMID:22857792",
        "description": "Autoimmune lymphoproliferative syndrome caused by a homozygous null FAS ligand (FASLG) mutation"
      }
    }]
  }, {
    "type": {
      "id": "HP:0002113",
      "label": "Pulmonary infiltrates"
    },
    "evidence": [{
      "evidenceCode": {
        "id": "ECO:0000033",
        "label": "author statement supported by traceable reference"
      },
      "reference": {
        "id": "PMID:22857792",
        "description": "Autoimmune lymphoproliferative syndrome caused by a homozygous null FAS ligand (FASLG) mutation"
      }
    }]
  }, {
    "type": {
      "id": "HP:0002788",
      "label": "Recurrent upper respiratory tract infections"
    },
    "evidence": [{
      "evidenceCode": {
        "id": "ECO:0000033",
        "label": "author statement supported by traceable reference"
      },
      "reference": {
        "id": "PMID:22857792",
        "description": "Autoimmune lymphoproliferative syndrome caused by a homozygous null FAS ligand (FASLG) mutation"
      }
    }]
  }, {
    "type": {
      "id": "HP:0002716",
      "label": "Lymphadenopathy"
    },
    "evidence": [{
      "evidenceCode": {
        "id": "ECO:0000033",
        "label": "author statement supported by traceable reference"
      },
      "reference": {
        "id": "PMID:22857792",
        "description": "Autoimmune lymphoproliferative syndrome caused by a homozygous null FAS ligand (FASLG) mutation"
      }
    }]
  }],
  "genes": [{
    "id": "NCBIGene:356",
    "symbol": "FASLG"
  }],
  "variants": [{
    "vcfAllele": {
      "genomeAssembly": "GRCh37",
      "chr": "1",
      "pos": 172628599,
      "ref": "GT",
      "alt": "G"
    },
    "zygosity": {
      "id": "GENO:0000136",
      "label": "homozygous"
    }
  }],
  "diseases": [{
    "term": {
      "id": "OMIM:601859",
      "label": "AUTOIMMUNE LYMPHOPROLIFERATIVE SYNDROME; ALPS"
    }
  }],
  "metaData": {
    "createdBy": "Hpo Case Annotator : 1.0.13-SNAPSHOT",
    "submittedBy": "HPO:probinson",
    "resources": [{
      "id": "hp",
      "name": "human phenotype ontology",
      "url": "http://purl.obolibrary.org/obo/hp.owl",
      "version": "2018-03-08",
      "namespacePrefix": "HP",
      "iriPrefix": "http://purl.obolibrary.org/obo/HP_"
    }, {
      "id": "pato",
      "name": "Phenotype And Trait Ontology",
      "url": "http://purl.obolibrary.org/obo/pato.owl",
      "version": "2018-03-28",
      "namespacePrefix": "PATO",
      "iriPrefix": "http://purl.obolibrary.org/obo/PATO_"
    }, {
      "id": "geno",
      "name": "Genotype Ontology",
      "url": "http://purl.obolibrary.org/obo/geno.owl",
      "version": "19-03-2018",
      "namespacePrefix": "GENO",
      "iriPrefix": "http://purl.obolibrary.org/obo/GENO_"
    }, {
      "id": "ncbitaxon",
      "name": "NCBI organismal classification",
      "url": "http://purl.obolibrary.org/obo/ncbitaxon.owl",
      "version": "2018-03-02",
      "namespacePrefix": "NCBITaxon"
    }, {
      "id": "eco",
      "name": "Evidence and Conclusion Ontology",
      "url": "http://purl.obolibrary.org/obo/eco.owl",
      "version": "2018-11-10",
      "namespacePrefix": "ECO",
      "iriPrefix": "http://purl.obolibrary.org/obo/ECO_"
    }, {
      "id": "omim",
      "name": "Online Mendelian Inheritance in Man",
      "url": "https://www.omim.org",
      "namespacePrefix": "OMIM"
    }],
    "phenopacketSchemaVersion": "1.0.0-RC3",
    "externalReferences": [{
      "id": "PMID:22857792",
      "description": "Autoimmune lymphoproliferative syndrome caused by a homozygous null FAS ligand (FASLG) mutation"
    }]
  }
}