{
  "id": "PMID:29801479-Maghami-2018-FKBP10-proband",
  "subject": {
    "id": "proband",
    "ageAtCollection": {
      "age": "P8Y"
    },
    "sex": "MALE",
    "taxonomy": {
      "id": "NCBITaxon:9606",
      "label": "Homo sapiens"
    }
  },
  "phenotypicFeatures": [{
    "type": {
      "id": "HP:0003155",
      "label": "Elevated alkaline phosphatase"
    },
    "negated": true,
    "evidence": [{
      "evidenceCode": {
        "id": "ECO:0000033",
        "label": "author statement supported by traceable reference"
      },
      "reference": {
        "id": "PMID:29801479",
        "description": "Splicing defect in FKBP10 gene causes autosomal recessive osteogenesis imperfecta disease: a case report"
      }
    }]
  }, {
    "type": {
      "id": "HP:0001433",
      "label": "Hepatosplenomegaly"
    },
    "negated": true,
    "evidence": [{
      "evidenceCode": {
        "id": "ECO:0000033",
        "label": "author statement supported by traceable reference"
      },
      "reference": {
        "id": "PMID:29801479",
        "description": "Splicing defect in FKBP10 gene causes autosomal recessive osteogenesis imperfecta disease: a case report"
      }
    }]
  }, {
    "type": {
      "id": "HP:0001371",
      "label": "Flexion contracture"
    },
    "negated": true,
    "evidence": [{
      "evidenceCode": {
        "id": "ECO:0000033",
        "label": "author statement supported by traceable reference"
      },
      "reference": {
        "id": "PMID:29801479",
        "description": "Splicing defect in FKBP10 gene causes autosomal recessive osteogenesis imperfecta disease: a case report"
      }
    }]
  }, {
    "type": {
      "id": "HP:0003116",
      "label": "Abnormal echocardiogram"
    },
    "negated": true,
    "evidence": [{
      "evidenceCode": {
        "id": "ECO:0000033",
        "label": "author statement supported by traceable reference"
      },
      "reference": {
        "id": "PMID:29801479",
        "description": "Splicing defect in FKBP10 gene causes autosomal recessive osteogenesis imperfecta disease: a case report"
      }
    }]
  }, {
    "type": {
      "id": "HP:0004349",
      "label": "Reduced bone mineral density"
    },
    "evidence": [{
      "evidenceCode": {
        "id": "ECO:0000033",
        "label": "author statement supported by traceable reference"
      },
      "reference": {
        "id": "PMID:29801479",
        "description": "Splicing defect in FKBP10 gene causes autosomal recessive osteogenesis imperfecta disease: a case report"
      }
    }]
  }, {
    "type": {
      "id": "HP:0000592",
      "label": "Blue sclerae"
    },
    "negated": true,
    "evidence": [{
      "evidenceCode": {
        "id": "ECO:0000033",
        "label": "author statement supported by traceable reference"
      },
      "reference": {
        "id": "PMID:29801479",
        "description": "Splicing defect in FKBP10 gene causes autosomal recessive osteogenesis imperfecta disease: a case report"
      }
    }]
  }, {
    "type": {
      "id": "HP:0004322",
      "label": "Short stature"
    },
    "evidence": [{
      "evidenceCode": {
        "id": "ECO:0000033",
        "label": "author statement supported by traceable reference"
      },
      "reference": {
        "id": "PMID:29801479",
        "description": "Splicing defect in FKBP10 gene causes autosomal recessive osteogenesis imperfecta disease: a case report"
      }
    }]
  }, {
    "type": {
      "id": "HP:0002757",
      "label": "Recurrent fractures"
    },
    "evidence": [{
      "evidenceCode": {
        "id": "ECO:0000033",
        "label": "author statement supported by traceable reference"
      },
      "reference": {
        "id": "PMID:29801479",
        "description": "Splicing defect in FKBP10 gene causes autosomal recessive osteogenesis imperfecta disease: a case report"
      }
    }]
  }, {
    "type": {
      "id": "HP:0000365",
      "label": "Hearing impairment"
    },
    "negated": true,
    "evidence": [{
      "evidenceCode": {
        "id": "ECO:0000033",
        "label": "author statement supported by traceable reference"
      },
      "reference": {
        "id": "PMID:29801479",
        "description": "Splicing defect in FKBP10 gene causes autosomal recessive osteogenesis imperfecta disease: a case report"
      }
    }]
  }],
  "genes": [{
    "id": "NCBIGene:60681",
    "symbol": "FKBP10"
  }],
  "variants": [{
    "vcfAllele": {
      "genomeAssembly": "GRCh37",
      "chr": "17",
      "pos": 39977197,
      "ref": "A",
      "alt": "G"
    },
    "zygosity": {
      "id": "GENO:0000136",
      "label": "homozygous"
    }
  }],
  "diseases": [{
    "term": {
      "id": "OMIM:610968",
      "label": "OSTEOGENESIS IMPERFECTA, TYPE XI; OI11"
    }
  }],
  "metaData": {
    "createdBy": "Hpo Case Annotator : 1.0.13-SNAPSHOT",
    "submittedBy": "HPO:probinson",
    "resources": [{
      "id": "hp",
      "name": "human phenotype ontology",
      "url": "http://purl.obolibrary.org/obo/hp.owl",
      "version": "2018-03-08",
      "namespacePrefix": "HP",
      "iriPrefix": "http://purl.obolibrary.org/obo/HP_"
    }, {
      "id": "pato",
      "name": "Phenotype And Trait Ontology",
      "url": "http://purl.obolibrary.org/obo/pato.owl",
      "version": "2018-03-28",
      "namespacePrefix": "PATO",
      "iriPrefix": "http://purl.obolibrary.org/obo/PATO_"
    }, {
      "id": "geno",
      "name": "Genotype Ontology",
      "url": "http://purl.obolibrary.org/obo/geno.owl",
      "version": "19-03-2018",
      "namespacePrefix": "GENO",
      "iriPrefix": "http://purl.obolibrary.org/obo/GENO_"
    }, {
      "id": "ncbitaxon",
      "name": "NCBI organismal classification",
      "url": "http://purl.obolibrary.org/obo/ncbitaxon.owl",
      "version": "2018-03-02",
      "namespacePrefix": "NCBITaxon"
    }, {
      "id": "eco",
      "name": "Evidence and Conclusion Ontology",
      "url": "http://purl.obolibrary.org/obo/eco.owl",
      "version": "2018-11-10",
      "namespacePrefix": "ECO",
      "iriPrefix": "http://purl.obolibrary.org/obo/ECO_"
    }, {
      "id": "omim",
      "name": "Online Mendelian Inheritance in Man",
      "url": "https://www.omim.org",
      "namespacePrefix": "OMIM"
    }],
    "phenopacketSchemaVersion": "1.0.0-RC3",
    "externalReferences": [{
      "id": "PMID:29801479",
      "description": "Splicing defect in FKBP10 gene causes autosomal recessive osteogenesis imperfecta disease: a case report"
    }]
  }
}