{
  "id": "PMID:25447906-Mei-2015-NIPBL-Patient_2",
  "subject": {
    "id": "Patient 2",
    "ageAtCollection": {
      "age": "P6Y"
    },
    "sex": "FEMALE",
    "taxonomy": {
      "id": "NCBITaxon:9606",
      "label": "Homo sapiens"
    }
  },
  "phenotypicFeatures": [{
    "type": {
      "id": "HP:0000750",
      "label": "Delayed speech and language development"
    },
    "evidence": [{
      "evidenceCode": {
        "id": "ECO:0000033",
        "label": "author statement supported by traceable reference"
      },
      "reference": {
        "id": "PMID:25447906",
        "description": "Two novel NIPBL gene mutations in Chinese patients with Cornelia de Lange syndrome"
      }
    }]
  }, {
    "type": {
      "id": "HP:0000219",
      "label": "Thin upper lip vermilion"
    },
    "evidence": [{
      "evidenceCode": {
        "id": "ECO:0000033",
        "label": "author statement supported by traceable reference"
      },
      "reference": {
        "id": "PMID:25447906",
        "description": "Two novel NIPBL gene mutations in Chinese patients with Cornelia de Lange syndrome"
      }
    }]
  }, {
    "type": {
      "id": "HP:0000252",
      "label": "Microcephaly"
    },
    "evidence": [{
      "evidenceCode": {
        "id": "ECO:0000033",
        "label": "author statement supported by traceable reference"
      },
      "reference": {
        "id": "PMID:25447906",
        "description": "Two novel NIPBL gene mutations in Chinese patients with Cornelia de Lange syndrome"
      }
    }]
  }, {
    "type": {
      "id": "HP:0005280",
      "label": "Depressed nasal bridge"
    },
    "evidence": [{
      "evidenceCode": {
        "id": "ECO:0000033",
        "label": "author statement supported by traceable reference"
      },
      "reference": {
        "id": "PMID:25447906",
        "description": "Two novel NIPBL gene mutations in Chinese patients with Cornelia de Lange syndrome"
      }
    }]
  }, {
    "type": {
      "id": "HP:0008897",
      "label": "Postnatal growth retardation"
    },
    "evidence": [{
      "evidenceCode": {
        "id": "ECO:0000033",
        "label": "author statement supported by traceable reference"
      },
      "reference": {
        "id": "PMID:25447906",
        "description": "Two novel NIPBL gene mutations in Chinese patients with Cornelia de Lange syndrome"
      }
    }]
  }, {
    "type": {
      "id": "HP:0000343",
      "label": "Long philtrum"
    },
    "evidence": [{
      "evidenceCode": {
        "id": "ECO:0000033",
        "label": "author statement supported by traceable reference"
      },
      "reference": {
        "id": "PMID:25447906",
        "description": "Two novel NIPBL gene mutations in Chinese patients with Cornelia de Lange syndrome"
      }
    }]
  }, {
    "type": {
      "id": "HP:0000294",
      "label": "Low anterior hairline"
    },
    "evidence": [{
      "evidenceCode": {
        "id": "ECO:0000033",
        "label": "author statement supported by traceable reference"
      },
      "reference": {
        "id": "PMID:25447906",
        "description": "Two novel NIPBL gene mutations in Chinese patients with Cornelia de Lange syndrome"
      }
    }]
  }, {
    "type": {
      "id": "HP:0002342",
      "label": "Intellectual disability, moderate"
    },
    "evidence": [{
      "evidenceCode": {
        "id": "ECO:0000033",
        "label": "author statement supported by traceable reference"
      },
      "reference": {
        "id": "PMID:25447906",
        "description": "Two novel NIPBL gene mutations in Chinese patients with Cornelia de Lange syndrome"
      }
    }]
  }, {
    "type": {
      "id": "HP:0000664",
      "label": "Synophrys"
    },
    "evidence": [{
      "evidenceCode": {
        "id": "ECO:0000033",
        "label": "author statement supported by traceable reference"
      },
      "reference": {
        "id": "PMID:25447906",
        "description": "Two novel NIPBL gene mutations in Chinese patients with Cornelia de Lange syndrome"
      }
    }]
  }, {
    "type": {
      "id": "HP:0007665",
      "label": "Curly eyelashes"
    },
    "evidence": [{
      "evidenceCode": {
        "id": "ECO:0000033",
        "label": "author statement supported by traceable reference"
      },
      "reference": {
        "id": "PMID:25447906",
        "description": "Two novel NIPBL gene mutations in Chinese patients with Cornelia de Lange syndrome"
      }
    }]
  }],
  "genes": [{
    "id": "NCBIGene:25836",
    "symbol": "NIPBL"
  }],
  "variants": [{
    "vcfAllele": {
      "genomeAssembly": "GRCh37",
      "chr": "5",
      "pos": 37044760,
      "ref": "G",
      "alt": "T"
    },
    "zygosity": {
      "id": "GENO:0000135",
      "label": "heterozygous"
    }
  }],
  "diseases": [{
    "term": {
      "id": "OMIM:122470",
      "label": "CORNELIA DE LANGE SYNDROME 1; CDLS1"
    }
  }],
  "metaData": {
    "createdBy": "Hpo Case Annotator : 1.0.13-SNAPSHOT",
    "submittedBy": "HPO:probinson",
    "resources": [{
      "id": "hp",
      "name": "human phenotype ontology",
      "url": "http://purl.obolibrary.org/obo/hp.owl",
      "version": "2018-03-08",
      "namespacePrefix": "HP",
      "iriPrefix": "http://purl.obolibrary.org/obo/HP_"
    }, {
      "id": "pato",
      "name": "Phenotype And Trait Ontology",
      "url": "http://purl.obolibrary.org/obo/pato.owl",
      "version": "2018-03-28",
      "namespacePrefix": "PATO",
      "iriPrefix": "http://purl.obolibrary.org/obo/PATO_"
    }, {
      "id": "geno",
      "name": "Genotype Ontology",
      "url": "http://purl.obolibrary.org/obo/geno.owl",
      "version": "19-03-2018",
      "namespacePrefix": "GENO",
      "iriPrefix": "http://purl.obolibrary.org/obo/GENO_"
    }, {
      "id": "ncbitaxon",
      "name": "NCBI organismal classification",
      "url": "http://purl.obolibrary.org/obo/ncbitaxon.owl",
      "version": "2018-03-02",
      "namespacePrefix": "NCBITaxon"
    }, {
      "id": "eco",
      "name": "Evidence and Conclusion Ontology",
      "url": "http://purl.obolibrary.org/obo/eco.owl",
      "version": "2018-11-10",
      "namespacePrefix": "ECO",
      "iriPrefix": "http://purl.obolibrary.org/obo/ECO_"
    }, {
      "id": "omim",
      "name": "Online Mendelian Inheritance in Man",
      "url": "https://www.omim.org",
      "namespacePrefix": "OMIM"
    }],
    "phenopacketSchemaVersion": "1.0.0-RC3",
    "externalReferences": [{
      "id": "PMID:25447906",
      "description": "Two novel NIPBL gene mutations in Chinese patients with Cornelia de Lange syndrome"
    }]
  }
}