{
  "id": "PMID:30243293-Miao-2018-CLCN1-man",
  "subject": {
    "id": "man",
    "ageAtCollection": {
      "age": "P21Y"
    },
    "sex": "MALE",
    "taxonomy": {
      "id": "NCBITaxon:9606",
      "label": "Homo sapiens"
    }
  },
  "phenotypicFeatures": [{
    "type": {
      "id": "HP:0003688",
      "label": "Cytochrome C oxidase-negative muscle fibers"
    },
    "negated": true,
    "evidence": [{
      "evidenceCode": {
        "id": "ECO:0000033",
        "label": "author statement supported by traceable reference"
      },
      "reference": {
        "id": "PMID:30243293",
        "description": "A case report: autosomal recessive Myotonia congenita caused by a novel splice mutation (c"
      }
    }]
  }, {
    "type": {
      "id": "HP:0003720",
      "label": "Generalized muscle hypertrophy"
    },
    "evidence": [{
      "evidenceCode": {
        "id": "ECO:0000033",
        "label": "author statement supported by traceable reference"
      },
      "reference": {
        "id": "PMID:30243293",
        "description": "A case report: autosomal recessive Myotonia congenita caused by a novel splice mutation (c"
      }
    }]
  }, {
    "type": {
      "id": "HP:0002486",
      "label": "Myotonia"
    },
    "evidence": [{
      "evidenceCode": {
        "id": "ECO:0000033",
        "label": "author statement supported by traceable reference"
      },
      "reference": {
        "id": "PMID:30243293",
        "description": "A case report: autosomal recessive Myotonia congenita caused by a novel splice mutation (c"
      }
    }]
  }, {
    "type": {
      "id": "HP:0001324",
      "label": "Muscle weakness"
    },
    "negated": true,
    "evidence": [{
      "evidenceCode": {
        "id": "ECO:0000033",
        "label": "author statement supported by traceable reference"
      },
      "reference": {
        "id": "PMID:30243293",
        "description": "A case report: autosomal recessive Myotonia congenita caused by a novel splice mutation (c"
      }
    }]
  }, {
    "type": {
      "id": "HP:0003236",
      "label": "Elevated serum creatine kinase"
    },
    "evidence": [{
      "evidenceCode": {
        "id": "ECO:0000033",
        "label": "author statement supported by traceable reference"
      },
      "reference": {
        "id": "PMID:30243293",
        "description": "A case report: autosomal recessive Myotonia congenita caused by a novel splice mutation (c"
      }
    }]
  }, {
    "type": {
      "id": "HP:0001265",
      "label": "Hyporeflexia"
    },
    "evidence": [{
      "evidenceCode": {
        "id": "ECO:0000033",
        "label": "author statement supported by traceable reference"
      },
      "reference": {
        "id": "PMID:30243293",
        "description": "A case report: autosomal recessive Myotonia congenita caused by a novel splice mutation (c"
      }
    }]
  }, {
    "type": {
      "id": "HP:0003552",
      "label": "Muscle stiffness"
    },
    "evidence": [{
      "evidenceCode": {
        "id": "ECO:0000033",
        "label": "author statement supported by traceable reference"
      },
      "reference": {
        "id": "PMID:30243293",
        "description": "A case report: autosomal recessive Myotonia congenita caused by a novel splice mutation (c"
      }
    }]
  }],
  "genes": [{
    "id": "NCBIGene:1180",
    "symbol": "CLCN1"
  }],
  "variants": [{
    "vcfAllele": {
      "genomeAssembly": "GRCh37",
      "chr": "7",
      "pos": 143029967,
      "ref": "G",
      "alt": "A"
    },
    "zygosity": {
      "id": "GENO:0000136",
      "label": "homozygous"
    }
  }],
  "diseases": [{
    "term": {
      "id": "OMIM:160800",
      "label": "MYOTONIA CONGENITA, AUTOSOMAL DOMINANT"
    }
  }],
  "metaData": {
    "createdBy": "Hpo Case Annotator : 1.0.13",
    "submittedBy": "HP:probinson",
    "resources": [{
      "id": "hp",
      "name": "human phenotype ontology",
      "url": "http://purl.obolibrary.org/obo/hp.owl",
      "version": "2018-03-08",
      "namespacePrefix": "HP",
      "iriPrefix": "http://purl.obolibrary.org/obo/HP_"
    }, {
      "id": "pato",
      "name": "Phenotype And Trait Ontology",
      "url": "http://purl.obolibrary.org/obo/pato.owl",
      "version": "2018-03-28",
      "namespacePrefix": "PATO",
      "iriPrefix": "http://purl.obolibrary.org/obo/PATO_"
    }, {
      "id": "geno",
      "name": "Genotype Ontology",
      "url": "http://purl.obolibrary.org/obo/geno.owl",
      "version": "19-03-2018",
      "namespacePrefix": "GENO",
      "iriPrefix": "http://purl.obolibrary.org/obo/GENO_"
    }, {
      "id": "ncbitaxon",
      "name": "NCBI organismal classification",
      "url": "http://purl.obolibrary.org/obo/ncbitaxon.owl",
      "version": "2018-03-02",
      "namespacePrefix": "NCBITaxon"
    }, {
      "id": "eco",
      "name": "Evidence and Conclusion Ontology",
      "url": "http://purl.obolibrary.org/obo/eco.owl",
      "version": "2018-11-10",
      "namespacePrefix": "ECO",
      "iriPrefix": "http://purl.obolibrary.org/obo/ECO_"
    }, {
      "id": "omim",
      "name": "Online Mendelian Inheritance in Man",
      "url": "https://www.omim.org",
      "namespacePrefix": "OMIM"
    }],
    "phenopacketSchemaVersion": "1.0.0-RC3",
    "externalReferences": [{
      "id": "PMID:30243293",
      "description": "A case report: autosomal recessive Myotonia congenita caused by a novel splice mutation (c"
    }]
  }
}