{
  "id": "PMID:30359777-Michalska-2018-GTF2H5-male_infant",
  "subject": {
    "id": "male infant",
    "ageAtCollection": {
      "age": "P6M"
    },
    "sex": "MALE",
    "taxonomy": {
      "id": "NCBITaxon:9606",
      "label": "Homo sapiens"
    }
  },
  "phenotypicFeatures": [{
    "type": {
      "id": "HP:0001788",
      "label": "Premature rupture of membranes"
    },
    "evidence": [{
      "evidenceCode": {
        "id": "ECO:0000033",
        "label": "author statement supported by traceable reference"
      },
      "reference": {
        "id": "PMID:30359777",
        "description": "A case of severe trichothiodystrophy 3 in a neonate due to mutation in the GTF2H5 gene: Clinical report"
      }
    }]
  }, {
    "type": {
      "id": "HP:0000656",
      "label": "Ectropion"
    },
    "evidence": [{
      "evidenceCode": {
        "id": "ECO:0000033",
        "label": "author statement supported by traceable reference"
      },
      "reference": {
        "id": "PMID:30359777",
        "description": "A case of severe trichothiodystrophy 3 in a neonate due to mutation in the GTF2H5 gene: Clinical report"
      }
    }]
  }, {
    "type": {
      "id": "HP:0001763",
      "label": "Pes planus"
    },
    "evidence": [{
      "evidenceCode": {
        "id": "ECO:0000033",
        "label": "author statement supported by traceable reference"
      },
      "reference": {
        "id": "PMID:30359777",
        "description": "A case of severe trichothiodystrophy 3 in a neonate due to mutation in the GTF2H5 gene: Clinical report"
      }
    }]
  }, {
    "type": {
      "id": "HP:0000695",
      "label": "Natal tooth"
    },
    "evidence": [{
      "evidenceCode": {
        "id": "ECO:0000033",
        "label": "author statement supported by traceable reference"
      },
      "reference": {
        "id": "PMID:30359777",
        "description": "A case of severe trichothiodystrophy 3 in a neonate due to mutation in the GTF2H5 gene: Clinical report"
      }
    }]
  }, {
    "type": {
      "id": "HP:0001511",
      "label": "Intrauterine growth retardation"
    },
    "evidence": [{
      "evidenceCode": {
        "id": "ECO:0000033",
        "label": "author statement supported by traceable reference"
      },
      "reference": {
        "id": "PMID:30359777",
        "description": "A case of severe trichothiodystrophy 3 in a neonate due to mutation in the GTF2H5 gene: Clinical report"
      }
    }]
  }, {
    "type": {
      "id": "HP:0000083",
      "label": "Renal insufficiency"
    },
    "evidence": [{
      "evidenceCode": {
        "id": "ECO:0000033",
        "label": "author statement supported by traceable reference"
      },
      "reference": {
        "id": "PMID:30359777",
        "description": "A case of severe trichothiodystrophy 3 in a neonate due to mutation in the GTF2H5 gene: Clinical report"
      }
    }]
  }, {
    "type": {
      "id": "HP:0000369",
      "label": "Low-set ears"
    },
    "evidence": [{
      "evidenceCode": {
        "id": "ECO:0000033",
        "label": "author statement supported by traceable reference"
      },
      "reference": {
        "id": "PMID:30359777",
        "description": "A case of severe trichothiodystrophy 3 in a neonate due to mutation in the GTF2H5 gene: Clinical report"
      }
    }]
  }, {
    "type": {
      "id": "HP:0002090",
      "label": "Pneumonia"
    },
    "evidence": [{
      "evidenceCode": {
        "id": "ECO:0000033",
        "label": "author statement supported by traceable reference"
      },
      "reference": {
        "id": "PMID:30359777",
        "description": "A case of severe trichothiodystrophy 3 in a neonate due to mutation in the GTF2H5 gene: Clinical report"
      }
    }]
  }, {
    "type": {
      "id": "HP:0000601",
      "label": "Hypotelorism"
    },
    "evidence": [{
      "evidenceCode": {
        "id": "ECO:0000033",
        "label": "author statement supported by traceable reference"
      },
      "reference": {
        "id": "PMID:30359777",
        "description": "A case of severe trichothiodystrophy 3 in a neonate due to mutation in the GTF2H5 gene: Clinical report"
      }
    }]
  }, {
    "type": {
      "id": "HP:0003075",
      "label": "Hypoproteinemia"
    },
    "evidence": [{
      "evidenceCode": {
        "id": "ECO:0000033",
        "label": "author statement supported by traceable reference"
      },
      "reference": {
        "id": "PMID:30359777",
        "description": "A case of severe trichothiodystrophy 3 in a neonate due to mutation in the GTF2H5 gene: Clinical report"
      }
    }]
  }, {
    "type": {
      "id": "HP:0007479",
      "label": "Congenital nonbullous ichthyosiform erythroderma"
    },
    "evidence": [{
      "evidenceCode": {
        "id": "ECO:0000033",
        "label": "author statement supported by traceable reference"
      },
      "reference": {
        "id": "PMID:30359777",
        "description": "A case of severe trichothiodystrophy 3 in a neonate due to mutation in the GTF2H5 gene: Clinical report"
      }
    }]
  }, {
    "type": {
      "id": "HP:0000243",
      "label": "Trigonocephaly"
    },
    "evidence": [{
      "evidenceCode": {
        "id": "ECO:0000033",
        "label": "author statement supported by traceable reference"
      },
      "reference": {
        "id": "PMID:30359777",
        "description": "A case of severe trichothiodystrophy 3 in a neonate due to mutation in the GTF2H5 gene: Clinical report"
      }
    }]
  }, {
    "type": {
      "id": "HP:0012472",
      "label": "Eclabion"
    },
    "evidence": [{
      "evidenceCode": {
        "id": "ECO:0000033",
        "label": "author statement supported by traceable reference"
      },
      "reference": {
        "id": "PMID:30359777",
        "description": "A case of severe trichothiodystrophy 3 in a neonate due to mutation in the GTF2H5 gene: Clinical report"
      }
    }]
  }, {
    "type": {
      "id": "HP:0001888",
      "label": "Lymphopenia"
    },
    "evidence": [{
      "evidenceCode": {
        "id": "ECO:0000033",
        "label": "author statement supported by traceable reference"
      },
      "reference": {
        "id": "PMID:30359777",
        "description": "A case of severe trichothiodystrophy 3 in a neonate due to mutation in the GTF2H5 gene: Clinical report"
      }
    }]
  }, {
    "type": {
      "id": "HP:0001875",
      "label": "Neutropenia"
    },
    "evidence": [{
      "evidenceCode": {
        "id": "ECO:0000033",
        "label": "author statement supported by traceable reference"
      },
      "reference": {
        "id": "PMID:30359777",
        "description": "A case of severe trichothiodystrophy 3 in a neonate due to mutation in the GTF2H5 gene: Clinical report"
      }
    }]
  }, {
    "type": {
      "id": "HP:0002148",
      "label": "Hypophosphatemia"
    },
    "evidence": [{
      "evidenceCode": {
        "id": "ECO:0000033",
        "label": "author statement supported by traceable reference"
      },
      "reference": {
        "id": "PMID:30359777",
        "description": "A case of severe trichothiodystrophy 3 in a neonate due to mutation in the GTF2H5 gene: Clinical report"
      }
    }]
  }, {
    "type": {
      "id": "HP:0001508",
      "label": "Failure to thrive"
    },
    "evidence": [{
      "evidenceCode": {
        "id": "ECO:0000033",
        "label": "author statement supported by traceable reference"
      },
      "reference": {
        "id": "PMID:30359777",
        "description": "A case of severe trichothiodystrophy 3 in a neonate due to mutation in the GTF2H5 gene: Clinical report"
      }
    }]
  }, {
    "type": {
      "id": "HP:0002013",
      "label": "Vomiting"
    },
    "evidence": [{
      "evidenceCode": {
        "id": "ECO:0000033",
        "label": "author statement supported by traceable reference"
      },
      "reference": {
        "id": "PMID:30359777",
        "description": "A case of severe trichothiodystrophy 3 in a neonate due to mutation in the GTF2H5 gene: Clinical report"
      }
    }]
  }, {
    "type": {
      "id": "HP:0001433",
      "label": "Hepatosplenomegaly"
    },
    "evidence": [{
      "evidenceCode": {
        "id": "ECO:0000033",
        "label": "author statement supported by traceable reference"
      },
      "reference": {
        "id": "PMID:30359777",
        "description": "A case of severe trichothiodystrophy 3 in a neonate due to mutation in the GTF2H5 gene: Clinical report"
      }
    }]
  }, {
    "type": {
      "id": "HP:0002021",
      "label": "Pyloric stenosis"
    },
    "evidence": [{
      "evidenceCode": {
        "id": "ECO:0000033",
        "label": "author statement supported by traceable reference"
      },
      "reference": {
        "id": "PMID:30359777",
        "description": "A case of severe trichothiodystrophy 3 in a neonate due to mutation in the GTF2H5 gene: Clinical report"
      }
    }]
  }, {
    "type": {
      "id": "HP:0008064",
      "label": "Ichthyosis"
    },
    "evidence": [{
      "evidenceCode": {
        "id": "ECO:0000033",
        "label": "author statement supported by traceable reference"
      },
      "reference": {
        "id": "PMID:30359777",
        "description": "A case of severe trichothiodystrophy 3 in a neonate due to mutation in the GTF2H5 gene: Clinical report"
      }
    }]
  }, {
    "type": {
      "id": "HP:0001873",
      "label": "Thrombocytopenia"
    },
    "evidence": [{
      "evidenceCode": {
        "id": "ECO:0000033",
        "label": "author statement supported by traceable reference"
      },
      "reference": {
        "id": "PMID:30359777",
        "description": "A case of severe trichothiodystrophy 3 in a neonate due to mutation in the GTF2H5 gene: Clinical report"
      }
    }]
  }, {
    "type": {
      "id": "HP:0003073",
      "label": "Hypoalbuminemia"
    },
    "evidence": [{
      "evidenceCode": {
        "id": "ECO:0000033",
        "label": "author statement supported by traceable reference"
      },
      "reference": {
        "id": "PMID:30359777",
        "description": "A case of severe trichothiodystrophy 3 in a neonate due to mutation in the GTF2H5 gene: Clinical report"
      }
    }]
  }, {
    "type": {
      "id": "HP:0002901",
      "label": "Hypocalcemia"
    },
    "evidence": [{
      "evidenceCode": {
        "id": "ECO:0000033",
        "label": "author statement supported by traceable reference"
      },
      "reference": {
        "id": "PMID:30359777",
        "description": "A case of severe trichothiodystrophy 3 in a neonate due to mutation in the GTF2H5 gene: Clinical report"
      }
    }]
  }, {
    "type": {
      "id": "HP:0007431",
      "label": "Congenital ichthyosiform erythroderma"
    },
    "evidence": [{
      "evidenceCode": {
        "id": "ECO:0000033",
        "label": "author statement supported by traceable reference"
      },
      "reference": {
        "id": "PMID:30359777",
        "description": "A case of severe trichothiodystrophy 3 in a neonate due to mutation in the GTF2H5 gene: Clinical report"
      }
    }]
  }, {
    "type": {
      "id": "HP:0008689",
      "label": "Bilateral cryptorchidism"
    },
    "evidence": [{
      "evidenceCode": {
        "id": "ECO:0000033",
        "label": "author statement supported by traceable reference"
      },
      "reference": {
        "id": "PMID:30359777",
        "description": "A case of severe trichothiodystrophy 3 in a neonate due to mutation in the GTF2H5 gene: Clinical report"
      }
    }]
  }, {
    "type": {
      "id": "HP:0000568",
      "label": "Microphthalmia"
    },
    "evidence": [{
      "evidenceCode": {
        "id": "ECO:0000033",
        "label": "author statement supported by traceable reference"
      },
      "reference": {
        "id": "PMID:30359777",
        "description": "A case of severe trichothiodystrophy 3 in a neonate due to mutation in the GTF2H5 gene: Clinical report"
      }
    }]
  }],
  "genes": [{
    "id": "NCBIGene:404672",
    "symbol": "GTF2H5"
  }],
  "variants": [{
    "vcfAllele": {
      "genomeAssembly": "GRCh37",
      "chr": "6",
      "pos": 158613022,
      "ref": "A",
      "alt": "T"
    },
    "zygosity": {
      "id": "GENO:0000135",
      "label": "heterozygous"
    }
  }, {
    "vcfAllele": {
      "genomeAssembly": "GRCh37",
      "chr": "6",
      "pos": 158591564,
      "ref": "T",
      "alt": "A"
    },
    "zygosity": {
      "id": "GENO:0000135",
      "label": "heterozygous"
    }
  }],
  "diseases": [{
    "term": {
      "id": "OMIM:616395",
      "label": "TRICHOTHIODYSTROPHY 3, PHOTOSENSITIVE; TTD3"
    }
  }],
  "metaData": {
    "createdBy": "Hpo Case Annotator : 1.0.13-SNAPSHOT",
    "submittedBy": "HPO:probinson",
    "resources": [{
      "id": "hp",
      "name": "human phenotype ontology",
      "url": "http://purl.obolibrary.org/obo/hp.owl",
      "version": "2018-03-08",
      "namespacePrefix": "HP",
      "iriPrefix": "http://purl.obolibrary.org/obo/HP_"
    }, {
      "id": "pato",
      "name": "Phenotype And Trait Ontology",
      "url": "http://purl.obolibrary.org/obo/pato.owl",
      "version": "2018-03-28",
      "namespacePrefix": "PATO",
      "iriPrefix": "http://purl.obolibrary.org/obo/PATO_"
    }, {
      "id": "geno",
      "name": "Genotype Ontology",
      "url": "http://purl.obolibrary.org/obo/geno.owl",
      "version": "19-03-2018",
      "namespacePrefix": "GENO",
      "iriPrefix": "http://purl.obolibrary.org/obo/GENO_"
    }, {
      "id": "ncbitaxon",
      "name": "NCBI organismal classification",
      "url": "http://purl.obolibrary.org/obo/ncbitaxon.owl",
      "version": "2018-03-02",
      "namespacePrefix": "NCBITaxon"
    }, {
      "id": "eco",
      "name": "Evidence and Conclusion Ontology",
      "url": "http://purl.obolibrary.org/obo/eco.owl",
      "version": "2018-11-10",
      "namespacePrefix": "ECO",
      "iriPrefix": "http://purl.obolibrary.org/obo/ECO_"
    }, {
      "id": "omim",
      "name": "Online Mendelian Inheritance in Man",
      "url": "https://www.omim.org",
      "namespacePrefix": "OMIM"
    }],
    "phenopacketSchemaVersion": "1.0.0-RC3",
    "externalReferences": [{
      "id": "PMID:30359777",
      "description": "A case of severe trichothiodystrophy 3 in a neonate due to mutation in the GTF2H5 gene: Clinical report"
    }]
  }
}