{
  "id": "PMID:27753196-Moosa-1799-MTOR-index",
  "subject": {
    "id": "index",
    "ageAtCollection": {
      "age": "P7Y"
    },
    "sex": "FEMALE",
    "taxonomy": {
      "id": "NCBITaxon:9606",
      "label": "Homo sapiens"
    }
  },
  "phenotypicFeatures": [{
    "type": {
      "id": "HP:0002573",
      "label": "Hematochezia"
    },
    "evidence": [{
      "evidenceCode": {
        "id": "ECO:0000033",
        "label": "author statement supported by traceable reference"
      },
      "reference": {
        "id": "PMID:27753196",
        "description": "Smith-Kingsmore syndrome: A third family with the MTOR mutation c"
      }
    }]
  }, {
    "type": {
      "id": "HP:0011220",
      "label": "Prominent forehead"
    },
    "evidence": [{
      "evidenceCode": {
        "id": "ECO:0000033",
        "label": "author statement supported by traceable reference"
      },
      "reference": {
        "id": "PMID:27753196",
        "description": "Smith-Kingsmore syndrome: A third family with the MTOR mutation c"
      }
    }]
  }, {
    "type": {
      "id": "HP:0009882",
      "label": "Short distal phalanx of finger"
    },
    "evidence": [{
      "evidenceCode": {
        "id": "ECO:0000033",
        "label": "author statement supported by traceable reference"
      },
      "reference": {
        "id": "PMID:27753196",
        "description": "Smith-Kingsmore syndrome: A third family with the MTOR mutation c"
      }
    }]
  }, {
    "type": {
      "id": "HP:0002119",
      "label": "Ventriculomegaly"
    },
    "evidence": [{
      "evidenceCode": {
        "id": "ECO:0000033",
        "label": "author statement supported by traceable reference"
      },
      "reference": {
        "id": "PMID:27753196",
        "description": "Smith-Kingsmore syndrome: A third family with the MTOR mutation c"
      }
    }]
  }, {
    "type": {
      "id": "HP:0000774",
      "label": "Narrow chest"
    },
    "evidence": [{
      "evidenceCode": {
        "id": "ECO:0000033",
        "label": "author statement supported by traceable reference"
      },
      "reference": {
        "id": "PMID:27753196",
        "description": "Smith-Kingsmore syndrome: A third family with the MTOR mutation c"
      }
    }]
  }, {
    "type": {
      "id": "HP:0030255",
      "label": "Large intestinal polyposis"
    },
    "evidence": [{
      "evidenceCode": {
        "id": "ECO:0000033",
        "label": "author statement supported by traceable reference"
      },
      "reference": {
        "id": "PMID:27753196",
        "description": "Smith-Kingsmore syndrome: A third family with the MTOR mutation c"
      }
    }]
  }, {
    "type": {
      "id": "HP:0001328",
      "label": "Specific learning disability"
    },
    "evidence": [{
      "evidenceCode": {
        "id": "ECO:0000033",
        "label": "author statement supported by traceable reference"
      },
      "reference": {
        "id": "PMID:27753196",
        "description": "Smith-Kingsmore syndrome: A third family with the MTOR mutation c"
      }
    }]
  }, {
    "type": {
      "id": "HP:0000107",
      "label": "Renal cyst"
    },
    "evidence": [{
      "evidenceCode": {
        "id": "ECO:0000033",
        "label": "author statement supported by traceable reference"
      },
      "reference": {
        "id": "PMID:27753196",
        "description": "Smith-Kingsmore syndrome: A third family with the MTOR mutation c"
      }
    }]
  }, {
    "type": {
      "id": "HP:0000256",
      "label": "Macrocephaly"
    },
    "evidence": [{
      "evidenceCode": {
        "id": "ECO:0000033",
        "label": "author statement supported by traceable reference"
      },
      "reference": {
        "id": "PMID:27753196",
        "description": "Smith-Kingsmore syndrome: A third family with the MTOR mutation c"
      }
    }]
  }],
  "genes": [{
    "id": "NCBIGene:2475",
    "symbol": "MTOR"
  }],
  "variants": [{
    "vcfAllele": {
      "genomeAssembly": "GRCh37",
      "chr": "1",
      "pos": 11190804,
      "ref": "C",
      "alt": "T"
    },
    "zygosity": {
      "id": "GENO:0000135",
      "label": "heterozygous"
    }
  }],
  "diseases": [{
    "term": {
      "id": "OMIM:616638",
      "label": "SMITH-KINGSMORE SYNDROME; SKS"
    }
  }],
  "metaData": {
    "createdBy": "Hpo Case Annotator : 1.0.13-SNAPSHOT",
    "submittedBy": "HPO:probinson",
    "resources": [{
      "id": "hp",
      "name": "human phenotype ontology",
      "url": "http://purl.obolibrary.org/obo/hp.owl",
      "version": "2018-03-08",
      "namespacePrefix": "HP",
      "iriPrefix": "http://purl.obolibrary.org/obo/HP_"
    }, {
      "id": "pato",
      "name": "Phenotype And Trait Ontology",
      "url": "http://purl.obolibrary.org/obo/pato.owl",
      "version": "2018-03-28",
      "namespacePrefix": "PATO",
      "iriPrefix": "http://purl.obolibrary.org/obo/PATO_"
    }, {
      "id": "geno",
      "name": "Genotype Ontology",
      "url": "http://purl.obolibrary.org/obo/geno.owl",
      "version": "19-03-2018",
      "namespacePrefix": "GENO",
      "iriPrefix": "http://purl.obolibrary.org/obo/GENO_"
    }, {
      "id": "ncbitaxon",
      "name": "NCBI organismal classification",
      "url": "http://purl.obolibrary.org/obo/ncbitaxon.owl",
      "version": "2018-03-02",
      "namespacePrefix": "NCBITaxon"
    }, {
      "id": "eco",
      "name": "Evidence and Conclusion Ontology",
      "url": "http://purl.obolibrary.org/obo/eco.owl",
      "version": "2018-11-10",
      "namespacePrefix": "ECO",
      "iriPrefix": "http://purl.obolibrary.org/obo/ECO_"
    }, {
      "id": "omim",
      "name": "Online Mendelian Inheritance in Man",
      "url": "https://www.omim.org",
      "namespacePrefix": "OMIM"
    }],
    "phenopacketSchemaVersion": "1.0.0-RC3",
    "externalReferences": [{
      "id": "PMID:27753196",
      "description": "Smith-Kingsmore syndrome: A third family with the MTOR mutation c"
    }]
  }
}