{
  "id": "PMID:30517146-Moreau-Le_Lan-2018-ACTA1-Patient_5",
  "subject": {
    "id": "Patient 5",
    "ageAtCollection": {
      "age": "n/a"
    },
    "sex": "FEMALE",
    "taxonomy": {
      "id": "NCBITaxon:9606",
      "label": "Homo sapiens"
    }
  },
  "phenotypicFeatures": [{
    "type": {
      "id": "HP:0001249",
      "label": "Intellectual disability"
    },
    "negated": true,
    "evidence": [{
      "evidenceCode": {
        "id": "ECO:0000033",
        "label": "author statement supported by traceable reference"
      },
      "reference": {
        "id": "PMID:30517146",
        "description": "New mutations found by Next-Generation Sequencing screening of Spanish patients with Nemaline Myopathy"
      }
    }]
  }, {
    "type": {
      "id": "HP:0002650",
      "label": "Scoliosis"
    },
    "negated": true,
    "evidence": [{
      "evidenceCode": {
        "id": "ECO:0000033",
        "label": "author statement supported by traceable reference"
      },
      "reference": {
        "id": "PMID:30517146",
        "description": "New mutations found by Next-Generation Sequencing screening of Spanish patients with Nemaline Myopathy"
      }
    }]
  }, {
    "type": {
      "id": "HP:0001252",
      "label": "Muscular hypotonia"
    },
    "evidence": [{
      "evidenceCode": {
        "id": "ECO:0000033",
        "label": "author statement supported by traceable reference"
      },
      "reference": {
        "id": "PMID:30517146",
        "description": "New mutations found by Next-Generation Sequencing screening of Spanish patients with Nemaline Myopathy"
      }
    }]
  }, {
    "type": {
      "id": "HP:0000602",
      "label": "Ophthalmoplegia"
    },
    "negated": true,
    "evidence": [{
      "evidenceCode": {
        "id": "ECO:0000033",
        "label": "author statement supported by traceable reference"
      },
      "reference": {
        "id": "PMID:30517146",
        "description": "New mutations found by Next-Generation Sequencing screening of Spanish patients with Nemaline Myopathy"
      }
    }]
  }, {
    "type": {
      "id": "HP:0002093",
      "label": "Respiratory insufficiency"
    },
    "negated": true,
    "evidence": [{
      "evidenceCode": {
        "id": "ECO:0000033",
        "label": "author statement supported by traceable reference"
      },
      "reference": {
        "id": "PMID:30517146",
        "description": "New mutations found by Next-Generation Sequencing screening of Spanish patients with Nemaline Myopathy"
      }
    }]
  }, {
    "type": {
      "id": "HP:0006466",
      "label": "Ankle contracture"
    },
    "evidence": [{
      "evidenceCode": {
        "id": "ECO:0000033",
        "label": "author statement supported by traceable reference"
      },
      "reference": {
        "id": "PMID:30517146",
        "description": "New mutations found by Next-Generation Sequencing screening of Spanish patients with Nemaline Myopathy"
      }
    }]
  }, {
    "type": {
      "id": "HP:0001284",
      "label": "Areflexia"
    },
    "evidence": [{
      "evidenceCode": {
        "id": "ECO:0000033",
        "label": "author statement supported by traceable reference"
      },
      "reference": {
        "id": "PMID:30517146",
        "description": "New mutations found by Next-Generation Sequencing screening of Spanish patients with Nemaline Myopathy"
      }
    }]
  }, {
    "type": {
      "id": "HP:0003701",
      "label": "Proximal muscle weakness"
    },
    "evidence": [{
      "evidenceCode": {
        "id": "ECO:0000033",
        "label": "author statement supported by traceable reference"
      },
      "reference": {
        "id": "PMID:30517146",
        "description": "New mutations found by Next-Generation Sequencing screening of Spanish patients with Nemaline Myopathy"
      }
    }]
  }, {
    "type": {
      "id": "HP:0002307",
      "label": "Drooling"
    },
    "negated": true,
    "evidence": [{
      "evidenceCode": {
        "id": "ECO:0000033",
        "label": "author statement supported by traceable reference"
      },
      "reference": {
        "id": "PMID:30517146",
        "description": "New mutations found by Next-Generation Sequencing screening of Spanish patients with Nemaline Myopathy"
      }
    }]
  }, {
    "type": {
      "id": "HP:0001283",
      "label": "Bulbar palsy"
    },
    "negated": true,
    "evidence": [{
      "evidenceCode": {
        "id": "ECO:0000033",
        "label": "author statement supported by traceable reference"
      },
      "reference": {
        "id": "PMID:30517146",
        "description": "New mutations found by Next-Generation Sequencing screening of Spanish patients with Nemaline Myopathy"
      }
    }]
  }],
  "genes": [{
    "id": "NCBIGene:58",
    "symbol": "ACTA1"
  }],
  "variants": [{
    "vcfAllele": {
      "genomeAssembly": "GRCh37",
      "chr": "1",
      "pos": 229567587,
      "ref": "T",
      "alt": "A"
    },
    "zygosity": {
      "id": "GENO:0000135",
      "label": "heterozygous"
    }
  }],
  "diseases": [{
    "term": {
      "id": "OMIM:161800",
      "label": "NEMALINE MYOPATHY 3; NEM3MYOPATHY, ACTIN, CONGENITAL, WITH EXCESS OF THIN MYOFILAMENTS, INCLUDED"
    }
  }],
  "metaData": {
    "createdBy": "Hpo Case Annotator : 1.0.13-SNAPSHOT",
    "submittedBy": "HPO:probinson",
    "resources": [{
      "id": "hp",
      "name": "human phenotype ontology",
      "url": "http://purl.obolibrary.org/obo/hp.owl",
      "version": "2018-03-08",
      "namespacePrefix": "HP",
      "iriPrefix": "http://purl.obolibrary.org/obo/HP_"
    }, {
      "id": "pato",
      "name": "Phenotype And Trait Ontology",
      "url": "http://purl.obolibrary.org/obo/pato.owl",
      "version": "2018-03-28",
      "namespacePrefix": "PATO",
      "iriPrefix": "http://purl.obolibrary.org/obo/PATO_"
    }, {
      "id": "geno",
      "name": "Genotype Ontology",
      "url": "http://purl.obolibrary.org/obo/geno.owl",
      "version": "19-03-2018",
      "namespacePrefix": "GENO",
      "iriPrefix": "http://purl.obolibrary.org/obo/GENO_"
    }, {
      "id": "ncbitaxon",
      "name": "NCBI organismal classification",
      "url": "http://purl.obolibrary.org/obo/ncbitaxon.owl",
      "version": "2018-03-02",
      "namespacePrefix": "NCBITaxon"
    }, {
      "id": "eco",
      "name": "Evidence and Conclusion Ontology",
      "url": "http://purl.obolibrary.org/obo/eco.owl",
      "version": "2018-11-10",
      "namespacePrefix": "ECO",
      "iriPrefix": "http://purl.obolibrary.org/obo/ECO_"
    }, {
      "id": "omim",
      "name": "Online Mendelian Inheritance in Man",
      "url": "https://www.omim.org",
      "namespacePrefix": "OMIM"
    }],
    "phenopacketSchemaVersion": "1.0.0-RC3",
    "externalReferences": [{
      "id": "PMID:30517146",
      "description": "New mutations found by Next-Generation Sequencing screening of Spanish patients with Nemaline Myopathy"
    }]
  }
}