{
  "id": "PMID:30034812-Mwasamwaja-2018-TGFB1-patient",
  "subject": {
    "id": "patient",
    "ageAtCollection": {
      "age": "35Y"
    },
    "sex": "FEMALE",
    "taxonomy": {
      "id": "NCBITaxon:9606",
      "label": "Homo sapiens"
    }
  },
  "phenotypicFeatures": [{
    "type": {
      "id": "HP:0003202",
      "label": "Skeletal muscle atrophy"
    },
    "evidence": [{
      "evidenceCode": {
        "id": "ECO:0000033",
        "label": "author statement supported by traceable reference"
      },
      "reference": {
        "id": "PMID:30034812",
        "description": "Camurati-Engelmann disease: a case report from sub-Saharan Africa"
      }
    }]
  }, {
    "type": {
      "id": "HP:0011220",
      "label": "Prominent forehead"
    },
    "evidence": [{
      "evidenceCode": {
        "id": "ECO:0000033",
        "label": "author statement supported by traceable reference"
      },
      "reference": {
        "id": "PMID:30034812",
        "description": "Camurati-Engelmann disease: a case report from sub-Saharan Africa"
      }
    }]
  }, {
    "type": {
      "id": "HP:0012100",
      "label": "Abnormal circulating creatinine level"
    },
    "negated": true,
    "evidence": [{
      "evidenceCode": {
        "id": "ECO:0000033",
        "label": "author statement supported by traceable reference"
      },
      "reference": {
        "id": "PMID:30034812",
        "description": "Camurati-Engelmann disease: a case report from sub-Saharan Africa"
      }
    }]
  }, {
    "type": {
      "id": "HP:0002653",
      "label": "Bone pain"
    },
    "evidence": [{
      "evidenceCode": {
        "id": "ECO:0000033",
        "label": "author statement supported by traceable reference"
      },
      "reference": {
        "id": "PMID:30034812",
        "description": "Camurati-Engelmann disease: a case report from sub-Saharan Africa"
      }
    }]
  }, {
    "type": {
      "id": "HP:0003155",
      "label": "Elevated alkaline phosphatase"
    },
    "evidence": [{
      "evidenceCode": {
        "id": "ECO:0000033",
        "label": "author statement supported by traceable reference"
      },
      "reference": {
        "id": "PMID:30034812",
        "description": "Camurati-Engelmann disease: a case report from sub-Saharan Africa"
      }
    }]
  }, {
    "type": {
      "id": "HP:0100543",
      "label": "Cognitive impairment"
    },
    "negated": true,
    "evidence": [{
      "evidenceCode": {
        "id": "ECO:0000033",
        "label": "author statement supported by traceable reference"
      },
      "reference": {
        "id": "PMID:30034812",
        "description": "Camurati-Engelmann disease: a case report from sub-Saharan Africa"
      }
    }]
  }, {
    "type": {
      "id": "HP:0003115",
      "label": "Abnormal EKG"
    },
    "negated": true,
    "evidence": [{
      "evidenceCode": {
        "id": "ECO:0000033",
        "label": "author statement supported by traceable reference"
      },
      "reference": {
        "id": "PMID:30034812",
        "description": "Camurati-Engelmann disease: a case report from sub-Saharan Africa"
      }
    }]
  }, {
    "type": {
      "id": "HP:0002829",
      "label": "Arthralgia"
    },
    "evidence": [{
      "evidenceCode": {
        "id": "ECO:0000033",
        "label": "author statement supported by traceable reference"
      },
      "reference": {
        "id": "PMID:30034812",
        "description": "Camurati-Engelmann disease: a case report from sub-Saharan Africa"
      }
    }]
  }, {
    "type": {
      "id": "HP:0000508",
      "label": "Ptosis"
    },
    "evidence": [{
      "evidenceCode": {
        "id": "ECO:0000033",
        "label": "author statement supported by traceable reference"
      },
      "reference": {
        "id": "PMID:30034812",
        "description": "Camurati-Engelmann disease: a case report from sub-Saharan Africa"
      }
    }]
  }, {
    "type": {
      "id": "HP:0002515",
      "label": "Waddling gait"
    },
    "evidence": [{
      "evidenceCode": {
        "id": "ECO:0000033",
        "label": "author statement supported by traceable reference"
      },
      "reference": {
        "id": "PMID:30034812",
        "description": "Camurati-Engelmann disease: a case report from sub-Saharan Africa"
      }
    }]
  }, {
    "type": {
      "id": "HP:0003868",
      "label": "Humeral cortical thickening"
    },
    "evidence": [{
      "evidenceCode": {
        "id": "ECO:0000033",
        "label": "author statement supported by traceable reference"
      },
      "reference": {
        "id": "PMID:30034812",
        "description": "Camurati-Engelmann disease: a case report from sub-Saharan Africa"
      }
    }]
  }, {
    "type": {
      "id": "HP:0000520",
      "label": "Proptosis"
    },
    "evidence": [{
      "evidenceCode": {
        "id": "ECO:0000033",
        "label": "author statement supported by traceable reference"
      },
      "reference": {
        "id": "PMID:30034812",
        "description": "Camurati-Engelmann disease: a case report from sub-Saharan Africa"
      }
    }]
  }, {
    "type": {
      "id": "HP:0100774",
      "label": "Hyperostosis"
    },
    "evidence": [{
      "evidenceCode": {
        "id": "ECO:0000033",
        "label": "author statement supported by traceable reference"
      },
      "reference": {
        "id": "PMID:30034812",
        "description": "Camurati-Engelmann disease: a case report from sub-Saharan Africa"
      }
    }]
  }],
  "genes": [{
    "id": "NCBIGene:7040",
    "symbol": "TGFB1"
  }],
  "variants": [{
    "vcfAllele": {
      "genomeAssembly": "GRCh37",
      "chr": "19",
      "pos": 41848135,
      "ref": "G",
      "alt": "A"
    },
    "zygosity": {
      "id": "GENO:0000135",
      "label": "heterozygous"
    }
  }],
  "diseases": [{
    "term": {
      "id": "OMIM:131300",
      "label": "CAMURATI-ENGELMANN DISEASE; CAEND"
    }
  }],
  "metaData": {
    "submittedBy": "HPO:probinson",
    "resources": [{
      "id": "hp",
      "name": "human phenotype ontology",
      "url": "http://purl.obolibrary.org/obo/hp.owl",
      "version": "2018-03-08",
      "namespacePrefix": "HP",
      "iriPrefix": "http://purl.obolibrary.org/obo/HP_"
    }, {
      "id": "pato",
      "name": "Phenotype And Trait Ontology",
      "url": "http://purl.obolibrary.org/obo/pato.owl",
      "version": "2018-03-28",
      "namespacePrefix": "PATO",
      "iriPrefix": "http://purl.obolibrary.org/obo/PATO_"
    }, {
      "id": "geno",
      "name": "Genotype Ontology",
      "url": "http://purl.obolibrary.org/obo/geno.owl",
      "version": "19-03-2018",
      "namespacePrefix": "GENO",
      "iriPrefix": "http://purl.obolibrary.org/obo/GENO_"
    }, {
      "id": "ncbitaxon",
      "name": "NCBI organismal classification",
      "url": "http://purl.obolibrary.org/obo/ncbitaxon.owl",
      "version": "2018-03-02",
      "namespacePrefix": "NCBITaxon"
    }, {
      "id": "eco",
      "name": "Evidence and Conclusion Ontology",
      "url": "http://purl.obolibrary.org/obo/eco.owl",
      "version": "2018-11-10",
      "namespacePrefix": "ECO",
      "iriPrefix": "http://purl.obolibrary.org/obo/ECO_"
    }, {
      "id": "omim",
      "name": "Online Mendelian Inheritance in Man",
      "url": "https://www.omim.org",
      "namespacePrefix": "OMIM"
    }],
    "phenopacketSchemaVersion": "1.0.0-RC3",
    "externalReferences": [{
      "id": "PMID:30034812",
      "description": "Camurati-Engelmann disease: a case report from sub-Saharan Africa"
    }]
  }
}