{
  "id": "PMID:27435956-Naz_Villalba-2016-NLRP3-proband",
  "subject": {
    "id": "proband",
    "ageAtCollection": {
      "age": "P5Y"
    },
    "sex": "FEMALE",
    "taxonomy": {
      "id": "NCBITaxon:9606",
      "label": "Homo sapiens"
    }
  },
  "phenotypicFeatures": [{
    "type": {
      "id": "HP:0011227",
      "label": "Elevated C-reactive protein level"
    },
    "evidence": [{
      "evidenceCode": {
        "id": "ECO:0000033",
        "label": "author statement supported by traceable reference"
      },
      "reference": {
        "id": "PMID:27435956",
        "description": "Muckle-Wells Syndrome: A Case Report with an NLRP3 T348M Mutation"
      }
    }]
  }, {
    "type": {
      "id": "HP:0000509",
      "label": "Conjunctivitis"
    },
    "negated": true,
    "evidence": [{
      "evidenceCode": {
        "id": "ECO:0000033",
        "label": "author statement supported by traceable reference"
      },
      "reference": {
        "id": "PMID:27435956",
        "description": "Muckle-Wells Syndrome: A Case Report with an NLRP3 T348M Mutation"
      }
    }]
  }, {
    "type": {
      "id": "HP:0002516",
      "label": "Increased intracranial pressure"
    },
    "evidence": [{
      "evidenceCode": {
        "id": "ECO:0000033",
        "label": "author statement supported by traceable reference"
      },
      "reference": {
        "id": "PMID:27435956",
        "description": "Muckle-Wells Syndrome: A Case Report with an NLRP3 T348M Mutation"
      }
    }]
  }, {
    "type": {
      "id": "HP:0002633",
      "label": "Vasculitis"
    },
    "negated": true,
    "evidence": [{
      "evidenceCode": {
        "id": "ECO:0000033",
        "label": "author statement supported by traceable reference"
      },
      "reference": {
        "id": "PMID:27435956",
        "description": "Muckle-Wells Syndrome: A Case Report with an NLRP3 T348M Mutation"
      }
    }]
  }, {
    "type": {
      "id": "HP:0011897",
      "label": "Neutrophilia"
    },
    "evidence": [{
      "evidenceCode": {
        "id": "ECO:0000033",
        "label": "author statement supported by traceable reference"
      },
      "reference": {
        "id": "PMID:27435956",
        "description": "Muckle-Wells Syndrome: A Case Report with an NLRP3 T348M Mutation"
      }
    }]
  }, {
    "type": {
      "id": "HP:0003565",
      "label": "Elevated erythrocyte sedimentation rate"
    },
    "evidence": [{
      "evidenceCode": {
        "id": "ECO:0000033",
        "label": "author statement supported by traceable reference"
      },
      "reference": {
        "id": "PMID:27435956",
        "description": "Muckle-Wells Syndrome: A Case Report with an NLRP3 T348M Mutation"
      }
    }]
  }, {
    "type": {
      "id": "HP:0002315",
      "label": "Headache"
    },
    "evidence": [{
      "evidenceCode": {
        "id": "ECO:0000033",
        "label": "author statement supported by traceable reference"
      },
      "reference": {
        "id": "PMID:27435956",
        "description": "Muckle-Wells Syndrome: A Case Report with an NLRP3 T348M Mutation"
      }
    }]
  }, {
    "type": {
      "id": "HP:0001085",
      "label": "Papilledema"
    },
    "evidence": [{
      "evidenceCode": {
        "id": "ECO:0000033",
        "label": "author statement supported by traceable reference"
      },
      "reference": {
        "id": "PMID:27435956",
        "description": "Muckle-Wells Syndrome: A Case Report with an NLRP3 T348M Mutation"
      }
    }]
  }, {
    "type": {
      "id": "HP:0001025",
      "label": "Urticaria"
    },
    "evidence": [{
      "evidenceCode": {
        "id": "ECO:0000033",
        "label": "author statement supported by traceable reference"
      },
      "reference": {
        "id": "PMID:27435956",
        "description": "Muckle-Wells Syndrome: A Case Report with an NLRP3 T348M Mutation"
      }
    }]
  }],
  "genes": [{
    "id": "NCBIGene:114548",
    "symbol": "NLRP3"
  }],
  "variants": [{
    "vcfAllele": {
      "genomeAssembly": "GRCh37",
      "chr": "1",
      "pos": 247587794,
      "ref": "C",
      "alt": "T"
    },
    "zygosity": {
      "id": "GENO:0000135",
      "label": "heterozygous"
    }
  }],
  "diseases": [{
    "term": {
      "id": "OMIM:191900",
      "label": "MUCKLE-WELLS SYNDROME; MWS"
    }
  }],
  "metaData": {
    "createdBy": "Hpo Case Annotator : 1.0.13-SNAPSHOT",
    "submittedBy": "HPO:probinson",
    "resources": [{
      "id": "hp",
      "name": "human phenotype ontology",
      "url": "http://purl.obolibrary.org/obo/hp.owl",
      "version": "2018-03-08",
      "namespacePrefix": "HP",
      "iriPrefix": "http://purl.obolibrary.org/obo/HP_"
    }, {
      "id": "pato",
      "name": "Phenotype And Trait Ontology",
      "url": "http://purl.obolibrary.org/obo/pato.owl",
      "version": "2018-03-28",
      "namespacePrefix": "PATO",
      "iriPrefix": "http://purl.obolibrary.org/obo/PATO_"
    }, {
      "id": "geno",
      "name": "Genotype Ontology",
      "url": "http://purl.obolibrary.org/obo/geno.owl",
      "version": "19-03-2018",
      "namespacePrefix": "GENO",
      "iriPrefix": "http://purl.obolibrary.org/obo/GENO_"
    }, {
      "id": "ncbitaxon",
      "name": "NCBI organismal classification",
      "url": "http://purl.obolibrary.org/obo/ncbitaxon.owl",
      "version": "2018-03-02",
      "namespacePrefix": "NCBITaxon"
    }, {
      "id": "eco",
      "name": "Evidence and Conclusion Ontology",
      "url": "http://purl.obolibrary.org/obo/eco.owl",
      "version": "2018-11-10",
      "namespacePrefix": "ECO",
      "iriPrefix": "http://purl.obolibrary.org/obo/ECO_"
    }, {
      "id": "omim",
      "name": "Online Mendelian Inheritance in Man",
      "url": "https://www.omim.org",
      "namespacePrefix": "OMIM"
    }],
    "phenopacketSchemaVersion": "1.0.0-RC3",
    "externalReferences": [{
      "id": "PMID:27435956",
      "description": "Muckle-Wells Syndrome: A Case Report with an NLRP3 T348M Mutation"
    }]
  }
}