{
  "id": "PMID:18830229-Nellist-2009-TSC1-II:3/Family_2",
  "subject": {
    "id": "II:3/Family 2",
    "ageAtCollection": {
      "age": "N/A"
    },
    "taxonomy": {
      "id": "NCBITaxon:9606",
      "label": "Homo sapiens"
    }
  },
  "phenotypicFeatures": [{
    "type": {
      "id": "HP:0009719",
      "label": "Hypomelanotic macule"
    },
    "evidence": [{
      "evidenceCode": {
        "id": "ECO:0000033",
        "label": "author statement supported by traceable reference"
      },
      "reference": {
        "id": "PMID:18830229",
        "description": "Missense mutations to the TSC1 gene cause tuberous sclerosis complex"
      }
    }]
  }, {
    "type": {
      "id": "HP:0010614",
      "label": "Fibroma"
    },
    "evidence": [{
      "evidenceCode": {
        "id": "ECO:0000033",
        "label": "author statement supported by traceable reference"
      },
      "reference": {
        "id": "PMID:18830229",
        "description": "Missense mutations to the TSC1 gene cause tuberous sclerosis complex"
      }
    }]
  }, {
    "type": {
      "id": "HP:0012736",
      "label": "Profound global developmental delay"
    },
    "evidence": [{
      "evidenceCode": {
        "id": "ECO:0000033",
        "label": "author statement supported by traceable reference"
      },
      "reference": {
        "id": "PMID:18830229",
        "description": "Missense mutations to the TSC1 gene cause tuberous sclerosis complex"
      }
    }]
  }, {
    "type": {
      "id": "HP:0001250",
      "label": "Seizures"
    },
    "evidence": [{
      "evidenceCode": {
        "id": "ECO:0000033",
        "label": "author statement supported by traceable reference"
      },
      "reference": {
        "id": "PMID:18830229",
        "description": "Missense mutations to the TSC1 gene cause tuberous sclerosis complex"
      }
    }]
  }, {
    "type": {
      "id": "HP:0100804",
      "label": "Ungual fibroma"
    },
    "evidence": [{
      "evidenceCode": {
        "id": "ECO:0000033",
        "label": "author statement supported by traceable reference"
      },
      "reference": {
        "id": "PMID:18830229",
        "description": "Missense mutations to the TSC1 gene cause tuberous sclerosis complex"
      }
    }]
  }, {
    "type": {
      "id": "HP:0009721",
      "label": "Shagreen patch"
    },
    "evidence": [{
      "evidenceCode": {
        "id": "ECO:0000033",
        "label": "author statement supported by traceable reference"
      },
      "reference": {
        "id": "PMID:18830229",
        "description": "Missense mutations to the TSC1 gene cause tuberous sclerosis complex"
      }
    }]
  }, {
    "type": {
      "id": "HP:0012733",
      "label": "Macule"
    },
    "evidence": [{
      "evidenceCode": {
        "id": "ECO:0000033",
        "label": "author statement supported by traceable reference"
      },
      "reference": {
        "id": "PMID:18830229",
        "description": "Missense mutations to the TSC1 gene cause tuberous sclerosis complex"
      }
    }]
  }],
  "genes": [{
    "id": "NCBIGene:7248",
    "symbol": "TSC1"
  }],
  "variants": [{
    "vcfAllele": {
      "genomeAssembly": "GRCh37",
      "chr": "9",
      "pos": 135796816,
      "ref": "A",
      "alt": "C"
    },
    "zygosity": {
      "id": "GENO:0000135",
      "label": "heterozygous"
    }
  }, {
    "vcfAllele": {
      "genomeAssembly": "GRCh37",
      "chr": "9",
      "pos": 135772014,
      "ref": "C",
      "alt": "T"
    },
    "zygosity": {
      "id": "GENO:0000135",
      "label": "heterozygous"
    }
  }],
  "diseases": [{
    "term": {
      "id": "OMIM:191100",
      "label": "TUBEROUS SCLEROSIS 1; TSC1"
    }
  }],
  "metaData": {
    "submittedBy": "HPO:lccarmody",
    "resources": [{
      "id": "hp",
      "name": "human phenotype ontology",
      "url": "http://purl.obolibrary.org/obo/hp.owl",
      "version": "2018-03-08",
      "namespacePrefix": "HP",
      "iriPrefix": "http://purl.obolibrary.org/obo/HP_"
    }, {
      "id": "pato",
      "name": "Phenotype And Trait Ontology",
      "url": "http://purl.obolibrary.org/obo/pato.owl",
      "version": "2018-03-28",
      "namespacePrefix": "PATO",
      "iriPrefix": "http://purl.obolibrary.org/obo/PATO_"
    }, {
      "id": "geno",
      "name": "Genotype Ontology",
      "url": "http://purl.obolibrary.org/obo/geno.owl",
      "version": "19-03-2018",
      "namespacePrefix": "GENO",
      "iriPrefix": "http://purl.obolibrary.org/obo/GENO_"
    }, {
      "id": "ncbitaxon",
      "name": "NCBI organismal classification",
      "url": "http://purl.obolibrary.org/obo/ncbitaxon.owl",
      "version": "2018-03-02",
      "namespacePrefix": "NCBITaxon"
    }, {
      "id": "eco",
      "name": "Evidence and Conclusion Ontology",
      "url": "http://purl.obolibrary.org/obo/eco.owl",
      "version": "2018-11-10",
      "namespacePrefix": "ECO",
      "iriPrefix": "http://purl.obolibrary.org/obo/ECO_"
    }, {
      "id": "omim",
      "name": "Online Mendelian Inheritance in Man",
      "url": "https://www.omim.org",
      "namespacePrefix": "OMIM"
    }],
    "phenopacketSchemaVersion": "1.0.0-RC3",
    "externalReferences": [{
      "id": "PMID:18830229",
      "description": "Missense mutations to the TSC1 gene cause tuberous sclerosis complex"
    }]
  }
}