{
  "id": "PMID:28392951-Nguyen-2017-NPHS1-patient_1",
  "subject": {
    "id": "patient 1",
    "ageAtCollection": {
      "age": "40"
    },
    "taxonomy": {
      "id": "NCBITaxon:9606",
      "label": "Homo sapiens"
    }
  },
  "phenotypicFeatures": [{
    "type": {
      "id": "HP:0008360",
      "label": "Neonatal hypoproteinemia"
    },
    "evidence": [{
      "evidenceCode": {
        "id": "ECO:0000033",
        "label": "author statement supported by traceable reference"
      },
      "reference": {
        "id": "PMID:28392951",
        "description": "Three Novel Mutations in the NPHS1 Gene in Vietnamese Patients with Congenital Nephrotic Syndrome"
      }
    }]
  }, {
    "type": {
      "id": "HP:0000093",
      "label": "Proteinuria"
    },
    "evidence": [{
      "evidenceCode": {
        "id": "ECO:0000033",
        "label": "author statement supported by traceable reference"
      },
      "reference": {
        "id": "PMID:28392951",
        "description": "Three Novel Mutations in the NPHS1 Gene in Vietnamese Patients with Congenital Nephrotic Syndrome"
      }
    }]
  }, {
    "type": {
      "id": "HP:0008677",
      "label": "Congenital nephrotic syndrome"
    },
    "evidence": [{
      "evidenceCode": {
        "id": "ECO:0000033",
        "label": "author statement supported by traceable reference"
      },
      "reference": {
        "id": "PMID:28392951",
        "description": "Three Novel Mutations in the NPHS1 Gene in Vietnamese Patients with Congenital Nephrotic Syndrome"
      }
    }]
  }, {
    "type": {
      "id": "HP:0003124",
      "label": "Hypercholesterolemia"
    },
    "evidence": [{
      "evidenceCode": {
        "id": "ECO:0000033",
        "label": "author statement supported by traceable reference"
      },
      "reference": {
        "id": "PMID:28392951",
        "description": "Three Novel Mutations in the NPHS1 Gene in Vietnamese Patients with Congenital Nephrotic Syndrome"
      }
    }]
  }, {
    "type": {
      "id": "HP:0000969",
      "label": "Edema"
    },
    "evidence": [{
      "evidenceCode": {
        "id": "ECO:0000033",
        "label": "author statement supported by traceable reference"
      },
      "reference": {
        "id": "PMID:28392951",
        "description": "Three Novel Mutations in the NPHS1 Gene in Vietnamese Patients with Congenital Nephrotic Syndrome"
      }
    }]
  }, {
    "type": {
      "id": "HP:0002202",
      "label": "Pleural effusion"
    },
    "evidence": [{
      "evidenceCode": {
        "id": "ECO:0000033",
        "label": "author statement supported by traceable reference"
      },
      "reference": {
        "id": "PMID:28392951",
        "description": "Three Novel Mutations in the NPHS1 Gene in Vietnamese Patients with Congenital Nephrotic Syndrome"
      }
    }]
  }, {
    "type": {
      "id": "HP:0002090",
      "label": "Pneumonia"
    },
    "evidence": [{
      "evidenceCode": {
        "id": "ECO:0000033",
        "label": "author statement supported by traceable reference"
      },
      "reference": {
        "id": "PMID:28392951",
        "description": "Three Novel Mutations in the NPHS1 Gene in Vietnamese Patients with Congenital Nephrotic Syndrome"
      }
    }]
  }, {
    "type": {
      "id": "HP:0001518",
      "label": "Small for gestational age"
    },
    "negated": true,
    "evidence": [{
      "evidenceCode": {
        "id": "ECO:0000033",
        "label": "author statement supported by traceable reference"
      },
      "reference": {
        "id": "PMID:28392951",
        "description": "Three Novel Mutations in the NPHS1 Gene in Vietnamese Patients with Congenital Nephrotic Syndrome"
      }
    }]
  }, {
    "type": {
      "id": "HP:0003073",
      "label": "Hypoalbuminemia"
    },
    "evidence": [{
      "evidenceCode": {
        "id": "ECO:0000033",
        "label": "author statement supported by traceable reference"
      },
      "reference": {
        "id": "PMID:28392951",
        "description": "Three Novel Mutations in the NPHS1 Gene in Vietnamese Patients with Congenital Nephrotic Syndrome"
      }
    }]
  }],
  "genes": [{
    "id": "NCBIGene:4868",
    "symbol": "NPHS1"
  }],
  "variants": [{
    "vcfAllele": {
      "genomeAssembly": "GRCh37",
      "chr": "19",
      "pos": 36342212,
      "ref": "C",
      "alt": "T"
    },
    "zygosity": {
      "id": "GENO:0000135",
      "label": "heterozygous"
    }
  }, {
    "vcfAllele": {
      "genomeAssembly": "GRCh37",
      "chr": "19",
      "pos": 36339962,
      "ref": "C",
      "alt": "T"
    },
    "zygosity": {
      "id": "GENO:0000135",
      "label": "heterozygous"
    }
  }, {
    "vcfAllele": {
      "genomeAssembly": "GRCh37",
      "chr": "19",
      "pos": 36322580,
      "ref": "A",
      "alt": "AC"
    },
    "zygosity": {
      "id": "GENO:0000135",
      "label": "heterozygous"
    }
  }],
  "diseases": [{
    "term": {
      "id": "OMIM:256300",
      "label": "NEPHROTIC SYNDROME, TYPE 1; NPHS1"
    }
  }],
  "metaData": {
    "createdBy": "Hpo Case Annotator : 1.0.13-SNAPSHOT",
    "submittedBy": "HPO:probinson",
    "resources": [{
      "id": "hp",
      "name": "human phenotype ontology",
      "url": "http://purl.obolibrary.org/obo/hp.owl",
      "version": "2018-03-08",
      "namespacePrefix": "HP",
      "iriPrefix": "http://purl.obolibrary.org/obo/HP_"
    }, {
      "id": "pato",
      "name": "Phenotype And Trait Ontology",
      "url": "http://purl.obolibrary.org/obo/pato.owl",
      "version": "2018-03-28",
      "namespacePrefix": "PATO",
      "iriPrefix": "http://purl.obolibrary.org/obo/PATO_"
    }, {
      "id": "geno",
      "name": "Genotype Ontology",
      "url": "http://purl.obolibrary.org/obo/geno.owl",
      "version": "19-03-2018",
      "namespacePrefix": "GENO",
      "iriPrefix": "http://purl.obolibrary.org/obo/GENO_"
    }, {
      "id": "ncbitaxon",
      "name": "NCBI organismal classification",
      "url": "http://purl.obolibrary.org/obo/ncbitaxon.owl",
      "version": "2018-03-02",
      "namespacePrefix": "NCBITaxon"
    }, {
      "id": "eco",
      "name": "Evidence and Conclusion Ontology",
      "url": "http://purl.obolibrary.org/obo/eco.owl",
      "version": "2018-11-10",
      "namespacePrefix": "ECO",
      "iriPrefix": "http://purl.obolibrary.org/obo/ECO_"
    }, {
      "id": "omim",
      "name": "Online Mendelian Inheritance in Man",
      "url": "https://www.omim.org",
      "namespacePrefix": "OMIM"
    }],
    "phenopacketSchemaVersion": "1.0.0-RC3",
    "externalReferences": [{
      "id": "PMID:28392951",
      "description": "Three Novel Mutations in the NPHS1 Gene in Vietnamese Patients with Congenital Nephrotic Syndrome"
    }]
  }
}