{
  "id": "PMID:24951643-Nicole-2014-AGRN-Patient_3/Kinship_2",
  "subject": {
    "id": "Patient 3/Kinship 2",
    "ageAtCollection": {
      "age": "36"
    },
    "sex": "MALE",
    "taxonomy": {
      "id": "NCBITaxon:9606",
      "label": "Homo sapiens"
    }
  },
  "phenotypicFeatures": [{
    "type": {
      "id": "HP:0010307",
      "label": "Stridor"
    },
    "evidence": [{
      "evidenceCode": {
        "id": "ECO:0000033",
        "label": "author statement supported by traceable reference"
      },
      "reference": {
        "id": "PMID:24951643",
        "description": "Agrin mutations lead to a congenital myasthenic syndrome with distal muscle weakness and atrophy"
      }
    }]
  }, {
    "type": {
      "id": "HP:0003691",
      "label": "Scapular winging"
    },
    "evidence": [{
      "evidenceCode": {
        "id": "ECO:0000033",
        "label": "author statement supported by traceable reference"
      },
      "reference": {
        "id": "PMID:24951643",
        "description": "Agrin mutations lead to a congenital myasthenic syndrome with distal muscle weakness and atrophy"
      }
    }]
  }, {
    "type": {
      "id": "HP:0001371",
      "label": "Flexion contracture"
    },
    "negated": true,
    "evidence": [{
      "evidenceCode": {
        "id": "ECO:0000033",
        "label": "author statement supported by traceable reference"
      },
      "reference": {
        "id": "PMID:24951643",
        "description": "Agrin mutations lead to a congenital myasthenic syndrome with distal muscle weakness and atrophy"
      }
    }]
  }, {
    "type": {
      "id": "HP:0008959",
      "label": "Distal upper limb muscle weakness"
    },
    "evidence": [{
      "evidenceCode": {
        "id": "ECO:0000033",
        "label": "author statement supported by traceable reference"
      },
      "reference": {
        "id": "PMID:24951643",
        "description": "Agrin mutations lead to a congenital myasthenic syndrome with distal muscle weakness and atrophy"
      }
    }]
  }, {
    "type": {
      "id": "HP:0002793",
      "label": "Abnormal pattern of respiration"
    },
    "evidence": [{
      "evidenceCode": {
        "id": "ECO:0000033",
        "label": "author statement supported by traceable reference"
      },
      "reference": {
        "id": "PMID:24951643",
        "description": "Agrin mutations lead to a congenital myasthenic syndrome with distal muscle weakness and atrophy"
      }
    }]
  }, {
    "type": {
      "id": "HP:0003202",
      "label": "Skeletal muscle atrophy"
    },
    "evidence": [{
      "evidenceCode": {
        "id": "ECO:0000033",
        "label": "author statement supported by traceable reference"
      },
      "reference": {
        "id": "PMID:24951643",
        "description": "Agrin mutations lead to a congenital myasthenic syndrome with distal muscle weakness and atrophy"
      }
    }]
  }, {
    "type": {
      "id": "HP:0030210",
      "label": "Muscle specific kinase antibody positivity"
    },
    "evidence": [{
      "evidenceCode": {
        "id": "ECO:0000033",
        "label": "author statement supported by traceable reference"
      },
      "reference": {
        "id": "PMID:24951643",
        "description": "Agrin mutations lead to a congenital myasthenic syndrome with distal muscle weakness and atrophy"
      }
    }]
  }, {
    "type": {
      "id": "HP:0002540",
      "label": "Inability to walk"
    },
    "evidence": [{
      "evidenceCode": {
        "id": "ECO:0000033",
        "label": "author statement supported by traceable reference"
      },
      "reference": {
        "id": "PMID:24951643",
        "description": "Agrin mutations lead to a congenital myasthenic syndrome with distal muscle weakness and atrophy"
      }
    }]
  }, {
    "type": {
      "id": "HP:0009027",
      "label": "Foot dorsiflexor weakness"
    },
    "evidence": [{
      "evidenceCode": {
        "id": "ECO:0000033",
        "label": "author statement supported by traceable reference"
      },
      "reference": {
        "id": "PMID:24951643",
        "description": "Agrin mutations lead to a congenital myasthenic syndrome with distal muscle weakness and atrophy"
      }
    }]
  }, {
    "type": {
      "id": "HP:0010535",
      "label": "Sleep apnea"
    },
    "evidence": [{
      "evidenceCode": {
        "id": "ECO:0000033",
        "label": "author statement supported by traceable reference"
      },
      "reference": {
        "id": "PMID:24951643",
        "description": "Agrin mutations lead to a congenital myasthenic syndrome with distal muscle weakness and atrophy"
      }
    }]
  }, {
    "type": {
      "id": "HP:0009053",
      "label": "Distal lower limb muscle weakness"
    },
    "evidence": [{
      "evidenceCode": {
        "id": "ECO:0000033",
        "label": "author statement supported by traceable reference"
      },
      "reference": {
        "id": "PMID:24951643",
        "description": "Agrin mutations lead to a congenital myasthenic syndrome with distal muscle weakness and atrophy"
      }
    }]
  }, {
    "type": {
      "id": "HP:0003388",
      "label": "Easy fatigability"
    },
    "evidence": [{
      "evidenceCode": {
        "id": "ECO:0000033",
        "label": "author statement supported by traceable reference"
      },
      "reference": {
        "id": "PMID:24951643",
        "description": "Agrin mutations lead to a congenital myasthenic syndrome with distal muscle weakness and atrophy"
      }
    }]
  }, {
    "type": {
      "id": "HP:0002104",
      "label": "Apnea"
    },
    "evidence": [{
      "evidenceCode": {
        "id": "ECO:0000033",
        "label": "author statement supported by traceable reference"
      },
      "reference": {
        "id": "PMID:24951643",
        "description": "Agrin mutations lead to a congenital myasthenic syndrome with distal muscle weakness and atrophy"
      }
    }]
  }, {
    "type": {
      "id": "HP:0002792",
      "label": "Reduced vital capacity"
    },
    "evidence": [{
      "evidenceCode": {
        "id": "ECO:0000033",
        "label": "author statement supported by traceable reference"
      },
      "reference": {
        "id": "PMID:24951643",
        "description": "Agrin mutations lead to a congenital myasthenic syndrome with distal muscle weakness and atrophy"
      }
    }]
  }, {
    "type": {
      "id": "HP:0002878",
      "label": "Respiratory failure"
    },
    "evidence": [{
      "evidenceCode": {
        "id": "ECO:0000033",
        "label": "author statement supported by traceable reference"
      },
      "reference": {
        "id": "PMID:24951643",
        "description": "Agrin mutations lead to a congenital myasthenic syndrome with distal muscle weakness and atrophy"
      }
    }]
  }],
  "genes": [{
    "id": "NCBIGene:375790",
    "symbol": "AGRN"
  }],
  "variants": [{
    "vcfAllele": {
      "genomeAssembly": "GRCh37",
      "chr": "1",
      "pos": 957693,
      "ref": "A",
      "alt": "T"
    },
    "zygosity": {
      "id": "GENO:0000135",
      "label": "heterozygous"
    }
  }, {
    "vcfAllele": {
      "genomeAssembly": "GRCh37",
      "chr": "1",
      "pos": 977517,
      "ref": "C",
      "alt": "CC"
    },
    "zygosity": {
      "id": "GENO:0000135",
      "label": "heterozygous"
    }
  }],
  "diseases": [{
    "term": {
      "id": "OMIM:615120",
      "label": "MYASTHENIC SYNDROME, CONGENITAL, 8; CMS8"
    }
  }],
  "metaData": {
    "submittedBy": "HPO:lccarmody",
    "resources": [{
      "id": "hp",
      "name": "human phenotype ontology",
      "url": "http://purl.obolibrary.org/obo/hp.owl",
      "version": "2018-03-08",
      "namespacePrefix": "HP",
      "iriPrefix": "http://purl.obolibrary.org/obo/HP_"
    }, {
      "id": "pato",
      "name": "Phenotype And Trait Ontology",
      "url": "http://purl.obolibrary.org/obo/pato.owl",
      "version": "2018-03-28",
      "namespacePrefix": "PATO",
      "iriPrefix": "http://purl.obolibrary.org/obo/PATO_"
    }, {
      "id": "geno",
      "name": "Genotype Ontology",
      "url": "http://purl.obolibrary.org/obo/geno.owl",
      "version": "19-03-2018",
      "namespacePrefix": "GENO",
      "iriPrefix": "http://purl.obolibrary.org/obo/GENO_"
    }, {
      "id": "ncbitaxon",
      "name": "NCBI organismal classification",
      "url": "http://purl.obolibrary.org/obo/ncbitaxon.owl",
      "version": "2018-03-02",
      "namespacePrefix": "NCBITaxon"
    }, {
      "id": "eco",
      "name": "Evidence and Conclusion Ontology",
      "url": "http://purl.obolibrary.org/obo/eco.owl",
      "version": "2018-11-10",
      "namespacePrefix": "ECO",
      "iriPrefix": "http://purl.obolibrary.org/obo/ECO_"
    }, {
      "id": "omim",
      "name": "Online Mendelian Inheritance in Man",
      "url": "https://www.omim.org",
      "namespacePrefix": "OMIM"
    }],
    "phenopacketSchemaVersion": "1.0.0-RC3",
    "externalReferences": [{
      "id": "PMID:24951643",
      "description": "Agrin mutations lead to a congenital myasthenic syndrome with distal muscle weakness and atrophy"
    }]
  }
}