{
  "id": "PMID:16474404-Niihori-2006-BRAF-CFC16",
  "subject": {
    "id": "CFC16",
    "ageAtCollection": {
      "age": "P7Y"
    },
    "sex": "MALE",
    "taxonomy": {
      "id": "NCBITaxon:9606",
      "label": "Homo sapiens"
    }
  },
  "phenotypicFeatures": [{
    "type": {
      "id": "HP:0005280",
      "label": "Depressed nasal bridge"
    },
    "evidence": [{
      "evidenceCode": {
        "id": "ECO:0000033",
        "label": "author statement supported by traceable reference"
      },
      "reference": {
        "id": "PMID:16474404",
        "description": "Germline KRAS and BRAF mutations in cardio-facio-cutaneous syndrome"
      }
    }]
  }, {
    "type": {
      "id": "HP:0004482",
      "label": "Relative macrocephaly"
    },
    "evidence": [{
      "evidenceCode": {
        "id": "ECO:0000033",
        "label": "author statement supported by traceable reference"
      },
      "reference": {
        "id": "PMID:16474404",
        "description": "Germline KRAS and BRAF mutations in cardio-facio-cutaneous syndrome"
      }
    }]
  }, {
    "type": {
      "id": "HP:0009891",
      "label": "Underdeveloped supraorbital ridges"
    },
    "evidence": [{
      "evidenceCode": {
        "id": "ECO:0000033",
        "label": "author statement supported by traceable reference"
      },
      "reference": {
        "id": "PMID:16474404",
        "description": "Germline KRAS and BRAF mutations in cardio-facio-cutaneous syndrome"
      }
    }]
  }, {
    "type": {
      "id": "HP:0000218",
      "label": "High palate"
    },
    "evidence": [{
      "evidenceCode": {
        "id": "ECO:0000033",
        "label": "author statement supported by traceable reference"
      },
      "reference": {
        "id": "PMID:16474404",
        "description": "Germline KRAS and BRAF mutations in cardio-facio-cutaneous syndrome"
      }
    }]
  }, {
    "type": {
      "id": "HP:0008070",
      "label": "Sparse hair"
    },
    "evidence": [{
      "evidenceCode": {
        "id": "ECO:0000033",
        "label": "author statement supported by traceable reference"
      },
      "reference": {
        "id": "PMID:16474404",
        "description": "Germline KRAS and BRAF mutations in cardio-facio-cutaneous syndrome"
      }
    }]
  }, {
    "type": {
      "id": "HP:0000463",
      "label": "Anteverted nares"
    },
    "evidence": [{
      "evidenceCode": {
        "id": "ECO:0000033",
        "label": "author statement supported by traceable reference"
      },
      "reference": {
        "id": "PMID:16474404",
        "description": "Germline KRAS and BRAF mutations in cardio-facio-cutaneous syndrome"
      }
    }]
  }, {
    "type": {
      "id": "HP:0000962",
      "label": "Hyperkeratosis"
    },
    "evidence": [{
      "evidenceCode": {
        "id": "ECO:0000033",
        "label": "author statement supported by traceable reference"
      },
      "reference": {
        "id": "PMID:16474404",
        "description": "Germline KRAS and BRAF mutations in cardio-facio-cutaneous syndrome"
      }
    }]
  }, {
    "type": {
      "id": "HP:0001250",
      "label": "Seizures"
    },
    "negated": true,
    "evidence": [{
      "evidenceCode": {
        "id": "ECO:0000033",
        "label": "author statement supported by traceable reference"
      },
      "reference": {
        "id": "PMID:16474404",
        "description": "Germline KRAS and BRAF mutations in cardio-facio-cutaneous syndrome"
      }
    }]
  }, {
    "type": {
      "id": "HP:0008064",
      "label": "Ichthyosis"
    },
    "negated": true,
    "evidence": [{
      "evidenceCode": {
        "id": "ECO:0000033",
        "label": "author statement supported by traceable reference"
      },
      "reference": {
        "id": "PMID:16474404",
        "description": "Germline KRAS and BRAF mutations in cardio-facio-cutaneous syndrome"
      }
    }]
  }, {
    "type": {
      "id": "HP:0000508",
      "label": "Ptosis"
    },
    "evidence": [{
      "evidenceCode": {
        "id": "ECO:0000033",
        "label": "author statement supported by traceable reference"
      },
      "reference": {
        "id": "PMID:16474404",
        "description": "Germline KRAS and BRAF mutations in cardio-facio-cutaneous syndrome"
      }
    }]
  }, {
    "type": {
      "id": "HP:0001642",
      "label": "Pulmonic stenosis"
    },
    "evidence": [{
      "evidenceCode": {
        "id": "ECO:0000033",
        "label": "author statement supported by traceable reference"
      },
      "reference": {
        "id": "PMID:16474404",
        "description": "Germline KRAS and BRAF mutations in cardio-facio-cutaneous syndrome"
      }
    }]
  }, {
    "type": {
      "id": "HP:0000470",
      "label": "Short neck"
    },
    "evidence": [{
      "evidenceCode": {
        "id": "ECO:0000033",
        "label": "author statement supported by traceable reference"
      },
      "reference": {
        "id": "PMID:16474404",
        "description": "Germline KRAS and BRAF mutations in cardio-facio-cutaneous syndrome"
      }
    }]
  }, {
    "type": {
      "id": "HP:0001631",
      "label": "Atrial septal defect"
    },
    "evidence": [{
      "evidenceCode": {
        "id": "ECO:0000033",
        "label": "author statement supported by traceable reference"
      },
      "reference": {
        "id": "PMID:16474404",
        "description": "Germline KRAS and BRAF mutations in cardio-facio-cutaneous syndrome"
      }
    }]
  }, {
    "type": {
      "id": "HP:0000465",
      "label": "Webbed neck"
    },
    "evidence": [{
      "evidenceCode": {
        "id": "ECO:0000033",
        "label": "author statement supported by traceable reference"
      },
      "reference": {
        "id": "PMID:16474404",
        "description": "Germline KRAS and BRAF mutations in cardio-facio-cutaneous syndrome"
      }
    }]
  }, {
    "type": {
      "id": "HP:0000494",
      "label": "Downslanted palpebral fissures"
    },
    "evidence": [{
      "evidenceCode": {
        "id": "ECO:0000033",
        "label": "author statement supported by traceable reference"
      },
      "reference": {
        "id": "PMID:16474404",
        "description": "Germline KRAS and BRAF mutations in cardio-facio-cutaneous syndrome"
      }
    }]
  }, {
    "type": {
      "id": "HP:0010864",
      "label": "Intellectual disability, severe"
    },
    "evidence": [{
      "evidenceCode": {
        "id": "ECO:0000033",
        "label": "author statement supported by traceable reference"
      },
      "reference": {
        "id": "PMID:16474404",
        "description": "Germline KRAS and BRAF mutations in cardio-facio-cutaneous syndrome"
      }
    }]
  }],
  "genes": [{
    "id": "NCBIGene:673",
    "symbol": "BRAF"
  }],
  "variants": [{
    "vcfAllele": {
      "genomeAssembly": "GRCh37",
      "chr": "7",
      "pos": 140501302,
      "ref": "T",
      "alt": "C"
    },
    "zygosity": {
      "id": "GENO:0000135",
      "label": "heterozygous"
    }
  }],
  "diseases": [{
    "term": {
      "id": "OMIM:115150",
      "label": "CARDIOFACIOCUTANEOUS SYNDROME 1; CFC1"
    }
  }],
  "metaData": {
    "createdBy": "Hpo Case Annotator : 1.0.13-SNAPSHOT",
    "submittedBy": "HPO:probinson",
    "resources": [{
      "id": "hp",
      "name": "human phenotype ontology",
      "url": "http://purl.obolibrary.org/obo/hp.owl",
      "version": "2018-03-08",
      "namespacePrefix": "HP",
      "iriPrefix": "http://purl.obolibrary.org/obo/HP_"
    }, {
      "id": "pato",
      "name": "Phenotype And Trait Ontology",
      "url": "http://purl.obolibrary.org/obo/pato.owl",
      "version": "2018-03-28",
      "namespacePrefix": "PATO",
      "iriPrefix": "http://purl.obolibrary.org/obo/PATO_"
    }, {
      "id": "geno",
      "name": "Genotype Ontology",
      "url": "http://purl.obolibrary.org/obo/geno.owl",
      "version": "19-03-2018",
      "namespacePrefix": "GENO",
      "iriPrefix": "http://purl.obolibrary.org/obo/GENO_"
    }, {
      "id": "ncbitaxon",
      "name": "NCBI organismal classification",
      "url": "http://purl.obolibrary.org/obo/ncbitaxon.owl",
      "version": "2018-03-02",
      "namespacePrefix": "NCBITaxon"
    }, {
      "id": "eco",
      "name": "Evidence and Conclusion Ontology",
      "url": "http://purl.obolibrary.org/obo/eco.owl",
      "version": "2018-11-10",
      "namespacePrefix": "ECO",
      "iriPrefix": "http://purl.obolibrary.org/obo/ECO_"
    }, {
      "id": "omim",
      "name": "Online Mendelian Inheritance in Man",
      "url": "https://www.omim.org",
      "namespacePrefix": "OMIM"
    }],
    "phenopacketSchemaVersion": "1.0.0-RC3",
    "externalReferences": [{
      "id": "PMID:16474404",
      "description": "Germline KRAS and BRAF mutations in cardio-facio-cutaneous syndrome"
    }]
  }
}