{
  "id": "PMID:26239674-Ning-2015-MEN1-III-3",
  "subject": {
    "id": "III-3",
    "ageAtCollection": {
      "age": "P54Y"
    },
    "sex": "FEMALE",
    "taxonomy": {
      "id": "NCBITaxon:9606",
      "label": "Homo sapiens"
    }
  },
  "phenotypicFeatures": [{
    "type": {
      "id": "HP:0011748",
      "label": "Adrenocorticotropic hormone deficiency"
    },
    "evidence": [{
      "evidenceCode": {
        "id": "ECO:0000033",
        "label": "author statement supported by traceable reference"
      },
      "reference": {
        "id": "PMID:26239674",
        "description": "MEN1 c"
      }
    }]
  }, {
    "type": {
      "id": "HP:0012587",
      "label": "Macroscopic hematuria"
    },
    "evidence": [{
      "evidenceCode": {
        "id": "ECO:0000033",
        "label": "author statement supported by traceable reference"
      },
      "reference": {
        "id": "PMID:26239674",
        "description": "MEN1 c"
      }
    }]
  }, {
    "type": {
      "id": "HP:0100829",
      "label": "Galactorrhea"
    },
    "evidence": [{
      "evidenceCode": {
        "id": "ECO:0000033",
        "label": "author statement supported by traceable reference"
      },
      "reference": {
        "id": "PMID:26239674",
        "description": "MEN1 c"
      }
    }]
  }, {
    "type": {
      "id": "HP:0002315",
      "label": "Headache"
    },
    "evidence": [{
      "evidenceCode": {
        "id": "ECO:0000033",
        "label": "author statement supported by traceable reference"
      },
      "reference": {
        "id": "PMID:26239674",
        "description": "MEN1 c"
      }
    }]
  }, {
    "type": {
      "id": "HP:0002588",
      "label": "Duodenal ulcer"
    },
    "evidence": [{
      "evidenceCode": {
        "id": "ECO:0000033",
        "label": "author statement supported by traceable reference"
      },
      "reference": {
        "id": "PMID:26239674",
        "description": "MEN1 c"
      }
    }]
  }, {
    "type": {
      "id": "HP:0100522",
      "label": "Thymoma"
    },
    "evidence": [{
      "evidenceCode": {
        "id": "ECO:0000033",
        "label": "author statement supported by traceable reference"
      },
      "reference": {
        "id": "PMID:26239674",
        "description": "MEN1 c"
      }
    }]
  }, {
    "type": {
      "id": "HP:0500167",
      "label": "Hypergastrinemia"
    },
    "evidence": [{
      "evidenceCode": {
        "id": "ECO:0000033",
        "label": "author statement supported by traceable reference"
      },
      "reference": {
        "id": "PMID:26239674",
        "description": "MEN1 c"
      }
    }]
  }, {
    "type": {
      "id": "HP:0003418",
      "label": "Back pain"
    },
    "evidence": [{
      "evidenceCode": {
        "id": "ECO:0000033",
        "label": "author statement supported by traceable reference"
      },
      "reference": {
        "id": "PMID:26239674",
        "description": "MEN1 c"
      }
    }]
  }, {
    "type": {
      "id": "HP:0000869",
      "label": "Secondary amenorrhea"
    },
    "evidence": [{
      "evidenceCode": {
        "id": "ECO:0000033",
        "label": "author statement supported by traceable reference"
      },
      "reference": {
        "id": "PMID:26239674",
        "description": "MEN1 c"
      }
    }]
  }, {
    "type": {
      "id": "HP:0002893",
      "label": "Pituitary adenoma"
    },
    "evidence": [{
      "evidenceCode": {
        "id": "ECO:0000033",
        "label": "author statement supported by traceable reference"
      },
      "reference": {
        "id": "PMID:26239674",
        "description": "MEN1 c"
      }
    }]
  }, {
    "type": {
      "id": "HP:0000787",
      "label": "Nephrolithiasis"
    },
    "negated": true,
    "evidence": [{
      "evidenceCode": {
        "id": "ECO:0000033",
        "label": "author statement supported by traceable reference"
      },
      "reference": {
        "id": "PMID:26239674",
        "description": "MEN1 c"
      }
    }]
  }, {
    "type": {
      "id": "HP:0003165",
      "label": "Elevated circulating parathyroid hormone level"
    },
    "evidence": [{
      "evidenceCode": {
        "id": "ECO:0000033",
        "label": "author statement supported by traceable reference"
      },
      "reference": {
        "id": "PMID:26239674",
        "description": "MEN1 c"
      }
    }]
  }, {
    "type": {
      "id": "HP:0100634",
      "label": "Neuroendocrine neoplasm"
    },
    "evidence": [{
      "evidenceCode": {
        "id": "ECO:0000033",
        "label": "author statement supported by traceable reference"
      },
      "reference": {
        "id": "PMID:26239674",
        "description": "MEN1 c"
      }
    }]
  }, {
    "type": {
      "id": "HP:0008200",
      "label": "Primary hyperparathyroidism"
    },
    "evidence": [{
      "evidenceCode": {
        "id": "ECO:0000033",
        "label": "author statement supported by traceable reference"
      },
      "reference": {
        "id": "PMID:26239674",
        "description": "MEN1 c"
      }
    }]
  }, {
    "type": {
      "id": "HP:0100570",
      "label": "Carcinoid tumor"
    },
    "evidence": [{
      "evidenceCode": {
        "id": "ECO:0000033",
        "label": "author statement supported by traceable reference"
      },
      "reference": {
        "id": "PMID:26239674",
        "description": "MEN1 c"
      }
    }]
  }],
  "genes": [{
    "id": "NCBIGene:4221",
    "symbol": "MEN1"
  }],
  "variants": [{
    "vcfAllele": {
      "genomeAssembly": "GRCh37",
      "chr": "11",
      "pos": 64574571,
      "ref": "C",
      "alt": "T"
    },
    "zygosity": {
      "id": "GENO:0000135",
      "label": "heterozygous"
    }
  }],
  "diseases": [{
    "term": {
      "id": "OMIM:131100",
      "label": "MULTIPLE ENDOCRINE NEOPLASIA, TYPE I; MEN1"
    }
  }],
  "metaData": {
    "createdBy": "Hpo Case Annotator : 1.0.13-SNAPSHOT",
    "submittedBy": "HPO:probinson",
    "resources": [{
      "id": "hp",
      "name": "human phenotype ontology",
      "url": "http://purl.obolibrary.org/obo/hp.owl",
      "version": "2018-03-08",
      "namespacePrefix": "HP",
      "iriPrefix": "http://purl.obolibrary.org/obo/HP_"
    }, {
      "id": "pato",
      "name": "Phenotype And Trait Ontology",
      "url": "http://purl.obolibrary.org/obo/pato.owl",
      "version": "2018-03-28",
      "namespacePrefix": "PATO",
      "iriPrefix": "http://purl.obolibrary.org/obo/PATO_"
    }, {
      "id": "geno",
      "name": "Genotype Ontology",
      "url": "http://purl.obolibrary.org/obo/geno.owl",
      "version": "19-03-2018",
      "namespacePrefix": "GENO",
      "iriPrefix": "http://purl.obolibrary.org/obo/GENO_"
    }, {
      "id": "ncbitaxon",
      "name": "NCBI organismal classification",
      "url": "http://purl.obolibrary.org/obo/ncbitaxon.owl",
      "version": "2018-03-02",
      "namespacePrefix": "NCBITaxon"
    }, {
      "id": "eco",
      "name": "Evidence and Conclusion Ontology",
      "url": "http://purl.obolibrary.org/obo/eco.owl",
      "version": "2018-11-10",
      "namespacePrefix": "ECO",
      "iriPrefix": "http://purl.obolibrary.org/obo/ECO_"
    }, {
      "id": "omim",
      "name": "Online Mendelian Inheritance in Man",
      "url": "https://www.omim.org",
      "namespacePrefix": "OMIM"
    }],
    "phenopacketSchemaVersion": "1.0.0-RC3",
    "externalReferences": [{
      "id": "PMID:26239674",
      "description": "MEN1 c"
    }]
  }
}