{
  "id": "PMID:30746398-Noch-2017-ATP13A2-Case_1",
  "subject": {
    "id": "Case 1",
    "ageAtCollection": {
      "age": "P30Y"
    },
    "sex": "MALE",
    "taxonomy": {
      "id": "NCBITaxon:9606",
      "label": "Homo sapiens"
    }
  },
  "phenotypicFeatures": [{
    "type": {
      "id": "HP:0001347",
      "label": "Hyperreflexia"
    },
    "evidence": [{
      "evidenceCode": {
        "id": "ECO:0000033",
        "label": "author statement supported by traceable reference"
      },
      "reference": {
        "id": "PMID:30746398",
        "description": "Kufor-Rakeb Syndrome Due to a Novel ATP13A2 Mutation in 2 Chinese-American Brothers"
      }
    }]
  }, {
    "type": {
      "id": "HP:0001288",
      "label": "Gait disturbance"
    },
    "evidence": [{
      "evidenceCode": {
        "id": "ECO:0000033",
        "label": "author statement supported by traceable reference"
      },
      "reference": {
        "id": "PMID:30746398",
        "description": "Kufor-Rakeb Syndrome Due to a Novel ATP13A2 Mutation in 2 Chinese-American Brothers"
      }
    }]
  }, {
    "type": {
      "id": "HP:0001260",
      "label": "Dysarthria"
    },
    "evidence": [{
      "evidenceCode": {
        "id": "ECO:0000033",
        "label": "author statement supported by traceable reference"
      },
      "reference": {
        "id": "PMID:30746398",
        "description": "Kufor-Rakeb Syndrome Due to a Novel ATP13A2 Mutation in 2 Chinese-American Brothers"
      }
    }]
  }, {
    "type": {
      "id": "HP:0000338",
      "label": "Hypomimic face"
    },
    "evidence": [{
      "evidenceCode": {
        "id": "ECO:0000033",
        "label": "author statement supported by traceable reference"
      },
      "reference": {
        "id": "PMID:30746398",
        "description": "Kufor-Rakeb Syndrome Due to a Novel ATP13A2 Mutation in 2 Chinese-American Brothers"
      }
    }]
  }, {
    "type": {
      "id": "HP:0004322",
      "label": "Short stature"
    },
    "evidence": [{
      "evidenceCode": {
        "id": "ECO:0000033",
        "label": "author statement supported by traceable reference"
      },
      "reference": {
        "id": "PMID:30746398",
        "description": "Kufor-Rakeb Syndrome Due to a Novel ATP13A2 Mutation in 2 Chinese-American Brothers"
      }
    }]
  }, {
    "type": {
      "id": "HP:0000278",
      "label": "Retrognathia"
    },
    "evidence": [{
      "evidenceCode": {
        "id": "ECO:0000033",
        "label": "author statement supported by traceable reference"
      },
      "reference": {
        "id": "PMID:30746398",
        "description": "Kufor-Rakeb Syndrome Due to a Novel ATP13A2 Mutation in 2 Chinese-American Brothers"
      }
    }]
  }, {
    "type": {
      "id": "HP:0025331",
      "label": "Upgaze palsy"
    },
    "evidence": [{
      "evidenceCode": {
        "id": "ECO:0000033",
        "label": "author statement supported by traceable reference"
      },
      "reference": {
        "id": "PMID:30746398",
        "description": "Kufor-Rakeb Syndrome Due to a Novel ATP13A2 Mutation in 2 Chinese-American Brothers"
      }
    }]
  }, {
    "type": {
      "id": "HP:0002064",
      "label": "Spastic gait"
    },
    "evidence": [{
      "evidenceCode": {
        "id": "ECO:0000033",
        "label": "author statement supported by traceable reference"
      },
      "reference": {
        "id": "PMID:30746398",
        "description": "Kufor-Rakeb Syndrome Due to a Novel ATP13A2 Mutation in 2 Chinese-American Brothers"
      }
    }]
  }, {
    "type": {
      "id": "HP:0000369",
      "label": "Low-set ears"
    },
    "evidence": [{
      "evidenceCode": {
        "id": "ECO:0000033",
        "label": "author statement supported by traceable reference"
      },
      "reference": {
        "id": "PMID:30746398",
        "description": "Kufor-Rakeb Syndrome Due to a Novel ATP13A2 Mutation in 2 Chinese-American Brothers"
      }
    }]
  }, {
    "type": {
      "id": "HP:0002067",
      "label": "Bradykinesia"
    },
    "evidence": [{
      "evidenceCode": {
        "id": "ECO:0000033",
        "label": "author statement supported by traceable reference"
      },
      "reference": {
        "id": "PMID:30746398",
        "description": "Kufor-Rakeb Syndrome Due to a Novel ATP13A2 Mutation in 2 Chinese-American Brothers"
      }
    }]
  }, {
    "type": {
      "id": "HP:0100660",
      "label": "Dyskinesia"
    },
    "negated": true,
    "evidence": [{
      "evidenceCode": {
        "id": "ECO:0000033",
        "label": "author statement supported by traceable reference"
      },
      "reference": {
        "id": "PMID:30746398",
        "description": "Kufor-Rakeb Syndrome Due to a Novel ATP13A2 Mutation in 2 Chinese-American Brothers"
      }
    }]
  }, {
    "type": {
      "id": "HP:0002063",
      "label": "Rigidity"
    },
    "evidence": [{
      "evidenceCode": {
        "id": "ECO:0000033",
        "label": "author statement supported by traceable reference"
      },
      "reference": {
        "id": "PMID:30746398",
        "description": "Kufor-Rakeb Syndrome Due to a Novel ATP13A2 Mutation in 2 Chinese-American Brothers"
      }
    }]
  }],
  "genes": [{
    "id": "NCBIGene:23400",
    "symbol": "ATP13A2"
  }],
  "variants": [{
    "vcfAllele": {
      "genomeAssembly": "GRCh37",
      "chr": "1",
      "pos": 17322554,
      "ref": "G",
      "alt": "A"
    },
    "zygosity": {
      "id": "GENO:0000136",
      "label": "homozygous"
    }
  }],
  "diseases": [{
    "term": {
      "id": "OMIM:606693",
      "label": "KUFOR-RAKEB SYNDROME; KRS"
    }
  }],
  "metaData": {
    "createdBy": "Hpo Case Annotator : 1.0.13-SNAPSHOT",
    "submittedBy": "HPO:probinson",
    "resources": [{
      "id": "hp",
      "name": "human phenotype ontology",
      "url": "http://purl.obolibrary.org/obo/hp.owl",
      "version": "2018-03-08",
      "namespacePrefix": "HP",
      "iriPrefix": "http://purl.obolibrary.org/obo/HP_"
    }, {
      "id": "pato",
      "name": "Phenotype And Trait Ontology",
      "url": "http://purl.obolibrary.org/obo/pato.owl",
      "version": "2018-03-28",
      "namespacePrefix": "PATO",
      "iriPrefix": "http://purl.obolibrary.org/obo/PATO_"
    }, {
      "id": "geno",
      "name": "Genotype Ontology",
      "url": "http://purl.obolibrary.org/obo/geno.owl",
      "version": "19-03-2018",
      "namespacePrefix": "GENO",
      "iriPrefix": "http://purl.obolibrary.org/obo/GENO_"
    }, {
      "id": "ncbitaxon",
      "name": "NCBI organismal classification",
      "url": "http://purl.obolibrary.org/obo/ncbitaxon.owl",
      "version": "2018-03-02",
      "namespacePrefix": "NCBITaxon"
    }, {
      "id": "eco",
      "name": "Evidence and Conclusion Ontology",
      "url": "http://purl.obolibrary.org/obo/eco.owl",
      "version": "2018-11-10",
      "namespacePrefix": "ECO",
      "iriPrefix": "http://purl.obolibrary.org/obo/ECO_"
    }, {
      "id": "omim",
      "name": "Online Mendelian Inheritance in Man",
      "url": "https://www.omim.org",
      "namespacePrefix": "OMIM"
    }],
    "phenopacketSchemaVersion": "1.0.0-RC3",
    "externalReferences": [{
      "id": "PMID:30746398",
      "description": "Kufor-Rakeb Syndrome Due to a Novel ATP13A2 Mutation in 2 Chinese-American Brothers"
    }]
  }
}