{
  "id": "PMID:22560515-Ockeloen-2012-CFL2-_Patient_1",
  "subject": {
    "id": " Patient 1",
    "ageAtCollection": {
      "age": "P21Y"
    },
    "sex": "FEMALE",
    "taxonomy": {
      "id": "NCBITaxon:9606",
      "label": "Homo sapiens"
    }
  },
  "phenotypicFeatures": [{
    "type": {
      "id": "HP:0002751",
      "label": "Kyphoscoliosis"
    },
    "evidence": [{
      "evidenceCode": {
        "id": "ECO:0000033",
        "label": "author statement supported by traceable reference"
      },
      "reference": {
        "id": "PMID:22560515",
        "description": "Congenital myopathy caused by a novel missense mutation in the CFL2 gene"
      }
    }]
  }, {
    "type": {
      "id": "HP:0001324",
      "label": "Muscle weakness"
    },
    "evidence": [{
      "evidenceCode": {
        "id": "ECO:0000033",
        "label": "author statement supported by traceable reference"
      },
      "reference": {
        "id": "PMID:22560515",
        "description": "Congenital myopathy caused by a novel missense mutation in the CFL2 gene"
      }
    }]
  }, {
    "type": {
      "id": "HP:0000467",
      "label": "Neck muscle weakness"
    },
    "evidence": [{
      "evidenceCode": {
        "id": "ECO:0000033",
        "label": "author statement supported by traceable reference"
      },
      "reference": {
        "id": "PMID:22560515",
        "description": "Congenital myopathy caused by a novel missense mutation in the CFL2 gene"
      }
    }]
  }, {
    "type": {
      "id": "HP:0000218",
      "label": "High palate"
    },
    "evidence": [{
      "evidenceCode": {
        "id": "ECO:0000033",
        "label": "author statement supported by traceable reference"
      },
      "reference": {
        "id": "PMID:22560515",
        "description": "Congenital myopathy caused by a novel missense mutation in the CFL2 gene"
      }
    }]
  }, {
    "type": {
      "id": "HP:0003391",
      "label": "Gowers sign"
    },
    "evidence": [{
      "evidenceCode": {
        "id": "ECO:0000033",
        "label": "author statement supported by traceable reference"
      },
      "reference": {
        "id": "PMID:22560515",
        "description": "Congenital myopathy caused by a novel missense mutation in the CFL2 gene"
      }
    }]
  }, {
    "type": {
      "id": "HP:0001623",
      "label": "Breech presentation"
    },
    "evidence": [{
      "evidenceCode": {
        "id": "ECO:0000033",
        "label": "author statement supported by traceable reference"
      },
      "reference": {
        "id": "PMID:22560515",
        "description": "Congenital myopathy caused by a novel missense mutation in the CFL2 gene"
      }
    }]
  }, {
    "type": {
      "id": "HP:0031936",
      "label": "Delayed ability to walk"
    },
    "evidence": [{
      "evidenceCode": {
        "id": "ECO:0000033",
        "label": "author statement supported by traceable reference"
      },
      "reference": {
        "id": "PMID:22560515",
        "description": "Congenital myopathy caused by a novel missense mutation in the CFL2 gene"
      }
    }]
  }, {
    "type": {
      "id": "HP:0040129",
      "label": "Abnormal nerve conduction velocity"
    },
    "negated": true,
    "evidence": [{
      "evidenceCode": {
        "id": "ECO:0000033",
        "label": "author statement supported by traceable reference"
      },
      "reference": {
        "id": "PMID:22560515",
        "description": "Congenital myopathy caused by a novel missense mutation in the CFL2 gene"
      }
    }]
  }, {
    "type": {
      "id": "HP:0006380",
      "label": "Knee flexion contracture"
    },
    "evidence": [{
      "evidenceCode": {
        "id": "ECO:0000033",
        "label": "author statement supported by traceable reference"
      },
      "reference": {
        "id": "PMID:22560515",
        "description": "Congenital myopathy caused by a novel missense mutation in the CFL2 gene"
      }
    }]
  }, {
    "type": {
      "id": "HP:0010546",
      "label": "Muscle fibrillation"
    },
    "evidence": [{
      "evidenceCode": {
        "id": "ECO:0000033",
        "label": "author statement supported by traceable reference"
      },
      "reference": {
        "id": "PMID:22560515",
        "description": "Congenital myopathy caused by a novel missense mutation in the CFL2 gene"
      }
    }]
  }, {
    "type": {
      "id": "HP:0001249",
      "label": "Intellectual disability"
    },
    "negated": true,
    "evidence": [{
      "evidenceCode": {
        "id": "ECO:0000033",
        "label": "author statement supported by traceable reference"
      },
      "reference": {
        "id": "PMID:22560515",
        "description": "Congenital myopathy caused by a novel missense mutation in the CFL2 gene"
      }
    }]
  }, {
    "type": {
      "id": "HP:0002747",
      "label": "Respiratory insufficiency due to muscle weakness"
    },
    "evidence": [{
      "evidenceCode": {
        "id": "ECO:0000033",
        "label": "author statement supported by traceable reference"
      },
      "reference": {
        "id": "PMID:22560515",
        "description": "Congenital myopathy caused by a novel missense mutation in the CFL2 gene"
      }
    }]
  }],
  "genes": [{
    "id": "NCBIGene:1073",
    "symbol": "CFL2"
  }],
  "variants": [{
    "vcfAllele": {
      "genomeAssembly": "GRCh37",
      "chr": "14",
      "pos": 35182752,
      "ref": "C",
      "alt": "T"
    },
    "zygosity": {
      "id": "GENO:0000136",
      "label": "homozygous"
    }
  }],
  "diseases": [{
    "term": {
      "id": "OMIM:610687",
      "label": "NEMALINE MYOPATHY 7; NEM7"
    }
  }],
  "metaData": {
    "createdBy": "Hpo Case Annotator : 1.0.13-SNAPSHOT",
    "submittedBy": "HPO:probinson",
    "resources": [{
      "id": "hp",
      "name": "human phenotype ontology",
      "url": "http://purl.obolibrary.org/obo/hp.owl",
      "version": "2018-03-08",
      "namespacePrefix": "HP",
      "iriPrefix": "http://purl.obolibrary.org/obo/HP_"
    }, {
      "id": "pato",
      "name": "Phenotype And Trait Ontology",
      "url": "http://purl.obolibrary.org/obo/pato.owl",
      "version": "2018-03-28",
      "namespacePrefix": "PATO",
      "iriPrefix": "http://purl.obolibrary.org/obo/PATO_"
    }, {
      "id": "geno",
      "name": "Genotype Ontology",
      "url": "http://purl.obolibrary.org/obo/geno.owl",
      "version": "19-03-2018",
      "namespacePrefix": "GENO",
      "iriPrefix": "http://purl.obolibrary.org/obo/GENO_"
    }, {
      "id": "ncbitaxon",
      "name": "NCBI organismal classification",
      "url": "http://purl.obolibrary.org/obo/ncbitaxon.owl",
      "version": "2018-03-02",
      "namespacePrefix": "NCBITaxon"
    }, {
      "id": "eco",
      "name": "Evidence and Conclusion Ontology",
      "url": "http://purl.obolibrary.org/obo/eco.owl",
      "version": "2018-11-10",
      "namespacePrefix": "ECO",
      "iriPrefix": "http://purl.obolibrary.org/obo/ECO_"
    }, {
      "id": "omim",
      "name": "Online Mendelian Inheritance in Man",
      "url": "https://www.omim.org",
      "namespacePrefix": "OMIM"
    }],
    "phenopacketSchemaVersion": "1.0.0-RC3",
    "externalReferences": [{
      "id": "PMID:22560515",
      "description": "Congenital myopathy caused by a novel missense mutation in the CFL2 gene"
    }]
  }
}