{
  "id": "PMID:28132690-Oud-2017-EXTL3-B:II-2",
  "subject": {
    "id": "B:II-2",
    "ageAtCollection": {
      "age": "P3M"
    },
    "sex": "FEMALE",
    "taxonomy": {
      "id": "NCBITaxon:9606",
      "label": "Homo sapiens"
    }
  },
  "phenotypicFeatures": [{
    "type": {
      "id": "HP:0001631",
      "label": "Atrial septal defect"
    },
    "evidence": [{
      "evidenceCode": {
        "id": "ECO:0000033",
        "label": "author statement supported by traceable reference"
      },
      "reference": {
        "id": "PMID:28132690",
        "description": "Mutations in EXTL3 Cause Neuro-immuno-skeletal Dysplasia Syndrome"
      }
    }]
  }, {
    "type": {
      "id": "HP:0001830",
      "label": "Postaxial foot polydactyly"
    },
    "evidence": [{
      "evidenceCode": {
        "id": "ECO:0000033",
        "label": "author statement supported by traceable reference"
      },
      "reference": {
        "id": "PMID:28132690",
        "description": "Mutations in EXTL3 Cause Neuro-immuno-skeletal Dysplasia Syndrome"
      }
    }]
  }, {
    "type": {
      "id": "HP:0002652",
      "label": "Skeletal dysplasia"
    },
    "evidence": [{
      "evidenceCode": {
        "id": "ECO:0000033",
        "label": "author statement supported by traceable reference"
      },
      "reference": {
        "id": "PMID:28132690",
        "description": "Mutations in EXTL3 Cause Neuro-immuno-skeletal Dysplasia Syndrome"
      }
    }]
  }, {
    "type": {
      "id": "HP:0002987",
      "label": "Elbow flexion contracture"
    },
    "evidence": [{
      "evidenceCode": {
        "id": "ECO:0000033",
        "label": "author statement supported by traceable reference"
      },
      "reference": {
        "id": "PMID:28132690",
        "description": "Mutations in EXTL3 Cause Neuro-immuno-skeletal Dysplasia Syndrome"
      }
    }]
  }, {
    "type": {
      "id": "HP:0002509",
      "label": "Limb hypertonia"
    },
    "evidence": [{
      "evidenceCode": {
        "id": "ECO:0000033",
        "label": "author statement supported by traceable reference"
      },
      "reference": {
        "id": "PMID:28132690",
        "description": "Mutations in EXTL3 Cause Neuro-immuno-skeletal Dysplasia Syndrome"
      }
    }]
  }, {
    "type": {
      "id": "HP:0000252",
      "label": "Microcephaly"
    },
    "evidence": [{
      "evidenceCode": {
        "id": "ECO:0000033",
        "label": "author statement supported by traceable reference"
      },
      "reference": {
        "id": "PMID:28132690",
        "description": "Mutations in EXTL3 Cause Neuro-immuno-skeletal Dysplasia Syndrome"
      }
    }]
  }, {
    "type": {
      "id": "HP:0000160",
      "label": "Narrow mouth"
    },
    "evidence": [{
      "evidenceCode": {
        "id": "ECO:0000033",
        "label": "author statement supported by traceable reference"
      },
      "reference": {
        "id": "PMID:28132690",
        "description": "Mutations in EXTL3 Cause Neuro-immuno-skeletal Dysplasia Syndrome"
      }
    }]
  }, {
    "type": {
      "id": "HP:0004554",
      "label": "Generalized hypertrichosis"
    },
    "evidence": [{
      "evidenceCode": {
        "id": "ECO:0000033",
        "label": "author statement supported by traceable reference"
      },
      "reference": {
        "id": "PMID:28132690",
        "description": "Mutations in EXTL3 Cause Neuro-immuno-skeletal Dysplasia Syndrome"
      }
    }]
  }, {
    "type": {
      "id": "HP:0002194",
      "label": "Delayed gross motor development"
    },
    "evidence": [{
      "evidenceCode": {
        "id": "ECO:0000033",
        "label": "author statement supported by traceable reference"
      },
      "reference": {
        "id": "PMID:28132690",
        "description": "Mutations in EXTL3 Cause Neuro-immuno-skeletal Dysplasia Syndrome"
      }
    }]
  }, {
    "type": {
      "id": "HP:0040089",
      "label": "Abnormal natural killer cell count"
    },
    "evidence": [{
      "evidenceCode": {
        "id": "ECO:0000033",
        "label": "author statement supported by traceable reference"
      },
      "reference": {
        "id": "PMID:28132690",
        "description": "Mutations in EXTL3 Cause Neuro-immuno-skeletal Dysplasia Syndrome"
      }
    }]
  }, {
    "type": {
      "id": "HP:0008936",
      "label": "Muscular hypotonia of the trunk"
    },
    "evidence": [{
      "evidenceCode": {
        "id": "ECO:0000033",
        "label": "author statement supported by traceable reference"
      },
      "reference": {
        "id": "PMID:28132690",
        "description": "Mutations in EXTL3 Cause Neuro-immuno-skeletal Dysplasia Syndrome"
      }
    }]
  }, {
    "type": {
      "id": "HP:0002521",
      "label": "Hypsarrhythmia"
    },
    "evidence": [{
      "evidenceCode": {
        "id": "ECO:0000033",
        "label": "author statement supported by traceable reference"
      },
      "reference": {
        "id": "PMID:28132690",
        "description": "Mutations in EXTL3 Cause Neuro-immuno-skeletal Dysplasia Syndrome"
      }
    }]
  }, {
    "type": {
      "id": "HP:0001250",
      "label": "Seizures"
    },
    "evidence": [{
      "evidenceCode": {
        "id": "ECO:0000033",
        "label": "author statement supported by traceable reference"
      },
      "reference": {
        "id": "PMID:28132690",
        "description": "Mutations in EXTL3 Cause Neuro-immuno-skeletal Dysplasia Syndrome"
      }
    }]
  }, {
    "type": {
      "id": "HP:0002655",
      "label": "Spondyloepiphyseal dysplasia"
    },
    "evidence": [{
      "evidenceCode": {
        "id": "ECO:0000033",
        "label": "author statement supported by traceable reference"
      },
      "reference": {
        "id": "PMID:28132690",
        "description": "Mutations in EXTL3 Cause Neuro-immuno-skeletal Dysplasia Syndrome"
      }
    }]
  }, {
    "type": {
      "id": "HP:0001276",
      "label": "Hypertonia"
    },
    "evidence": [{
      "evidenceCode": {
        "id": "ECO:0000033",
        "label": "author statement supported by traceable reference"
      },
      "reference": {
        "id": "PMID:28132690",
        "description": "Mutations in EXTL3 Cause Neuro-immuno-skeletal Dysplasia Syndrome"
      }
    }]
  }, {
    "type": {
      "id": "HP:0005387",
      "label": "Combined immunodeficiency"
    },
    "evidence": [{
      "evidenceCode": {
        "id": "ECO:0000033",
        "label": "author statement supported by traceable reference"
      },
      "reference": {
        "id": "PMID:28132690",
        "description": "Mutations in EXTL3 Cause Neuro-immuno-skeletal Dysplasia Syndrome"
      }
    }]
  }, {
    "type": {
      "id": "HP:0001671",
      "label": "Abnormal cardiac septum morphology"
    },
    "evidence": [{
      "evidenceCode": {
        "id": "ECO:0000033",
        "label": "author statement supported by traceable reference"
      },
      "reference": {
        "id": "PMID:28132690",
        "description": "Mutations in EXTL3 Cause Neuro-immuno-skeletal Dysplasia Syndrome"
      }
    }]
  }, {
    "type": {
      "id": "HP:0012736",
      "label": "Profound global developmental delay"
    },
    "evidence": [{
      "evidenceCode": {
        "id": "ECO:0000033",
        "label": "author statement supported by traceable reference"
      },
      "reference": {
        "id": "PMID:28132690",
        "description": "Mutations in EXTL3 Cause Neuro-immuno-skeletal Dysplasia Syndrome"
      }
    }]
  }, {
    "type": {
      "id": "HP:0001177",
      "label": "Preaxial hand polydactyly"
    },
    "evidence": [{
      "evidenceCode": {
        "id": "ECO:0000033",
        "label": "author statement supported by traceable reference"
      },
      "reference": {
        "id": "PMID:28132690",
        "description": "Mutations in EXTL3 Cause Neuro-immuno-skeletal Dysplasia Syndrome"
      }
    }]
  }, {
    "type": {
      "id": "HP:0100878",
      "label": "Enlarged uterus"
    },
    "evidence": [{
      "evidenceCode": {
        "id": "ECO:0000033",
        "label": "author statement supported by traceable reference"
      },
      "reference": {
        "id": "PMID:28132690",
        "description": "Mutations in EXTL3 Cause Neuro-immuno-skeletal Dysplasia Syndrome"
      }
    }]
  }, {
    "type": {
      "id": "HP:0001880",
      "label": "Eosinophilia"
    },
    "evidence": [{
      "evidenceCode": {
        "id": "ECO:0000033",
        "label": "author statement supported by traceable reference"
      },
      "reference": {
        "id": "PMID:28132690",
        "description": "Mutations in EXTL3 Cause Neuro-immuno-skeletal Dysplasia Syndrome"
      }
    }]
  }, {
    "type": {
      "id": "HP:0000998",
      "label": "Hypertrichosis"
    },
    "evidence": [{
      "evidenceCode": {
        "id": "ECO:0000033",
        "label": "author statement supported by traceable reference"
      },
      "reference": {
        "id": "PMID:28132690",
        "description": "Mutations in EXTL3 Cause Neuro-immuno-skeletal Dysplasia Syndrome"
      }
    }]
  }, {
    "type": {
      "id": "HP:0001999",
      "label": "Abnormal facial shape"
    },
    "evidence": [{
      "evidenceCode": {
        "id": "ECO:0000033",
        "label": "author statement supported by traceable reference"
      },
      "reference": {
        "id": "PMID:28132690",
        "description": "Mutations in EXTL3 Cause Neuro-immuno-skeletal Dysplasia Syndrome"
      }
    }]
  }, {
    "type": {
      "id": "HP:0001156",
      "label": "Brachydactyly"
    },
    "evidence": [{
      "evidenceCode": {
        "id": "ECO:0000033",
        "label": "author statement supported by traceable reference"
      },
      "reference": {
        "id": "PMID:28132690",
        "description": "Mutations in EXTL3 Cause Neuro-immuno-skeletal Dysplasia Syndrome"
      }
    }]
  }, {
    "type": {
      "id": "HP:0005422",
      "label": "Absence of CD8-positive T cells"
    },
    "evidence": [{
      "evidenceCode": {
        "id": "ECO:0000033",
        "label": "author statement supported by traceable reference"
      },
      "reference": {
        "id": "PMID:28132690",
        "description": "Mutations in EXTL3 Cause Neuro-immuno-skeletal Dysplasia Syndrome"
      }
    }]
  }, {
    "type": {
      "id": "HP:0004430",
      "label": "Severe combined immunodeficiency"
    },
    "evidence": [{
      "evidenceCode": {
        "id": "ECO:0000033",
        "label": "author statement supported by traceable reference"
      },
      "reference": {
        "id": "PMID:28132690",
        "description": "Mutations in EXTL3 Cause Neuro-immuno-skeletal Dysplasia Syndrome"
      }
    }]
  }, {
    "type": {
      "id": "HP:0001019",
      "label": "Erythroderma"
    },
    "evidence": [{
      "evidenceCode": {
        "id": "ECO:0000033",
        "label": "author statement supported by traceable reference"
      },
      "reference": {
        "id": "PMID:28132690",
        "description": "Mutations in EXTL3 Cause Neuro-immuno-skeletal Dysplasia Syndrome"
      }
    }]
  }, {
    "type": {
      "id": "HP:0000639",
      "label": "Nystagmus"
    },
    "evidence": [{
      "evidenceCode": {
        "id": "ECO:0000033",
        "label": "author statement supported by traceable reference"
      },
      "reference": {
        "id": "PMID:28132690",
        "description": "Mutations in EXTL3 Cause Neuro-immuno-skeletal Dysplasia Syndrome"
      }
    }]
  }],
  "genes": [{
    "id": "NCBIGene:2137",
    "symbol": "EXTL3"
  }],
  "variants": [{
    "vcfAllele": {
      "genomeAssembly": "GRCh37",
      "chr": "8",
      "pos": 28575584,
      "ref": "T",
      "alt": "G"
    },
    "zygosity": {
      "id": "GENO:0000136",
      "label": "homozygous"
    }
  }],
  "diseases": [{
    "term": {
      "id": "OMIM:617425",
      "label": "Immunoskeletal dysplasia with neurodevelopmental abnormalities"
    }
  }],
  "metaData": {
    "createdBy": "Hpo Case Annotator : 1.0.14-SNAPSHOT",
    "submittedBy": "UNC:biocuration",
    "resources": [{
      "id": "hp",
      "name": "human phenotype ontology",
      "url": "http://purl.obolibrary.org/obo/hp.owl",
      "version": "2018-03-08",
      "namespacePrefix": "HP",
      "iriPrefix": "http://purl.obolibrary.org/obo/HP_"
    }, {
      "id": "pato",
      "name": "Phenotype And Trait Ontology",
      "url": "http://purl.obolibrary.org/obo/pato.owl",
      "version": "2018-03-28",
      "namespacePrefix": "PATO",
      "iriPrefix": "http://purl.obolibrary.org/obo/PATO_"
    }, {
      "id": "geno",
      "name": "Genotype Ontology",
      "url": "http://purl.obolibrary.org/obo/geno.owl",
      "version": "19-03-2018",
      "namespacePrefix": "GENO",
      "iriPrefix": "http://purl.obolibrary.org/obo/GENO_"
    }, {
      "id": "ncbitaxon",
      "name": "NCBI organismal classification",
      "url": "http://purl.obolibrary.org/obo/ncbitaxon.owl",
      "version": "2018-03-02",
      "namespacePrefix": "NCBITaxon"
    }, {
      "id": "eco",
      "name": "Evidence and Conclusion Ontology",
      "url": "http://purl.obolibrary.org/obo/eco.owl",
      "version": "2018-11-10",
      "namespacePrefix": "ECO",
      "iriPrefix": "http://purl.obolibrary.org/obo/ECO_"
    }, {
      "id": "omim",
      "name": "Online Mendelian Inheritance in Man",
      "url": "https://www.omim.org",
      "namespacePrefix": "OMIM"
    }],
    "phenopacketSchemaVersion": "1.0.0-RC3",
    "externalReferences": [{
      "id": "PMID:28132690",
      "description": "Mutations in EXTL3 Cause Neuro-immuno-skeletal Dysplasia Syndrome"
    }]
  }
}