{
  "id": "PMID:28132690-Oud-2017-EXTL3-E:II-1",
  "subject": {
    "id": "E:II-1",
    "ageAtCollection": {
      "age": "P6M"
    },
    "sex": "MALE",
    "taxonomy": {
      "id": "NCBITaxon:9606",
      "label": "Homo sapiens"
    }
  },
  "phenotypicFeatures": [{
    "type": {
      "id": "HP:0000961",
      "label": "Cyanosis"
    },
    "evidence": [{
      "evidenceCode": {
        "id": "ECO:0000033",
        "label": "author statement supported by traceable reference"
      },
      "reference": {
        "id": "PMID:28132690",
        "description": "Mutations in EXTL3 Cause Neuro-immuno-skeletal Dysplasia Syndrome"
      }
    }]
  }, {
    "type": {
      "id": "HP:0002878",
      "label": "Respiratory failure"
    },
    "evidence": [{
      "evidenceCode": {
        "id": "ECO:0000033",
        "label": "author statement supported by traceable reference"
      },
      "reference": {
        "id": "PMID:28132690",
        "description": "Mutations in EXTL3 Cause Neuro-immuno-skeletal Dysplasia Syndrome"
      }
    }]
  }, {
    "type": {
      "id": "HP:0000110",
      "label": "Renal dysplasia"
    },
    "evidence": [{
      "evidenceCode": {
        "id": "ECO:0000033",
        "label": "author statement supported by traceable reference"
      },
      "reference": {
        "id": "PMID:28132690",
        "description": "Mutations in EXTL3 Cause Neuro-immuno-skeletal Dysplasia Syndrome"
      }
    }]
  }, {
    "type": {
      "id": "HP:0002104",
      "label": "Apnea"
    },
    "evidence": [{
      "evidenceCode": {
        "id": "ECO:0000033",
        "label": "author statement supported by traceable reference"
      },
      "reference": {
        "id": "PMID:28132690",
        "description": "Mutations in EXTL3 Cause Neuro-immuno-skeletal Dysplasia Syndrome"
      }
    }]
  }, {
    "type": {
      "id": "HP:0005352",
      "label": "Severe T-cell immunodeficiency"
    },
    "evidence": [{
      "evidenceCode": {
        "id": "ECO:0000033",
        "label": "author statement supported by traceable reference"
      },
      "reference": {
        "id": "PMID:28132690",
        "description": "Mutations in EXTL3 Cause Neuro-immuno-skeletal Dysplasia Syndrome"
      }
    }]
  }, {
    "type": {
      "id": "HP:0001336",
      "label": "Myoclonus"
    },
    "evidence": [{
      "evidenceCode": {
        "id": "ECO:0000033",
        "label": "author statement supported by traceable reference"
      },
      "reference": {
        "id": "PMID:28132690",
        "description": "Mutations in EXTL3 Cause Neuro-immuno-skeletal Dysplasia Syndrome"
      }
    }]
  }, {
    "type": {
      "id": "HP:0012211",
      "label": "Abnormal renal physiology"
    },
    "evidence": [{
      "evidenceCode": {
        "id": "ECO:0000033",
        "label": "author statement supported by traceable reference"
      },
      "reference": {
        "id": "PMID:28132690",
        "description": "Mutations in EXTL3 Cause Neuro-immuno-skeletal Dysplasia Syndrome"
      }
    }]
  }, {
    "type": {
      "id": "HP:0000976",
      "label": "Eczematoid dermatitis"
    },
    "evidence": [{
      "evidenceCode": {
        "id": "ECO:0000033",
        "label": "author statement supported by traceable reference"
      },
      "reference": {
        "id": "PMID:28132690",
        "description": "Mutations in EXTL3 Cause Neuro-immuno-skeletal Dysplasia Syndrome"
      }
    }]
  }, {
    "type": {
      "id": "HP:0000252",
      "label": "Microcephaly"
    },
    "evidence": [{
      "evidenceCode": {
        "id": "ECO:0000033",
        "label": "author statement supported by traceable reference"
      },
      "reference": {
        "id": "PMID:28132690",
        "description": "Mutations in EXTL3 Cause Neuro-immuno-skeletal Dysplasia Syndrome"
      }
    }]
  }, {
    "type": {
      "id": "HP:0010881",
      "label": "Abnormality of the umbilical cord"
    },
    "evidence": [{
      "evidenceCode": {
        "id": "ECO:0000033",
        "label": "author statement supported by traceable reference"
      },
      "reference": {
        "id": "PMID:28132690",
        "description": "Mutations in EXTL3 Cause Neuro-immuno-skeletal Dysplasia Syndrome"
      }
    }]
  }, {
    "type": {
      "id": "HP:0005484",
      "label": "Postnatal microcephaly"
    },
    "evidence": [{
      "evidenceCode": {
        "id": "ECO:0000033",
        "label": "author statement supported by traceable reference"
      },
      "reference": {
        "id": "PMID:28132690",
        "description": "Mutations in EXTL3 Cause Neuro-immuno-skeletal Dysplasia Syndrome"
      }
    }]
  }, {
    "type": {
      "id": "HP:0005943",
      "label": "Respiratory arrest"
    },
    "evidence": [{
      "evidenceCode": {
        "id": "ECO:0000033",
        "label": "author statement supported by traceable reference"
      },
      "reference": {
        "id": "PMID:28132690",
        "description": "Mutations in EXTL3 Cause Neuro-immuno-skeletal Dysplasia Syndrome"
      }
    }]
  }, {
    "type": {
      "id": "HP:0003121",
      "label": "Limb joint contracture"
    },
    "evidence": [{
      "evidenceCode": {
        "id": "ECO:0000033",
        "label": "author statement supported by traceable reference"
      },
      "reference": {
        "id": "PMID:28132690",
        "description": "Mutations in EXTL3 Cause Neuro-immuno-skeletal Dysplasia Syndrome"
      }
    }]
  }, {
    "type": {
      "id": "HP:0001999",
      "label": "Abnormal facial shape"
    },
    "evidence": [{
      "evidenceCode": {
        "id": "ECO:0000033",
        "label": "author statement supported by traceable reference"
      },
      "reference": {
        "id": "PMID:28132690",
        "description": "Mutations in EXTL3 Cause Neuro-immuno-skeletal Dysplasia Syndrome"
      }
    }]
  }, {
    "type": {
      "id": "HP:0011123",
      "label": "Inflammatory abnormality of the skin"
    },
    "evidence": [{
      "evidenceCode": {
        "id": "ECO:0000033",
        "label": "author statement supported by traceable reference"
      },
      "reference": {
        "id": "PMID:28132690",
        "description": "Mutations in EXTL3 Cause Neuro-immuno-skeletal Dysplasia Syndrome"
      }
    }]
  }, {
    "type": {
      "id": "HP:0002925",
      "label": "Increased thyroid-stimulating hormone level"
    },
    "evidence": [{
      "evidenceCode": {
        "id": "ECO:0000033",
        "label": "author statement supported by traceable reference"
      },
      "reference": {
        "id": "PMID:28132690",
        "description": "Mutations in EXTL3 Cause Neuro-immuno-skeletal Dysplasia Syndrome"
      }
    }]
  }, {
    "type": {
      "id": "HP:0031430",
      "label": "Oligoclonal T cell expansion"
    },
    "evidence": [{
      "evidenceCode": {
        "id": "ECO:0000033",
        "label": "author statement supported by traceable reference"
      },
      "reference": {
        "id": "PMID:28132690",
        "description": "Mutations in EXTL3 Cause Neuro-immuno-skeletal Dysplasia Syndrome"
      }
    }]
  }, {
    "type": {
      "id": "HP:0008936",
      "label": "Muscular hypotonia of the trunk"
    },
    "evidence": [{
      "evidenceCode": {
        "id": "ECO:0000033",
        "label": "author statement supported by traceable reference"
      },
      "reference": {
        "id": "PMID:28132690",
        "description": "Mutations in EXTL3 Cause Neuro-immuno-skeletal Dysplasia Syndrome"
      }
    }]
  }, {
    "type": {
      "id": "HP:0000821",
      "label": "Hypothyroidism"
    },
    "evidence": [{
      "evidenceCode": {
        "id": "ECO:0000033",
        "label": "author statement supported by traceable reference"
      },
      "reference": {
        "id": "PMID:28132690",
        "description": "Mutations in EXTL3 Cause Neuro-immuno-skeletal Dysplasia Syndrome"
      }
    }]
  }, {
    "type": {
      "id": "HP:0002721",
      "label": "Immunodeficiency"
    },
    "evidence": [{
      "evidenceCode": {
        "id": "ECO:0000033",
        "label": "author statement supported by traceable reference"
      },
      "reference": {
        "id": "PMID:28132690",
        "description": "Mutations in EXTL3 Cause Neuro-immuno-skeletal Dysplasia Syndrome"
      }
    }]
  }],
  "genes": [{
    "id": "NCBIGene:2137",
    "symbol": "EXTL3"
  }],
  "variants": [{
    "vcfAllele": {
      "genomeAssembly": "GRCh37",
      "chr": "8",
      "pos": 28575546,
      "ref": "A",
      "alt": "G"
    },
    "zygosity": {
      "id": "GENO:0000136",
      "label": "homozygous"
    }
  }],
  "diseases": [{
    "term": {
      "id": "OMIM:617425",
      "label": "Immunoskeletal dysplasia with neurodevelopmental abnormalities"
    }
  }],
  "metaData": {
    "createdBy": "Hpo Case Annotator : 1.0.14-SNAPSHOT",
    "submittedBy": "UNC:biocuration",
    "resources": [{
      "id": "hp",
      "name": "human phenotype ontology",
      "url": "http://purl.obolibrary.org/obo/hp.owl",
      "version": "2018-03-08",
      "namespacePrefix": "HP",
      "iriPrefix": "http://purl.obolibrary.org/obo/HP_"
    }, {
      "id": "pato",
      "name": "Phenotype And Trait Ontology",
      "url": "http://purl.obolibrary.org/obo/pato.owl",
      "version": "2018-03-28",
      "namespacePrefix": "PATO",
      "iriPrefix": "http://purl.obolibrary.org/obo/PATO_"
    }, {
      "id": "geno",
      "name": "Genotype Ontology",
      "url": "http://purl.obolibrary.org/obo/geno.owl",
      "version": "19-03-2018",
      "namespacePrefix": "GENO",
      "iriPrefix": "http://purl.obolibrary.org/obo/GENO_"
    }, {
      "id": "ncbitaxon",
      "name": "NCBI organismal classification",
      "url": "http://purl.obolibrary.org/obo/ncbitaxon.owl",
      "version": "2018-03-02",
      "namespacePrefix": "NCBITaxon"
    }, {
      "id": "eco",
      "name": "Evidence and Conclusion Ontology",
      "url": "http://purl.obolibrary.org/obo/eco.owl",
      "version": "2018-11-10",
      "namespacePrefix": "ECO",
      "iriPrefix": "http://purl.obolibrary.org/obo/ECO_"
    }, {
      "id": "omim",
      "name": "Online Mendelian Inheritance in Man",
      "url": "https://www.omim.org",
      "namespacePrefix": "OMIM"
    }],
    "phenopacketSchemaVersion": "1.0.0-RC3",
    "externalReferences": [{
      "id": "PMID:28132690",
      "description": "Mutations in EXTL3 Cause Neuro-immuno-skeletal Dysplasia Syndrome"
    }]
  }
}