{
  "id": "PMID:28132690-Oud-2017-EXTL3-BII-1",
  "subject": {
    "id": "BII-1",
    "ageAtCollection": {
      "age": "P8Y"
    },
    "sex": "MALE",
    "taxonomy": {
      "id": "NCBITaxon:9606",
      "label": "Homo sapiens"
    }
  },
  "phenotypicFeatures": [{
    "type": {
      "id": "HP:0005407",
      "label": "Decreased proportion of CD4-positive T cells"
    },
    "evidence": [{
      "evidenceCode": {
        "id": "ECO:0000033",
        "label": "author statement supported by traceable reference"
      },
      "reference": {
        "id": "PMID:28132690",
        "description": "Mutations in EXTL3 Cause Neuro-immuno-skeletal Dysplasia Syndrome"
      }
    }]
  }, {
    "type": {
      "id": "HP:0002987",
      "label": "Elbow flexion contracture"
    },
    "evidence": [{
      "evidenceCode": {
        "id": "ECO:0000033",
        "label": "author statement supported by traceable reference"
      },
      "reference": {
        "id": "PMID:28132690",
        "description": "Mutations in EXTL3 Cause Neuro-immuno-skeletal Dysplasia Syndrome"
      }
    }]
  }, {
    "type": {
      "id": "HP:0004313",
      "label": "Decreased antibody level in blood"
    },
    "evidence": [{
      "evidenceCode": {
        "id": "ECO:0000033",
        "label": "author statement supported by traceable reference"
      },
      "reference": {
        "id": "PMID:28132690",
        "description": "Mutations in EXTL3 Cause Neuro-immuno-skeletal Dysplasia Syndrome"
      }
    }]
  }, {
    "type": {
      "id": "HP:0009826",
      "label": "Limb undergrowth"
    },
    "evidence": [{
      "evidenceCode": {
        "id": "ECO:0000033",
        "label": "author statement supported by traceable reference"
      },
      "reference": {
        "id": "PMID:28132690",
        "description": "Mutations in EXTL3 Cause Neuro-immuno-skeletal Dysplasia Syndrome"
      }
    }]
  }, {
    "type": {
      "id": "HP:0000252",
      "label": "Microcephaly"
    },
    "evidence": [{
      "evidenceCode": {
        "id": "ECO:0000033",
        "label": "author statement supported by traceable reference"
      },
      "reference": {
        "id": "PMID:28132690",
        "description": "Mutations in EXTL3 Cause Neuro-immuno-skeletal Dysplasia Syndrome"
      }
    }]
  }, {
    "type": {
      "id": "HP:0003799",
      "label": "Marked delay in bone age"
    },
    "evidence": [{
      "evidenceCode": {
        "id": "ECO:0000033",
        "label": "author statement supported by traceable reference"
      },
      "reference": {
        "id": "PMID:28132690",
        "description": "Mutations in EXTL3 Cause Neuro-immuno-skeletal Dysplasia Syndrome"
      }
    }]
  }, {
    "type": {
      "id": "HP:0004322",
      "label": "Short stature"
    },
    "evidence": [{
      "evidenceCode": {
        "id": "ECO:0000033",
        "label": "author statement supported by traceable reference"
      },
      "reference": {
        "id": "PMID:28132690",
        "description": "Mutations in EXTL3 Cause Neuro-immuno-skeletal Dysplasia Syndrome"
      }
    }]
  }, {
    "type": {
      "id": "HP:0002750",
      "label": "Delayed skeletal maturation"
    },
    "evidence": [{
      "evidenceCode": {
        "id": "ECO:0000033",
        "label": "author statement supported by traceable reference"
      },
      "reference": {
        "id": "PMID:28132690",
        "description": "Mutations in EXTL3 Cause Neuro-immuno-skeletal Dysplasia Syndrome"
      }
    }]
  }, {
    "type": {
      "id": "HP:0005415",
      "label": "Decreased proportion of CD8-positive T cells"
    },
    "evidence": [{
      "evidenceCode": {
        "id": "ECO:0000033",
        "label": "author statement supported by traceable reference"
      },
      "reference": {
        "id": "PMID:28132690",
        "description": "Mutations in EXTL3 Cause Neuro-immuno-skeletal Dysplasia Syndrome"
      }
    }]
  }, {
    "type": {
      "id": "HP:0001276",
      "label": "Hypertonia"
    },
    "evidence": [{
      "evidenceCode": {
        "id": "ECO:0000033",
        "label": "author statement supported by traceable reference"
      },
      "reference": {
        "id": "PMID:28132690",
        "description": "Mutations in EXTL3 Cause Neuro-immuno-skeletal Dysplasia Syndrome"
      }
    }]
  }, {
    "type": {
      "id": "HP:0002655",
      "label": "Spondyloepiphyseal dysplasia"
    },
    "evidence": [{
      "evidenceCode": {
        "id": "ECO:0000033",
        "label": "author statement supported by traceable reference"
      },
      "reference": {
        "id": "PMID:28132690",
        "description": "Mutations in EXTL3 Cause Neuro-immuno-skeletal Dysplasia Syndrome"
      }
    }]
  }, {
    "type": {
      "id": "HP:0031141",
      "label": "Increased hepatic echogenicity"
    },
    "evidence": [{
      "evidenceCode": {
        "id": "ECO:0000033",
        "label": "author statement supported by traceable reference"
      },
      "reference": {
        "id": "PMID:28132690",
        "description": "Mutations in EXTL3 Cause Neuro-immuno-skeletal Dysplasia Syndrome"
      }
    }]
  }, {
    "type": {
      "id": "HP:0002788",
      "label": "Recurrent upper respiratory tract infections"
    },
    "evidence": [{
      "evidenceCode": {
        "id": "ECO:0000033",
        "label": "author statement supported by traceable reference"
      },
      "reference": {
        "id": "PMID:28132690",
        "description": "Mutations in EXTL3 Cause Neuro-immuno-skeletal Dysplasia Syndrome"
      }
    }]
  }, {
    "type": {
      "id": "HP:0011849",
      "label": "Abnormal bone ossification"
    },
    "evidence": [{
      "evidenceCode": {
        "id": "ECO:0000033",
        "label": "author statement supported by traceable reference"
      },
      "reference": {
        "id": "PMID:28132690",
        "description": "Mutations in EXTL3 Cause Neuro-immuno-skeletal Dysplasia Syndrome"
      }
    }]
  }, {
    "type": {
      "id": "HP:0000470",
      "label": "Short neck"
    },
    "evidence": [{
      "evidenceCode": {
        "id": "ECO:0000033",
        "label": "author statement supported by traceable reference"
      },
      "reference": {
        "id": "PMID:28132690",
        "description": "Mutations in EXTL3 Cause Neuro-immuno-skeletal Dysplasia Syndrome"
      }
    }]
  }, {
    "type": {
      "id": "HP:0001508",
      "label": "Failure to thrive"
    },
    "evidence": [{
      "evidenceCode": {
        "id": "ECO:0000033",
        "label": "author statement supported by traceable reference"
      },
      "reference": {
        "id": "PMID:28132690",
        "description": "Mutations in EXTL3 Cause Neuro-immuno-skeletal Dysplasia Syndrome"
      }
    }]
  }, {
    "type": {
      "id": "HP:0011344",
      "label": "Severe global developmental delay"
    },
    "evidence": [{
      "evidenceCode": {
        "id": "ECO:0000033",
        "label": "author statement supported by traceable reference"
      },
      "reference": {
        "id": "PMID:28132690",
        "description": "Mutations in EXTL3 Cause Neuro-immuno-skeletal Dysplasia Syndrome"
      }
    }]
  }, {
    "type": {
      "id": "HP:0004209",
      "label": "Clinodactyly of the 5th finger"
    },
    "evidence": [{
      "evidenceCode": {
        "id": "ECO:0000033",
        "label": "author statement supported by traceable reference"
      },
      "reference": {
        "id": "PMID:28132690",
        "description": "Mutations in EXTL3 Cause Neuro-immuno-skeletal Dysplasia Syndrome"
      }
    }]
  }, {
    "type": {
      "id": "HP:0001999",
      "label": "Abnormal facial shape"
    },
    "evidence": [{
      "evidenceCode": {
        "id": "ECO:0000033",
        "label": "author statement supported by traceable reference"
      },
      "reference": {
        "id": "PMID:28132690",
        "description": "Mutations in EXTL3 Cause Neuro-immuno-skeletal Dysplasia Syndrome"
      }
    }]
  }, {
    "type": {
      "id": "HP:0009237",
      "label": "Short 5th finger"
    },
    "evidence": [{
      "evidenceCode": {
        "id": "ECO:0000033",
        "label": "author statement supported by traceable reference"
      },
      "reference": {
        "id": "PMID:28132690",
        "description": "Mutations in EXTL3 Cause Neuro-immuno-skeletal Dysplasia Syndrome"
      }
    }]
  }, {
    "type": {
      "id": "HP:0005930",
      "label": "Abnormality of epiphysis morphology"
    },
    "evidence": [{
      "evidenceCode": {
        "id": "ECO:0000033",
        "label": "author statement supported by traceable reference"
      },
      "reference": {
        "id": "PMID:28132690",
        "description": "Mutations in EXTL3 Cause Neuro-immuno-skeletal Dysplasia Syndrome"
      }
    }]
  }, {
    "type": {
      "id": "HP:0001263",
      "label": "Global developmental delay"
    },
    "evidence": [{
      "evidenceCode": {
        "id": "ECO:0000033",
        "label": "author statement supported by traceable reference"
      },
      "reference": {
        "id": "PMID:28132690",
        "description": "Mutations in EXTL3 Cause Neuro-immuno-skeletal Dysplasia Syndrome"
      }
    }]
  }, {
    "type": {
      "id": "HP:0011097",
      "label": "Epileptic spasms"
    },
    "evidence": [{
      "evidenceCode": {
        "id": "ECO:0000033",
        "label": "author statement supported by traceable reference"
      },
      "reference": {
        "id": "PMID:28132690",
        "description": "Mutations in EXTL3 Cause Neuro-immuno-skeletal Dysplasia Syndrome"
      }
    }]
  }, {
    "type": {
      "id": "HP:0025502",
      "label": "Overweight"
    },
    "evidence": [{
      "evidenceCode": {
        "id": "ECO:0000033",
        "label": "author statement supported by traceable reference"
      },
      "reference": {
        "id": "PMID:28132690",
        "description": "Mutations in EXTL3 Cause Neuro-immuno-skeletal Dysplasia Syndrome"
      }
    }]
  }, {
    "type": {
      "id": "HP:0000914",
      "label": "Shield chest"
    },
    "evidence": [{
      "evidenceCode": {
        "id": "ECO:0000033",
        "label": "author statement supported by traceable reference"
      },
      "reference": {
        "id": "PMID:28132690",
        "description": "Mutations in EXTL3 Cause Neuro-immuno-skeletal Dysplasia Syndrome"
      }
    }]
  }, {
    "type": {
      "id": "HP:0001518",
      "label": "Small for gestational age"
    },
    "evidence": [{
      "evidenceCode": {
        "id": "ECO:0000033",
        "label": "author statement supported by traceable reference"
      },
      "reference": {
        "id": "PMID:28132690",
        "description": "Mutations in EXTL3 Cause Neuro-immuno-skeletal Dysplasia Syndrome"
      }
    }]
  }],
  "genes": [{
    "id": "NCBIGene:2137",
    "symbol": "EXTL3"
  }],
  "variants": [{
    "vcfAllele": {
      "genomeAssembly": "GRCh37",
      "chr": "8",
      "pos": 28575584,
      "ref": "T",
      "alt": "G"
    },
    "zygosity": {
      "id": "GENO:0000136",
      "label": "homozygous"
    }
  }],
  "diseases": [{
    "term": {
      "id": "OMIM:617425",
      "label": "Immunoskeletal dysplasia with neurodevelopmental abnormalities"
    }
  }],
  "metaData": {
    "createdBy": "Hpo Case Annotator : 1.0.14-SNAPSHOT",
    "submittedBy": "UNC:biocuration",
    "resources": [{
      "id": "hp",
      "name": "human phenotype ontology",
      "url": "http://purl.obolibrary.org/obo/hp.owl",
      "version": "2018-03-08",
      "namespacePrefix": "HP",
      "iriPrefix": "http://purl.obolibrary.org/obo/HP_"
    }, {
      "id": "pato",
      "name": "Phenotype And Trait Ontology",
      "url": "http://purl.obolibrary.org/obo/pato.owl",
      "version": "2018-03-28",
      "namespacePrefix": "PATO",
      "iriPrefix": "http://purl.obolibrary.org/obo/PATO_"
    }, {
      "id": "geno",
      "name": "Genotype Ontology",
      "url": "http://purl.obolibrary.org/obo/geno.owl",
      "version": "19-03-2018",
      "namespacePrefix": "GENO",
      "iriPrefix": "http://purl.obolibrary.org/obo/GENO_"
    }, {
      "id": "ncbitaxon",
      "name": "NCBI organismal classification",
      "url": "http://purl.obolibrary.org/obo/ncbitaxon.owl",
      "version": "2018-03-02",
      "namespacePrefix": "NCBITaxon"
    }, {
      "id": "eco",
      "name": "Evidence and Conclusion Ontology",
      "url": "http://purl.obolibrary.org/obo/eco.owl",
      "version": "2018-11-10",
      "namespacePrefix": "ECO",
      "iriPrefix": "http://purl.obolibrary.org/obo/ECO_"
    }, {
      "id": "omim",
      "name": "Online Mendelian Inheritance in Man",
      "url": "https://www.omim.org",
      "namespacePrefix": "OMIM"
    }],
    "phenopacketSchemaVersion": "1.0.0-RC3",
    "externalReferences": [{
      "id": "PMID:28132690",
      "description": "Mutations in EXTL3 Cause Neuro-immuno-skeletal Dysplasia Syndrome"
    }]
  }
}