{
  "id": "PMID:28132690-Oud-2017-EXTL3-AII-1",
  "subject": {
    "id": "AII-1",
    "ageAtCollection": {
      "age": "P1M3W"
    },
    "sex": "FEMALE",
    "taxonomy": {
      "id": "NCBITaxon:9606",
      "label": "Homo sapiens"
    }
  },
  "phenotypicFeatures": [{
    "type": {
      "id": "HP:0000926",
      "label": "Platyspondyly"
    },
    "evidence": [{
      "evidenceCode": {
        "id": "ECO:0000033",
        "label": "author statement supported by traceable reference"
      },
      "reference": {
        "id": "PMID:28132690",
        "description": "Mutations in EXTL3 Cause Neuro-immuno-skeletal Dysplasia Syndrome"
      }
    }]
  }, {
    "type": {
      "id": "HP:0002652",
      "label": "Skeletal dysplasia"
    },
    "evidence": [{
      "evidenceCode": {
        "id": "ECO:0000033",
        "label": "author statement supported by traceable reference"
      },
      "reference": {
        "id": "PMID:28132690",
        "description": "Mutations in EXTL3 Cause Neuro-immuno-skeletal Dysplasia Syndrome"
      }
    }]
  }, {
    "type": {
      "id": "HP:0009826",
      "label": "Limb undergrowth"
    },
    "evidence": [{
      "evidenceCode": {
        "id": "ECO:0000033",
        "label": "author statement supported by traceable reference"
      },
      "reference": {
        "id": "PMID:28132690",
        "description": "Mutations in EXTL3 Cause Neuro-immuno-skeletal Dysplasia Syndrome"
      }
    }]
  }, {
    "type": {
      "id": "HP:0002079",
      "label": "Hypoplasia of the corpus callosum"
    },
    "evidence": [{
      "evidenceCode": {
        "id": "ECO:0000033",
        "label": "author statement supported by traceable reference"
      },
      "reference": {
        "id": "PMID:28132690",
        "description": "Mutations in EXTL3 Cause Neuro-immuno-skeletal Dysplasia Syndrome"
      }
    }]
  }, {
    "type": {
      "id": "HP:0005562",
      "label": "Multiple renal cysts"
    },
    "evidence": [{
      "evidenceCode": {
        "id": "ECO:0000033",
        "label": "author statement supported by traceable reference"
      },
      "reference": {
        "id": "PMID:28132690",
        "description": "Mutations in EXTL3 Cause Neuro-immuno-skeletal Dysplasia Syndrome"
      }
    }]
  }, {
    "type": {
      "id": "HP:0001999",
      "label": "Abnormal facial shape"
    },
    "evidence": [{
      "evidenceCode": {
        "id": "ECO:0000033",
        "label": "author statement supported by traceable reference"
      },
      "reference": {
        "id": "PMID:28132690",
        "description": "Mutations in EXTL3 Cause Neuro-immuno-skeletal Dysplasia Syndrome"
      }
    }]
  }, {
    "type": {
      "id": "HP:0002789",
      "label": "Tachypnea"
    },
    "evidence": [{
      "evidenceCode": {
        "id": "ECO:0000033",
        "label": "author statement supported by traceable reference"
      },
      "reference": {
        "id": "PMID:28132690",
        "description": "Mutations in EXTL3 Cause Neuro-immuno-skeletal Dysplasia Syndrome"
      }
    }]
  }, {
    "type": {
      "id": "HP:0001156",
      "label": "Brachydactyly"
    },
    "evidence": [{
      "evidenceCode": {
        "id": "ECO:0000033",
        "label": "author statement supported by traceable reference"
      },
      "reference": {
        "id": "PMID:28132690",
        "description": "Mutations in EXTL3 Cause Neuro-immuno-skeletal Dysplasia Syndrome"
      }
    }]
  }, {
    "type": {
      "id": "HP:0011839",
      "label": "Abnormal T cell count"
    },
    "evidence": [{
      "evidenceCode": {
        "id": "ECO:0000033",
        "label": "author statement supported by traceable reference"
      },
      "reference": {
        "id": "PMID:28132690",
        "description": "Mutations in EXTL3 Cause Neuro-immuno-skeletal Dysplasia Syndrome"
      }
    }]
  }, {
    "type": {
      "id": "HP:0001407",
      "label": "Hepatic cysts"
    },
    "evidence": [{
      "evidenceCode": {
        "id": "ECO:0000033",
        "label": "author statement supported by traceable reference"
      },
      "reference": {
        "id": "PMID:28132690",
        "description": "Mutations in EXTL3 Cause Neuro-immuno-skeletal Dysplasia Syndrome"
      }
    }]
  }, {
    "type": {
      "id": "HP:0000083",
      "label": "Renal insufficiency"
    },
    "evidence": [{
      "evidenceCode": {
        "id": "ECO:0000033",
        "label": "author statement supported by traceable reference"
      },
      "reference": {
        "id": "PMID:28132690",
        "description": "Mutations in EXTL3 Cause Neuro-immuno-skeletal Dysplasia Syndrome"
      }
    }]
  }, {
    "type": {
      "id": "HP:0030747",
      "label": "Preterm intraventricular hemorrhage"
    },
    "evidence": [{
      "evidenceCode": {
        "id": "ECO:0000033",
        "label": "author statement supported by traceable reference"
      },
      "reference": {
        "id": "PMID:28132690",
        "description": "Mutations in EXTL3 Cause Neuro-immuno-skeletal Dysplasia Syndrome"
      }
    }]
  }, {
    "type": {
      "id": "HP:0002119",
      "label": "Ventriculomegaly"
    },
    "evidence": [{
      "evidenceCode": {
        "id": "ECO:0000033",
        "label": "author statement supported by traceable reference"
      },
      "reference": {
        "id": "PMID:28132690",
        "description": "Mutations in EXTL3 Cause Neuro-immuno-skeletal Dysplasia Syndrome"
      }
    }]
  }, {
    "type": {
      "id": "HP:0000085",
      "label": "Horseshoe kidney"
    },
    "evidence": [{
      "evidenceCode": {
        "id": "ECO:0000033",
        "label": "author statement supported by traceable reference"
      },
      "reference": {
        "id": "PMID:28132690",
        "description": "Mutations in EXTL3 Cause Neuro-immuno-skeletal Dysplasia Syndrome"
      }
    }]
  }],
  "genes": [{
    "id": "NCBIGene:2137",
    "symbol": "EXTL3"
  }],
  "variants": [{
    "vcfAllele": {
      "genomeAssembly": "GRCh37",
      "chr": "8",
      "pos": 28575113,
      "ref": "C",
      "alt": "T"
    },
    "zygosity": {
      "id": "GENO:0000136",
      "label": "homozygous"
    }
  }],
  "diseases": [{
    "term": {
      "id": "OMIM:617425",
      "label": "Immunoskeletal dysplasia with neurodevelopmental abnormalities"
    }
  }],
  "metaData": {
    "createdBy": "Hpo Case Annotator : 1.0.14-SNAPSHOT",
    "submittedBy": "UNC:biocuration",
    "resources": [{
      "id": "hp",
      "name": "human phenotype ontology",
      "url": "http://purl.obolibrary.org/obo/hp.owl",
      "version": "2018-03-08",
      "namespacePrefix": "HP",
      "iriPrefix": "http://purl.obolibrary.org/obo/HP_"
    }, {
      "id": "pato",
      "name": "Phenotype And Trait Ontology",
      "url": "http://purl.obolibrary.org/obo/pato.owl",
      "version": "2018-03-28",
      "namespacePrefix": "PATO",
      "iriPrefix": "http://purl.obolibrary.org/obo/PATO_"
    }, {
      "id": "geno",
      "name": "Genotype Ontology",
      "url": "http://purl.obolibrary.org/obo/geno.owl",
      "version": "19-03-2018",
      "namespacePrefix": "GENO",
      "iriPrefix": "http://purl.obolibrary.org/obo/GENO_"
    }, {
      "id": "ncbitaxon",
      "name": "NCBI organismal classification",
      "url": "http://purl.obolibrary.org/obo/ncbitaxon.owl",
      "version": "2018-03-02",
      "namespacePrefix": "NCBITaxon"
    }, {
      "id": "eco",
      "name": "Evidence and Conclusion Ontology",
      "url": "http://purl.obolibrary.org/obo/eco.owl",
      "version": "2018-11-10",
      "namespacePrefix": "ECO",
      "iriPrefix": "http://purl.obolibrary.org/obo/ECO_"
    }, {
      "id": "omim",
      "name": "Online Mendelian Inheritance in Man",
      "url": "https://www.omim.org",
      "namespacePrefix": "OMIM"
    }],
    "phenopacketSchemaVersion": "1.0.0-RC3",
    "externalReferences": [{
      "id": "PMID:28132690",
      "description": "Mutations in EXTL3 Cause Neuro-immuno-skeletal Dysplasia Syndrome"
    }]
  }
}