{
  "id": "PMID:20149460-Papanastasiou-2010-STAT3-12_year_old_girl",
  "subject": {
    "id": "12 year old girl",
    "ageAtCollection": {
      "age": "P12Y"
    },
    "sex": "FEMALE",
    "taxonomy": {
      "id": "NCBITaxon:9606",
      "label": "Homo sapiens"
    }
  },
  "phenotypicFeatures": [{
    "type": {
      "id": "HP:0000976",
      "label": "Eczematoid dermatitis"
    },
    "evidence": [{
      "evidenceCode": {
        "id": "ECO:0000033",
        "label": "author statement supported by traceable reference"
      },
      "reference": {
        "id": "PMID:20149460",
        "description": "A novel mutation in the signal transducer and activator of transcription 3 (STAT3) gene, in hyper-IgE syndrome"
      }
    }]
  }, {
    "type": {
      "id": "HP:0031292",
      "label": "Cutaneous abscess"
    },
    "evidence": [{
      "evidenceCode": {
        "id": "ECO:0000033",
        "label": "author statement supported by traceable reference"
      },
      "reference": {
        "id": "PMID:20149460",
        "description": "A novel mutation in the signal transducer and activator of transcription 3 (STAT3) gene, in hyper-IgE syndrome"
      }
    }]
  }, {
    "type": {
      "id": "HP:0011220",
      "label": "Prominent forehead"
    },
    "evidence": [{
      "evidenceCode": {
        "id": "ECO:0000033",
        "label": "author statement supported by traceable reference"
      },
      "reference": {
        "id": "PMID:20149460",
        "description": "A novel mutation in the signal transducer and activator of transcription 3 (STAT3) gene, in hyper-IgE syndrome"
      }
    }]
  }, {
    "type": {
      "id": "HP:0031393",
      "label": "Abnormal proportion of CD8 T cells"
    },
    "negated": true,
    "evidence": [{
      "evidenceCode": {
        "id": "ECO:0000033",
        "label": "author statement supported by traceable reference"
      },
      "reference": {
        "id": "PMID:20149460",
        "description": "A novel mutation in the signal transducer and activator of transcription 3 (STAT3) gene, in hyper-IgE syndrome"
      }
    }]
  }, {
    "type": {
      "id": "HP:0003212",
      "label": "Increased IgE level"
    },
    "evidence": [{
      "evidenceCode": {
        "id": "ECO:0000033",
        "label": "author statement supported by traceable reference"
      },
      "reference": {
        "id": "PMID:20149460",
        "description": "A novel mutation in the signal transducer and activator of transcription 3 (STAT3) gene, in hyper-IgE syndrome"
      }
    }]
  }, {
    "type": {
      "id": "HP:0006532",
      "label": "Recurrent pneumonia"
    },
    "evidence": [{
      "evidenceCode": {
        "id": "ECO:0000033",
        "label": "author statement supported by traceable reference"
      },
      "reference": {
        "id": "PMID:20149460",
        "description": "A novel mutation in the signal transducer and activator of transcription 3 (STAT3) gene, in hyper-IgE syndrome"
      }
    }]
  }, {
    "type": {
      "id": "HP:0002726",
      "label": "Recurrent Staphylococcus aureus infections"
    },
    "evidence": [{
      "evidenceCode": {
        "id": "ECO:0000033",
        "label": "author statement supported by traceable reference"
      },
      "reference": {
        "id": "PMID:20149460",
        "description": "A novel mutation in the signal transducer and activator of transcription 3 (STAT3) gene, in hyper-IgE syndrome"
      }
    }]
  }, {
    "type": {
      "id": "HP:0025419",
      "label": "Pulmonary pneumatocele"
    },
    "evidence": [{
      "evidenceCode": {
        "id": "ECO:0000033",
        "label": "author statement supported by traceable reference"
      },
      "reference": {
        "id": "PMID:20149460",
        "description": "A novel mutation in the signal transducer and activator of transcription 3 (STAT3) gene, in hyper-IgE syndrome"
      }
    }]
  }, {
    "type": {
      "id": "HP:0031392",
      "label": "Abnormal proportion of CD4 T cells"
    },
    "negated": true,
    "evidence": [{
      "evidenceCode": {
        "id": "ECO:0000033",
        "label": "author statement supported by traceable reference"
      },
      "reference": {
        "id": "PMID:20149460",
        "description": "A novel mutation in the signal transducer and activator of transcription 3 (STAT3) gene, in hyper-IgE syndrome"
      }
    }]
  }, {
    "type": {
      "id": "HP:0001880",
      "label": "Eosinophilia"
    },
    "evidence": [{
      "evidenceCode": {
        "id": "ECO:0000033",
        "label": "author statement supported by traceable reference"
      },
      "reference": {
        "id": "PMID:20149460",
        "description": "A novel mutation in the signal transducer and activator of transcription 3 (STAT3) gene, in hyper-IgE syndrome"
      }
    }]
  }, {
    "type": {
      "id": "HP:0003203",
      "label": "Impaired oxidative burst"
    },
    "negated": true,
    "evidence": [{
      "evidenceCode": {
        "id": "ECO:0000033",
        "label": "author statement supported by traceable reference"
      },
      "reference": {
        "id": "PMID:20149460",
        "description": "A novel mutation in the signal transducer and activator of transcription 3 (STAT3) gene, in hyper-IgE syndrome"
      }
    }]
  }, {
    "type": {
      "id": "HP:0000280",
      "label": "Coarse facial features"
    },
    "evidence": [{
      "evidenceCode": {
        "id": "ECO:0000033",
        "label": "author statement supported by traceable reference"
      },
      "reference": {
        "id": "PMID:20149460",
        "description": "A novel mutation in the signal transducer and activator of transcription 3 (STAT3) gene, in hyper-IgE syndrome"
      }
    }]
  }],
  "genes": [{
    "id": "NCBIGene:6774",
    "symbol": "STAT3"
  }],
  "variants": [{
    "vcfAllele": {
      "genomeAssembly": "GRCh37",
      "chr": "17",
      "pos": 40485715,
      "ref": "C",
      "alt": "T"
    },
    "zygosity": {
      "id": "GENO:0000135",
      "label": "heterozygous"
    }
  }],
  "diseases": [{
    "term": {
      "id": "OMIM:147060",
      "label": "HYPER-IgE RECURRENT INFECTION SYNDROME, AUTOSOMAL DOMINANT"
    }
  }],
  "metaData": {
    "submittedBy": "HPO:probinson",
    "resources": [{
      "id": "hp",
      "name": "human phenotype ontology",
      "url": "http://purl.obolibrary.org/obo/hp.owl",
      "version": "2018-03-08",
      "namespacePrefix": "HP",
      "iriPrefix": "http://purl.obolibrary.org/obo/HP_"
    }, {
      "id": "pato",
      "name": "Phenotype And Trait Ontology",
      "url": "http://purl.obolibrary.org/obo/pato.owl",
      "version": "2018-03-28",
      "namespacePrefix": "PATO",
      "iriPrefix": "http://purl.obolibrary.org/obo/PATO_"
    }, {
      "id": "geno",
      "name": "Genotype Ontology",
      "url": "http://purl.obolibrary.org/obo/geno.owl",
      "version": "19-03-2018",
      "namespacePrefix": "GENO",
      "iriPrefix": "http://purl.obolibrary.org/obo/GENO_"
    }, {
      "id": "ncbitaxon",
      "name": "NCBI organismal classification",
      "url": "http://purl.obolibrary.org/obo/ncbitaxon.owl",
      "version": "2018-03-02",
      "namespacePrefix": "NCBITaxon"
    }, {
      "id": "eco",
      "name": "Evidence and Conclusion Ontology",
      "url": "http://purl.obolibrary.org/obo/eco.owl",
      "version": "2018-11-10",
      "namespacePrefix": "ECO",
      "iriPrefix": "http://purl.obolibrary.org/obo/ECO_"
    }, {
      "id": "omim",
      "name": "Online Mendelian Inheritance in Man",
      "url": "https://www.omim.org",
      "namespacePrefix": "OMIM"
    }],
    "phenopacketSchemaVersion": "1.0.0-RC3",
    "externalReferences": [{
      "id": "PMID:20149460",
      "description": "A novel mutation in the signal transducer and activator of transcription 3 (STAT3) gene, in hyper-IgE syndrome"
    }]
  }
}