{
  "id": "PMID:24465259-Park-2014-DNM2-Patient_1",
  "subject": {
    "id": "Patient 1",
    "ageAtCollection": {
      "age": "35"
    },
    "sex": "FEMALE",
    "taxonomy": {
      "id": "NCBITaxon:9606",
      "label": "Homo sapiens"
    }
  },
  "phenotypicFeatures": [{
    "type": {
      "id": "HP:0003749",
      "label": "Pelvic girdle muscle weakness"
    },
    "evidence": [{
      "evidenceCode": {
        "id": "ECO:0000033",
        "label": "author statement supported by traceable reference"
      },
      "reference": {
        "id": "PMID:24465259",
        "description": "Clinical and Pathological Features of Korean Patients with DNM2-Related Centronuclear Myopathy"
      }
    }]
  }, {
    "type": {
      "id": "HP:0003722",
      "label": "Neck flexor weakness"
    },
    "evidence": [{
      "evidenceCode": {
        "id": "ECO:0000033",
        "label": "author statement supported by traceable reference"
      },
      "reference": {
        "id": "PMID:24465259",
        "description": "Clinical and Pathological Features of Korean Patients with DNM2-Related Centronuclear Myopathy"
      }
    }]
  }, {
    "type": {
      "id": "HP:0040129",
      "label": "Abnormal nerve conduction velocity"
    },
    "negated": true,
    "evidence": [{
      "evidenceCode": {
        "id": "ECO:0000033",
        "label": "author statement supported by traceable reference"
      },
      "reference": {
        "id": "PMID:24465259",
        "description": "Clinical and Pathological Features of Korean Patients with DNM2-Related Centronuclear Myopathy"
      }
    }]
  }, {
    "type": {
      "id": "HP:0003749",
      "label": "Pelvic girdle muscle weakness"
    },
    "negated": true,
    "evidence": [{
      "evidenceCode": {
        "id": "ECO:0000033",
        "label": "author statement supported by traceable reference"
      },
      "reference": {
        "id": "PMID:24465259",
        "description": "Clinical and Pathological Features of Korean Patients with DNM2-Related Centronuclear Myopathy"
      }
    }]
  }, {
    "type": {
      "id": "HP:0003693",
      "label": "Distal amyotrophy"
    },
    "evidence": [{
      "evidenceCode": {
        "id": "ECO:0000033",
        "label": "author statement supported by traceable reference"
      },
      "reference": {
        "id": "PMID:24465259",
        "description": "Clinical and Pathological Features of Korean Patients with DNM2-Related Centronuclear Myopathy"
      }
    }]
  }, {
    "type": {
      "id": "HP:0000544",
      "label": "External ophthalmoplegia"
    },
    "evidence": [{
      "evidenceCode": {
        "id": "ECO:0000033",
        "label": "author statement supported by traceable reference"
      },
      "reference": {
        "id": "PMID:24465259",
        "description": "Clinical and Pathological Features of Korean Patients with DNM2-Related Centronuclear Myopathy"
      }
    }]
  }, {
    "type": {
      "id": "HP:0000277",
      "label": "Abnormality of the mandible"
    },
    "evidence": [{
      "evidenceCode": {
        "id": "ECO:0000033",
        "label": "author statement supported by traceable reference"
      },
      "reference": {
        "id": "PMID:24465259",
        "description": "Clinical and Pathological Features of Korean Patients with DNM2-Related Centronuclear Myopathy"
      }
    }]
  }, {
    "type": {
      "id": "HP:0002486",
      "label": "Myotonia"
    },
    "evidence": [{
      "evidenceCode": {
        "id": "ECO:0000033",
        "label": "author statement supported by traceable reference"
      },
      "reference": {
        "id": "PMID:24465259",
        "description": "Clinical and Pathological Features of Korean Patients with DNM2-Related Centronuclear Myopathy"
      }
    }]
  }, {
    "type": {
      "id": "HP:0009053",
      "label": "Distal lower limb muscle weakness"
    },
    "evidence": [{
      "evidenceCode": {
        "id": "ECO:0000033",
        "label": "author statement supported by traceable reference"
      },
      "reference": {
        "id": "PMID:24465259",
        "description": "Clinical and Pathological Features of Korean Patients with DNM2-Related Centronuclear Myopathy"
      }
    }]
  }, {
    "type": {
      "id": "HP:0007209",
      "label": "Facial paralysis"
    },
    "evidence": [{
      "evidenceCode": {
        "id": "ECO:0000033",
        "label": "author statement supported by traceable reference"
      },
      "reference": {
        "id": "PMID:24465259",
        "description": "Clinical and Pathological Features of Korean Patients with DNM2-Related Centronuclear Myopathy"
      }
    }]
  }, {
    "type": {
      "id": "HP:0001771",
      "label": "Achilles tendon contracture"
    },
    "evidence": [{
      "evidenceCode": {
        "id": "ECO:0000033",
        "label": "author statement supported by traceable reference"
      },
      "reference": {
        "id": "PMID:24465259",
        "description": "Clinical and Pathological Features of Korean Patients with DNM2-Related Centronuclear Myopathy"
      }
    }]
  }, {
    "type": {
      "id": "HP:0000508",
      "label": "Ptosis"
    },
    "evidence": [{
      "evidenceCode": {
        "id": "ECO:0000033",
        "label": "author statement supported by traceable reference"
      },
      "reference": {
        "id": "PMID:24465259",
        "description": "Clinical and Pathological Features of Korean Patients with DNM2-Related Centronuclear Myopathy"
      }
    }]
  }],
  "genes": [{
    "id": "NCBIGene:1785",
    "symbol": "DNM2"
  }],
  "variants": [{
    "vcfAllele": {
      "genomeAssembly": "GRCh37",
      "chr": "19",
      "pos": 10935787,
      "ref": "G",
      "alt": "A"
    },
    "zygosity": {
      "id": "GENO:0000135",
      "label": "heterozygous"
    }
  }],
  "diseases": [{
    "term": {
      "id": "OMIM:160150",
      "label": "MYOPATHY, CENTRONUCLEAR, 1; CNM1"
    }
  }],
  "metaData": {
    "submittedBy": "HPO:lccarmody",
    "resources": [{
      "id": "hp",
      "name": "human phenotype ontology",
      "url": "http://purl.obolibrary.org/obo/hp.owl",
      "version": "2018-03-08",
      "namespacePrefix": "HP",
      "iriPrefix": "http://purl.obolibrary.org/obo/HP_"
    }, {
      "id": "pato",
      "name": "Phenotype And Trait Ontology",
      "url": "http://purl.obolibrary.org/obo/pato.owl",
      "version": "2018-03-28",
      "namespacePrefix": "PATO",
      "iriPrefix": "http://purl.obolibrary.org/obo/PATO_"
    }, {
      "id": "geno",
      "name": "Genotype Ontology",
      "url": "http://purl.obolibrary.org/obo/geno.owl",
      "version": "19-03-2018",
      "namespacePrefix": "GENO",
      "iriPrefix": "http://purl.obolibrary.org/obo/GENO_"
    }, {
      "id": "ncbitaxon",
      "name": "NCBI organismal classification",
      "url": "http://purl.obolibrary.org/obo/ncbitaxon.owl",
      "version": "2018-03-02",
      "namespacePrefix": "NCBITaxon"
    }, {
      "id": "eco",
      "name": "Evidence and Conclusion Ontology",
      "url": "http://purl.obolibrary.org/obo/eco.owl",
      "version": "2018-11-10",
      "namespacePrefix": "ECO",
      "iriPrefix": "http://purl.obolibrary.org/obo/ECO_"
    }, {
      "id": "omim",
      "name": "Online Mendelian Inheritance in Man",
      "url": "https://www.omim.org",
      "namespacePrefix": "OMIM"
    }],
    "phenopacketSchemaVersion": "1.0.0-RC3",
    "externalReferences": [{
      "id": "PMID:24465259",
      "description": "Clinical and Pathological Features of Korean Patients with DNM2-Related Centronuclear Myopathy"
    }]
  }
}