{
  "id": "PMID:26915616-Park-2016-GSN-III:5",
  "subject": {
    "id": "III:5",
    "ageAtCollection": {
      "age": "P58Y"
    },
    "sex": "MALE",
    "taxonomy": {
      "id": "NCBITaxon:9606",
      "label": "Homo sapiens"
    }
  },
  "phenotypicFeatures": [{
    "type": {
      "id": "HP:0007089",
      "label": "Facial-lingual fasciculations"
    },
    "evidence": [{
      "evidenceCode": {
        "id": "ECO:0000033",
        "label": "author statement supported by traceable reference"
      },
      "reference": {
        "id": "PMID:26915616",
        "description": "The First Korean Family With Hereditary Gelsolin Amyloidosis Caused by p"
      }
    }]
  }, {
    "type": {
      "id": "HP:0000966",
      "label": "Hypohidrosis"
    },
    "evidence": [{
      "evidenceCode": {
        "id": "ECO:0000033",
        "label": "author statement supported by traceable reference"
      },
      "reference": {
        "id": "PMID:26915616",
        "description": "The First Korean Family With Hereditary Gelsolin Amyloidosis Caused by p"
      }
    }]
  }, {
    "type": {
      "id": "HP:0000221",
      "label": "Furrowed tongue"
    },
    "evidence": [{
      "evidenceCode": {
        "id": "ECO:0000033",
        "label": "author statement supported by traceable reference"
      },
      "reference": {
        "id": "PMID:26915616",
        "description": "The First Korean Family With Hereditary Gelsolin Amyloidosis Caused by p"
      }
    }]
  }, {
    "type": {
      "id": "HP:0003403",
      "label": "EMG: decremental response of compound muscle action potential to repetitive nerve stimulation"
    },
    "evidence": [{
      "evidenceCode": {
        "id": "ECO:0000033",
        "label": "author statement supported by traceable reference"
      },
      "reference": {
        "id": "PMID:26915616",
        "description": "The First Korean Family With Hereditary Gelsolin Amyloidosis Caused by p"
      }
    }]
  }, {
    "type": {
      "id": "HP:0000973",
      "label": "Cutis laxa"
    },
    "evidence": [{
      "evidenceCode": {
        "id": "ECO:0000033",
        "label": "author statement supported by traceable reference"
      },
      "reference": {
        "id": "PMID:26915616",
        "description": "The First Korean Family With Hereditary Gelsolin Amyloidosis Caused by p"
      }
    }]
  }, {
    "type": {
      "id": "HP:0003401",
      "label": "Paresthesia"
    },
    "evidence": [{
      "evidenceCode": {
        "id": "ECO:0000033",
        "label": "author statement supported by traceable reference"
      },
      "reference": {
        "id": "PMID:26915616",
        "description": "The First Korean Family With Hereditary Gelsolin Amyloidosis Caused by p"
      }
    }]
  }],
  "genes": [{
    "id": "NCBIGene:2934",
    "symbol": "GSN"
  }],
  "variants": [{
    "vcfAllele": {
      "genomeAssembly": "GRCh37",
      "chr": "9",
      "pos": 124073097,
      "ref": "G",
      "alt": "T"
    },
    "zygosity": {
      "id": "GENO:0000135",
      "label": "heterozygous"
    }
  }],
  "diseases": [{
    "term": {
      "id": "OMIM:105120",
      "label": "AMYLOIDOSIS, FINNISH TYPE"
    }
  }],
  "metaData": {
    "createdBy": "Hpo Case Annotator : 1.0.13-SNAPSHOT",
    "submittedBy": "HPO:probinson",
    "resources": [{
      "id": "hp",
      "name": "human phenotype ontology",
      "url": "http://purl.obolibrary.org/obo/hp.owl",
      "version": "2018-03-08",
      "namespacePrefix": "HP",
      "iriPrefix": "http://purl.obolibrary.org/obo/HP_"
    }, {
      "id": "pato",
      "name": "Phenotype And Trait Ontology",
      "url": "http://purl.obolibrary.org/obo/pato.owl",
      "version": "2018-03-28",
      "namespacePrefix": "PATO",
      "iriPrefix": "http://purl.obolibrary.org/obo/PATO_"
    }, {
      "id": "geno",
      "name": "Genotype Ontology",
      "url": "http://purl.obolibrary.org/obo/geno.owl",
      "version": "19-03-2018",
      "namespacePrefix": "GENO",
      "iriPrefix": "http://purl.obolibrary.org/obo/GENO_"
    }, {
      "id": "ncbitaxon",
      "name": "NCBI organismal classification",
      "url": "http://purl.obolibrary.org/obo/ncbitaxon.owl",
      "version": "2018-03-02",
      "namespacePrefix": "NCBITaxon"
    }, {
      "id": "eco",
      "name": "Evidence and Conclusion Ontology",
      "url": "http://purl.obolibrary.org/obo/eco.owl",
      "version": "2018-11-10",
      "namespacePrefix": "ECO",
      "iriPrefix": "http://purl.obolibrary.org/obo/ECO_"
    }, {
      "id": "omim",
      "name": "Online Mendelian Inheritance in Man",
      "url": "https://www.omim.org",
      "namespacePrefix": "OMIM"
    }],
    "phenopacketSchemaVersion": "1.0.0-RC3",
    "externalReferences": [{
      "id": "PMID:26915616",
      "description": "The First Korean Family With Hereditary Gelsolin Amyloidosis Caused by p"
    }]
  }
}