{
  "id": "PMID:24044622-Pasic-2013-NBN-12-year-old_girl",
  "subject": {
    "id": "12-year-old girl",
    "ageAtCollection": {
      "age": "P12T"
    },
    "sex": "FEMALE",
    "taxonomy": {
      "id": "NCBITaxon:9606",
      "label": "Homo sapiens"
    }
  },
  "phenotypicFeatures": [{
    "type": {
      "id": "HP:0000320",
      "label": "Bird-like facies"
    },
    "evidence": [{
      "evidenceCode": {
        "id": "ECO:0000033",
        "label": "author statement supported by traceable reference"
      },
      "reference": {
        "id": "PMID:24044622",
        "description": "Nijmegen breakage syndrome and chronic polyarthritis"
      }
    }]
  }, {
    "type": {
      "id": "HP:0002110",
      "label": "Bronchiectasis"
    },
    "evidence": [{
      "evidenceCode": {
        "id": "ECO:0000033",
        "label": "author statement supported by traceable reference"
      },
      "reference": {
        "id": "PMID:24044622",
        "description": "Nijmegen breakage syndrome and chronic polyarthritis"
      }
    }]
  }, {
    "type": {
      "id": "HP:0003347",
      "label": "Impaired lymphocyte transformation with phytohemagglutinin"
    },
    "evidence": [{
      "evidenceCode": {
        "id": "ECO:0000033",
        "label": "author statement supported by traceable reference"
      },
      "reference": {
        "id": "PMID:24044622",
        "description": "Nijmegen breakage syndrome and chronic polyarthritis"
      }
    }]
  }, {
    "type": {
      "id": "HP:0011227",
      "label": "Elevated C-reactive protein level"
    },
    "evidence": [{
      "evidenceCode": {
        "id": "ECO:0000033",
        "label": "author statement supported by traceable reference"
      },
      "reference": {
        "id": "PMID:24044622",
        "description": "Nijmegen breakage syndrome and chronic polyarthritis"
      }
    }]
  }, {
    "type": {
      "id": "HP:0000582",
      "label": "Upslanted palpebral fissure"
    },
    "evidence": [{
      "evidenceCode": {
        "id": "ECO:0000033",
        "label": "author statement supported by traceable reference"
      },
      "reference": {
        "id": "PMID:24044622",
        "description": "Nijmegen breakage syndrome and chronic polyarthritis"
      }
    }]
  }, {
    "type": {
      "id": "HP:0030084",
      "label": "Clinodactyly"
    },
    "evidence": [{
      "evidenceCode": {
        "id": "ECO:0000033",
        "label": "author statement supported by traceable reference"
      },
      "reference": {
        "id": "PMID:24044622",
        "description": "Nijmegen breakage syndrome and chronic polyarthritis"
      }
    }]
  }, {
    "type": {
      "id": "HP:0003565",
      "label": "Elevated erythrocyte sedimentation rate"
    },
    "evidence": [{
      "evidenceCode": {
        "id": "ECO:0000033",
        "label": "author statement supported by traceable reference"
      },
      "reference": {
        "id": "PMID:24044622",
        "description": "Nijmegen breakage syndrome and chronic polyarthritis"
      }
    }]
  }, {
    "type": {
      "id": "HP:0001010",
      "label": "Hypopigmentation of the skin"
    },
    "evidence": [{
      "evidenceCode": {
        "id": "ECO:0000033",
        "label": "author statement supported by traceable reference"
      },
      "reference": {
        "id": "PMID:24044622",
        "description": "Nijmegen breakage syndrome and chronic polyarthritis"
      }
    }]
  }, {
    "type": {
      "id": "HP:0004315",
      "label": "Decreased circulating IgG level"
    },
    "evidence": [{
      "evidenceCode": {
        "id": "ECO:0000033",
        "label": "author statement supported by traceable reference"
      },
      "reference": {
        "id": "PMID:24044622",
        "description": "Nijmegen breakage syndrome and chronic polyarthritis"
      }
    }]
  }, {
    "type": {
      "id": "HP:0000403",
      "label": "Recurrent otitis media"
    },
    "evidence": [{
      "evidenceCode": {
        "id": "ECO:0000033",
        "label": "author statement supported by traceable reference"
      },
      "reference": {
        "id": "PMID:24044622",
        "description": "Nijmegen breakage syndrome and chronic polyarthritis"
      }
    }]
  }, {
    "type": {
      "id": "HP:0002720",
      "label": "Decreased circulating IgA level"
    },
    "evidence": [{
      "evidenceCode": {
        "id": "ECO:0000033",
        "label": "author statement supported by traceable reference"
      },
      "reference": {
        "id": "PMID:24044622",
        "description": "Nijmegen breakage syndrome and chronic polyarthritis"
      }
    }]
  }, {
    "type": {
      "id": "HP:0002850",
      "label": "Decreased circulating total IgM"
    },
    "evidence": [{
      "evidenceCode": {
        "id": "ECO:0000033",
        "label": "author statement supported by traceable reference"
      },
      "reference": {
        "id": "PMID:24044622",
        "description": "Nijmegen breakage syndrome and chronic polyarthritis"
      }
    }]
  }, {
    "type": {
      "id": "HP:0006532",
      "label": "Recurrent pneumonia"
    },
    "evidence": [{
      "evidenceCode": {
        "id": "ECO:0000033",
        "label": "author statement supported by traceable reference"
      },
      "reference": {
        "id": "PMID:24044622",
        "description": "Nijmegen breakage syndrome and chronic polyarthritis"
      }
    }]
  }, {
    "type": {
      "id": "HP:0002265",
      "label": "Large fleshy ears"
    },
    "evidence": [{
      "evidenceCode": {
        "id": "ECO:0000033",
        "label": "author statement supported by traceable reference"
      },
      "reference": {
        "id": "PMID:24044622",
        "description": "Nijmegen breakage syndrome and chronic polyarthritis"
      }
    }]
  }, {
    "type": {
      "id": "HP:0000316",
      "label": "Hypertelorism"
    },
    "evidence": [{
      "evidenceCode": {
        "id": "ECO:0000033",
        "label": "author statement supported by traceable reference"
      },
      "reference": {
        "id": "PMID:24044622",
        "description": "Nijmegen breakage syndrome and chronic polyarthritis"
      }
    }]
  }, {
    "type": {
      "id": "HP:0000252",
      "label": "Microcephaly"
    },
    "evidence": [{
      "evidenceCode": {
        "id": "ECO:0000033",
        "label": "author statement supported by traceable reference"
      },
      "reference": {
        "id": "PMID:24044622",
        "description": "Nijmegen breakage syndrome and chronic polyarthritis"
      }
    }]
  }, {
    "type": {
      "id": "HP:0001511",
      "label": "Intrauterine growth retardation"
    },
    "evidence": [{
      "evidenceCode": {
        "id": "ECO:0000033",
        "label": "author statement supported by traceable reference"
      },
      "reference": {
        "id": "PMID:24044622",
        "description": "Nijmegen breakage syndrome and chronic polyarthritis"
      }
    }]
  }, {
    "type": {
      "id": "HP:0032170",
      "label": "Severe varicella zoster infection"
    },
    "evidence": [{
      "evidenceCode": {
        "id": "ECO:0000033",
        "label": "author statement supported by traceable reference"
      },
      "reference": {
        "id": "PMID:24044622",
        "description": "Nijmegen breakage syndrome and chronic polyarthritis"
      }
    }]
  }],
  "genes": [{
    "id": "NCBIGene:4683",
    "symbol": "NBN"
  }],
  "variants": [{
    "vcfAllele": {
      "genomeAssembly": "GRCh37",
      "chr": "8",
      "pos": 90983441,
      "ref": "ATTTGT",
      "alt": "A"
    },
    "zygosity": {
      "id": "GENO:0000136",
      "label": "homozygous"
    }
  }],
  "diseases": [{
    "term": {
      "id": "OMIM:251260",
      "label": "NIJMEGEN BREAKAGE SYNDROME"
    }
  }],
  "metaData": {
    "createdBy": "Hpo Case Annotator : 1.0.13-SNAPSHOT",
    "submittedBy": "HPO:probinson",
    "resources": [{
      "id": "hp",
      "name": "human phenotype ontology",
      "url": "http://purl.obolibrary.org/obo/hp.owl",
      "version": "2018-03-08",
      "namespacePrefix": "HP",
      "iriPrefix": "http://purl.obolibrary.org/obo/HP_"
    }, {
      "id": "pato",
      "name": "Phenotype And Trait Ontology",
      "url": "http://purl.obolibrary.org/obo/pato.owl",
      "version": "2018-03-28",
      "namespacePrefix": "PATO",
      "iriPrefix": "http://purl.obolibrary.org/obo/PATO_"
    }, {
      "id": "geno",
      "name": "Genotype Ontology",
      "url": "http://purl.obolibrary.org/obo/geno.owl",
      "version": "19-03-2018",
      "namespacePrefix": "GENO",
      "iriPrefix": "http://purl.obolibrary.org/obo/GENO_"
    }, {
      "id": "ncbitaxon",
      "name": "NCBI organismal classification",
      "url": "http://purl.obolibrary.org/obo/ncbitaxon.owl",
      "version": "2018-03-02",
      "namespacePrefix": "NCBITaxon"
    }, {
      "id": "eco",
      "name": "Evidence and Conclusion Ontology",
      "url": "http://purl.obolibrary.org/obo/eco.owl",
      "version": "2018-11-10",
      "namespacePrefix": "ECO",
      "iriPrefix": "http://purl.obolibrary.org/obo/ECO_"
    }, {
      "id": "omim",
      "name": "Online Mendelian Inheritance in Man",
      "url": "https://www.omim.org",
      "namespacePrefix": "OMIM"
    }],
    "phenopacketSchemaVersion": "1.0.0-RC3",
    "externalReferences": [{
      "id": "PMID:24044622",
      "description": "Nijmegen breakage syndrome and chronic polyarthritis"
    }]
  }
}