{
  "id": "PMID:30097146-Patsi-2018-PNPLA6-18_year-old_female",
  "subject": {
    "id": "18 year-old female",
    "ageAtCollection": {
      "age": "18Y"
    },
    "sex": "FEMALE",
    "taxonomy": {
      "id": "NCBITaxon:9606",
      "label": "Homo sapiens"
    }
  },
  "phenotypicFeatures": [{
    "type": {
      "id": "HP:0002317",
      "label": "Unsteady gait"
    },
    "evidence": [{
      "evidenceCode": {
        "id": "ECO:0000033",
        "label": "author statement supported by traceable reference"
      },
      "reference": {
        "id": "PMID:30097146",
        "description": "A new PNPLA6 mutation presenting as Oliver McFarlane syndrome"
      }
    }]
  }, {
    "type": {
      "id": "HP:0000533",
      "label": "Chorioretinal atrophy"
    },
    "evidence": [{
      "evidenceCode": {
        "id": "ECO:0000033",
        "label": "author statement supported by traceable reference"
      },
      "reference": {
        "id": "PMID:30097146",
        "description": "A new PNPLA6 mutation presenting as Oliver McFarlane syndrome"
      }
    }]
  }, {
    "type": {
      "id": "HP:0003477",
      "label": "Peripheral axonal neuropathy"
    },
    "evidence": [{
      "evidenceCode": {
        "id": "ECO:0000033",
        "label": "author statement supported by traceable reference"
      },
      "reference": {
        "id": "PMID:30097146",
        "description": "A new PNPLA6 mutation presenting as Oliver McFarlane syndrome"
      }
    }]
  }, {
    "type": {
      "id": "HP:0008070",
      "label": "Sparse hair"
    },
    "evidence": [{
      "evidenceCode": {
        "id": "ECO:0000033",
        "label": "author statement supported by traceable reference"
      },
      "reference": {
        "id": "PMID:30097146",
        "description": "A new PNPLA6 mutation presenting as Oliver McFarlane syndrome"
      }
    }]
  }, {
    "type": {
      "id": "HP:0000821",
      "label": "Hypothyroidism"
    },
    "evidence": [{
      "evidenceCode": {
        "id": "ECO:0000033",
        "label": "author statement supported by traceable reference"
      },
      "reference": {
        "id": "PMID:30097146",
        "description": "A new PNPLA6 mutation presenting as Oliver McFarlane syndrome"
      }
    }]
  }, {
    "type": {
      "id": "HP:0002080",
      "label": "Intention tremor"
    },
    "evidence": [{
      "evidenceCode": {
        "id": "ECO:0000033",
        "label": "author statement supported by traceable reference"
      },
      "reference": {
        "id": "PMID:30097146",
        "description": "A new PNPLA6 mutation presenting as Oliver McFarlane syndrome"
      }
    }]
  }, {
    "type": {
      "id": "HP:0000824",
      "label": "Growth hormone deficiency"
    },
    "evidence": [{
      "evidenceCode": {
        "id": "ECO:0000033",
        "label": "author statement supported by traceable reference"
      },
      "reference": {
        "id": "PMID:30097146",
        "description": "A new PNPLA6 mutation presenting as Oliver McFarlane syndrome"
      }
    }]
  }, {
    "type": {
      "id": "HP:0002066",
      "label": "Gait ataxia"
    },
    "evidence": [{
      "evidenceCode": {
        "id": "ECO:0000033",
        "label": "author statement supported by traceable reference"
      },
      "reference": {
        "id": "PMID:30097146",
        "description": "A new PNPLA6 mutation presenting as Oliver McFarlane syndrome"
      }
    }]
  }, {
    "type": {
      "id": "HP:0001260",
      "label": "Dysarthria"
    },
    "evidence": [{
      "evidenceCode": {
        "id": "ECO:0000033",
        "label": "author statement supported by traceable reference"
      },
      "reference": {
        "id": "PMID:30097146",
        "description": "A new PNPLA6 mutation presenting as Oliver McFarlane syndrome"
      }
    }]
  }, {
    "type": {
      "id": "HP:0000639",
      "label": "Nystagmus"
    },
    "evidence": [{
      "evidenceCode": {
        "id": "ECO:0000033",
        "label": "author statement supported by traceable reference"
      },
      "reference": {
        "id": "PMID:30097146",
        "description": "A new PNPLA6 mutation presenting as Oliver McFarlane syndrome"
      }
    }]
  }, {
    "type": {
      "id": "HP:0001265",
      "label": "Hyporeflexia"
    },
    "evidence": [{
      "evidenceCode": {
        "id": "ECO:0000033",
        "label": "author statement supported by traceable reference"
      },
      "reference": {
        "id": "PMID:30097146",
        "description": "A new PNPLA6 mutation presenting as Oliver McFarlane syndrome"
      }
    }]
  }, {
    "type": {
      "id": "HP:0000527",
      "label": "Long eyelashes"
    },
    "evidence": [{
      "evidenceCode": {
        "id": "ECO:0000033",
        "label": "author statement supported by traceable reference"
      },
      "reference": {
        "id": "PMID:30097146",
        "description": "A new PNPLA6 mutation presenting as Oliver McFarlane syndrome"
      }
    }]
  }, {
    "type": {
      "id": "HP:0006855",
      "label": "Cerebellar vermis atrophy"
    },
    "evidence": [{
      "evidenceCode": {
        "id": "ECO:0000033",
        "label": "author statement supported by traceable reference"
      },
      "reference": {
        "id": "PMID:30097146",
        "description": "A new PNPLA6 mutation presenting as Oliver McFarlane syndrome"
      }
    }]
  }, {
    "type": {
      "id": "HP:0001761",
      "label": "Pes cavus"
    },
    "evidence": [{
      "evidenceCode": {
        "id": "ECO:0000033",
        "label": "author statement supported by traceable reference"
      },
      "reference": {
        "id": "PMID:30097146",
        "description": "A new PNPLA6 mutation presenting as Oliver McFarlane syndrome"
      }
    }]
  }, {
    "type": {
      "id": "HP:0011003",
      "label": "High myopia"
    },
    "evidence": [{
      "evidenceCode": {
        "id": "ECO:0000033",
        "label": "author statement supported by traceable reference"
      },
      "reference": {
        "id": "PMID:30097146",
        "description": "A new PNPLA6 mutation presenting as Oliver McFarlane syndrome"
      }
    }]
  }, {
    "type": {
      "id": "HP:0004322",
      "label": "Short stature"
    },
    "evidence": [{
      "evidenceCode": {
        "id": "ECO:0000033",
        "label": "author statement supported by traceable reference"
      },
      "reference": {
        "id": "PMID:30097146",
        "description": "A new PNPLA6 mutation presenting as Oliver McFarlane syndrome"
      }
    }]
  }, {
    "type": {
      "id": "HP:0001643",
      "label": "Patent ductus arteriosus"
    },
    "evidence": [{
      "evidenceCode": {
        "id": "ECO:0000033",
        "label": "author statement supported by traceable reference"
      },
      "reference": {
        "id": "PMID:30097146",
        "description": "A new PNPLA6 mutation presenting as Oliver McFarlane syndrome"
      }
    }]
  }],
  "genes": [{
    "id": "NCBIGene:10908",
    "symbol": "PNPLA6"
  }],
  "variants": [{
    "vcfAllele": {
      "genomeAssembly": "GRCh37",
      "chr": "19",
      "pos": 7623928,
      "ref": "C",
      "alt": "A"
    },
    "zygosity": {
      "id": "GENO:0000136",
      "label": "homozygous"
    }
  }],
  "diseases": [{
    "term": {
      "id": "OMIM:275400",
      "label": "OLIVER-MCFARLANE SYNDROME; OMCS"
    }
  }],
  "metaData": {
    "submittedBy": "HPO:probinson",
    "resources": [{
      "id": "hp",
      "name": "human phenotype ontology",
      "url": "http://purl.obolibrary.org/obo/hp.owl",
      "version": "2018-03-08",
      "namespacePrefix": "HP",
      "iriPrefix": "http://purl.obolibrary.org/obo/HP_"
    }, {
      "id": "pato",
      "name": "Phenotype And Trait Ontology",
      "url": "http://purl.obolibrary.org/obo/pato.owl",
      "version": "2018-03-28",
      "namespacePrefix": "PATO",
      "iriPrefix": "http://purl.obolibrary.org/obo/PATO_"
    }, {
      "id": "geno",
      "name": "Genotype Ontology",
      "url": "http://purl.obolibrary.org/obo/geno.owl",
      "version": "19-03-2018",
      "namespacePrefix": "GENO",
      "iriPrefix": "http://purl.obolibrary.org/obo/GENO_"
    }, {
      "id": "ncbitaxon",
      "name": "NCBI organismal classification",
      "url": "http://purl.obolibrary.org/obo/ncbitaxon.owl",
      "version": "2018-03-02",
      "namespacePrefix": "NCBITaxon"
    }, {
      "id": "eco",
      "name": "Evidence and Conclusion Ontology",
      "url": "http://purl.obolibrary.org/obo/eco.owl",
      "version": "2018-11-10",
      "namespacePrefix": "ECO",
      "iriPrefix": "http://purl.obolibrary.org/obo/ECO_"
    }, {
      "id": "omim",
      "name": "Online Mendelian Inheritance in Man",
      "url": "https://www.omim.org",
      "namespacePrefix": "OMIM"
    }],
    "phenopacketSchemaVersion": "1.0.0-RC3",
    "externalReferences": [{
      "id": "PMID:30097146",
      "description": "A new PNPLA6 mutation presenting as Oliver McFarlane syndrome"
    }]
  }
}