{
  "id": "PMID:27374306-Pipilas-2016-CALM2-Case_1",
  "subject": {
    "id": "Case 1",
    "ageAtCollection": {
      "age": "P1Y"
    },
    "sex": "MALE",
    "taxonomy": {
      "id": "NCBITaxon:9606",
      "label": "Homo sapiens"
    }
  },
  "phenotypicFeatures": [{
    "type": {
      "id": "HP:0005184",
      "label": "Prolonged QTc interval"
    },
    "evidence": [{
      "evidenceCode": {
        "id": "ECO:0000033",
        "label": "author statement supported by traceable reference"
      },
      "reference": {
        "id": "PMID:27374306",
        "description": "Novel calmodulin mutations associated with congenital long QT syndrome affect calcium current in human cardiomyocytes"
      }
    }]
  }, {
    "type": {
      "id": "HP:0001678",
      "label": "Atrioventricular block"
    },
    "evidence": [{
      "evidenceCode": {
        "id": "ECO:0000033",
        "label": "author statement supported by traceable reference"
      },
      "reference": {
        "id": "PMID:27374306",
        "description": "Novel calmodulin mutations associated with congenital long QT syndrome affect calcium current in human cardiomyocytes"
      }
    }]
  }, {
    "type": {
      "id": "HP:0030682",
      "label": "Left ventricular noncompaction"
    },
    "evidence": [{
      "evidenceCode": {
        "id": "ECO:0000033",
        "label": "author statement supported by traceable reference"
      },
      "reference": {
        "id": "PMID:27374306",
        "description": "Novel calmodulin mutations associated with congenital long QT syndrome affect calcium current in human cardiomyocytes"
      }
    }]
  }, {
    "type": {
      "id": "HP:0001688",
      "label": "Sinus bradycardia"
    },
    "evidence": [{
      "evidenceCode": {
        "id": "ECO:0000033",
        "label": "author statement supported by traceable reference"
      },
      "reference": {
        "id": "PMID:27374306",
        "description": "Novel calmodulin mutations associated with congenital long QT syndrome affect calcium current in human cardiomyocytes"
      }
    }]
  }],
  "genes": [{
    "id": "NCBIGene:805",
    "symbol": "CALM2"
  }],
  "variants": [{
    "vcfAllele": {
      "genomeAssembly": "GRCh37",
      "chr": "2",
      "pos": 47388889,
      "ref": "C",
      "alt": "G"
    },
    "zygosity": {
      "id": "GENO:0000135",
      "label": "heterozygous"
    }
  }],
  "diseases": [{
    "term": {
      "id": "OMIM:616249",
      "label": "LONG QT SYNDROME 15; LQT15"
    }
  }],
  "metaData": {
    "createdBy": "Hpo Case Annotator : 1.0.13-SNAPSHOT",
    "submittedBy": "HPO:probinson",
    "resources": [{
      "id": "hp",
      "name": "human phenotype ontology",
      "url": "http://purl.obolibrary.org/obo/hp.owl",
      "version": "2018-03-08",
      "namespacePrefix": "HP",
      "iriPrefix": "http://purl.obolibrary.org/obo/HP_"
    }, {
      "id": "pato",
      "name": "Phenotype And Trait Ontology",
      "url": "http://purl.obolibrary.org/obo/pato.owl",
      "version": "2018-03-28",
      "namespacePrefix": "PATO",
      "iriPrefix": "http://purl.obolibrary.org/obo/PATO_"
    }, {
      "id": "geno",
      "name": "Genotype Ontology",
      "url": "http://purl.obolibrary.org/obo/geno.owl",
      "version": "19-03-2018",
      "namespacePrefix": "GENO",
      "iriPrefix": "http://purl.obolibrary.org/obo/GENO_"
    }, {
      "id": "ncbitaxon",
      "name": "NCBI organismal classification",
      "url": "http://purl.obolibrary.org/obo/ncbitaxon.owl",
      "version": "2018-03-02",
      "namespacePrefix": "NCBITaxon"
    }, {
      "id": "eco",
      "name": "Evidence and Conclusion Ontology",
      "url": "http://purl.obolibrary.org/obo/eco.owl",
      "version": "2018-11-10",
      "namespacePrefix": "ECO",
      "iriPrefix": "http://purl.obolibrary.org/obo/ECO_"
    }, {
      "id": "omim",
      "name": "Online Mendelian Inheritance in Man",
      "url": "https://www.omim.org",
      "namespacePrefix": "OMIM"
    }],
    "phenopacketSchemaVersion": "1.0.0-RC3",
    "externalReferences": [{
      "id": "PMID:27374306",
      "description": "Novel calmodulin mutations associated with congenital long QT syndrome affect calcium current in human cardiomyocytes"
    }]
  }
}