{
  "id": "PMID:24769197-Prada-2014-CTSA-BAB3767",
  "subject": {
    "id": "BAB3767",
    "ageAtCollection": {
      "age": "24Y"
    },
    "sex": "FEMALE",
    "taxonomy": {
      "id": "NCBITaxon:9606",
      "label": "Homo sapiens"
    }
  },
  "phenotypicFeatures": [{
    "type": {
      "id": "HP:0000405",
      "label": "Conductive hearing impairment"
    },
    "evidence": [{
      "evidenceCode": {
        "id": "ECO:0000033",
        "label": "author statement supported by traceable reference"
      },
      "reference": {
        "id": "PMID:24769197",
        "description": "Clinical utility of whole-exome sequencing in rare diseases: Galactosialidosis"
      }
    }]
  }, {
    "type": {
      "id": "HP:0010729",
      "label": "Cherry red spot of the macula"
    },
    "negated": true,
    "evidence": [{
      "evidenceCode": {
        "id": "ECO:0000033",
        "label": "author statement supported by traceable reference"
      },
      "reference": {
        "id": "PMID:24769197",
        "description": "Clinical utility of whole-exome sequencing in rare diseases: Galactosialidosis"
      }
    }]
  }, {
    "type": {
      "id": "HP:0004322",
      "label": "Short stature"
    },
    "evidence": [{
      "evidenceCode": {
        "id": "ECO:0000033",
        "label": "author statement supported by traceable reference"
      },
      "reference": {
        "id": "PMID:24769197",
        "description": "Clinical utility of whole-exome sequencing in rare diseases: Galactosialidosis"
      }
    }]
  }, {
    "type": {
      "id": "HP:0000470",
      "label": "Short neck"
    },
    "evidence": [{
      "evidenceCode": {
        "id": "ECO:0000033",
        "label": "author statement supported by traceable reference"
      },
      "reference": {
        "id": "PMID:24769197",
        "description": "Clinical utility of whole-exome sequencing in rare diseases: Galactosialidosis"
      }
    }]
  }, {
    "type": {
      "id": "HP:0000272",
      "label": "Malar flattening"
    },
    "evidence": [{
      "evidenceCode": {
        "id": "ECO:0000033",
        "label": "author statement supported by traceable reference"
      },
      "reference": {
        "id": "PMID:24769197",
        "description": "Clinical utility of whole-exome sequencing in rare diseases: Galactosialidosis"
      }
    }]
  }, {
    "type": {
      "id": "HP:0003355",
      "label": "Aminoaciduria"
    },
    "negated": true,
    "evidence": [{
      "evidenceCode": {
        "id": "ECO:0000033",
        "label": "author statement supported by traceable reference"
      },
      "reference": {
        "id": "PMID:24769197",
        "description": "Clinical utility of whole-exome sequencing in rare diseases: Galactosialidosis"
      }
    }]
  }, {
    "type": {
      "id": "HP:0001251",
      "label": "Ataxia"
    },
    "negated": true,
    "evidence": [{
      "evidenceCode": {
        "id": "ECO:0000033",
        "label": "author statement supported by traceable reference"
      },
      "reference": {
        "id": "PMID:24769197",
        "description": "Clinical utility of whole-exome sequencing in rare diseases: Galactosialidosis"
      }
    }]
  }, {
    "type": {
      "id": "HP:0002779",
      "label": "Tracheomalacia"
    },
    "evidence": [{
      "evidenceCode": {
        "id": "ECO:0000033",
        "label": "author statement supported by traceable reference"
      },
      "reference": {
        "id": "PMID:24769197",
        "description": "Clinical utility of whole-exome sequencing in rare diseases: Galactosialidosis"
      }
    }]
  }, {
    "type": {
      "id": "HP:0002071",
      "label": "Abnormality of extrapyramidal motor function"
    },
    "negated": true,
    "evidence": [{
      "evidenceCode": {
        "id": "ECO:0000033",
        "label": "author statement supported by traceable reference"
      },
      "reference": {
        "id": "PMID:24769197",
        "description": "Clinical utility of whole-exome sequencing in rare diseases: Galactosialidosis"
      }
    }]
  }, {
    "type": {
      "id": "HP:0001256",
      "label": "Intellectual disability, mild"
    },
    "evidence": [{
      "evidenceCode": {
        "id": "ECO:0000033",
        "label": "author statement supported by traceable reference"
      },
      "reference": {
        "id": "PMID:24769197",
        "description": "Clinical utility of whole-exome sequencing in rare diseases: Galactosialidosis"
      }
    }]
  }, {
    "type": {
      "id": "HP:0001650",
      "label": "Aortic valve stenosis"
    },
    "evidence": [{
      "evidenceCode": {
        "id": "ECO:0000033",
        "label": "author statement supported by traceable reference"
      },
      "reference": {
        "id": "PMID:24769197",
        "description": "Clinical utility of whole-exome sequencing in rare diseases: Galactosialidosis"
      }
    }]
  }, {
    "type": {
      "id": "HP:0001014",
      "label": "Angiokeratoma"
    },
    "negated": true,
    "evidence": [{
      "evidenceCode": {
        "id": "ECO:0000033",
        "label": "author statement supported by traceable reference"
      },
      "reference": {
        "id": "PMID:24769197",
        "description": "Clinical utility of whole-exome sequencing in rare diseases: Galactosialidosis"
      }
    }]
  }, {
    "type": {
      "id": "HP:0001433",
      "label": "Hepatosplenomegaly"
    },
    "negated": true,
    "evidence": [{
      "evidenceCode": {
        "id": "ECO:0000033",
        "label": "author statement supported by traceable reference"
      },
      "reference": {
        "id": "PMID:24769197",
        "description": "Clinical utility of whole-exome sequencing in rare diseases: Galactosialidosis"
      }
    }]
  }],
  "genes": [{
    "id": "NCBIGene:5476",
    "symbol": "CTSA"
  }],
  "variants": [{
    "vcfAllele": {
      "genomeAssembly": "GRCh37",
      "chr": "20",
      "pos": 44522679,
      "ref": "T",
      "alt": "A"
    },
    "zygosity": {
      "id": "GENO:0000135",
      "label": "heterozygous"
    }
  }, {
    "vcfAllele": {
      "genomeAssembly": "GRCh37",
      "chr": "20",
      "pos": 44523342,
      "ref": "CTA",
      "alt": "C"
    },
    "zygosity": {
      "id": "GENO:0000135",
      "label": "heterozygous"
    }
  }],
  "diseases": [{
    "term": {
      "id": "OMIM:256540",
      "label": "GALACTOSIALIDOSIS; GSL"
    }
  }],
  "metaData": {
    "submittedBy": "HPO:probinson",
    "resources": [{
      "id": "hp",
      "name": "human phenotype ontology",
      "url": "http://purl.obolibrary.org/obo/hp.owl",
      "version": "2018-03-08",
      "namespacePrefix": "HP",
      "iriPrefix": "http://purl.obolibrary.org/obo/HP_"
    }, {
      "id": "pato",
      "name": "Phenotype And Trait Ontology",
      "url": "http://purl.obolibrary.org/obo/pato.owl",
      "version": "2018-03-28",
      "namespacePrefix": "PATO",
      "iriPrefix": "http://purl.obolibrary.org/obo/PATO_"
    }, {
      "id": "geno",
      "name": "Genotype Ontology",
      "url": "http://purl.obolibrary.org/obo/geno.owl",
      "version": "19-03-2018",
      "namespacePrefix": "GENO",
      "iriPrefix": "http://purl.obolibrary.org/obo/GENO_"
    }, {
      "id": "ncbitaxon",
      "name": "NCBI organismal classification",
      "url": "http://purl.obolibrary.org/obo/ncbitaxon.owl",
      "version": "2018-03-02",
      "namespacePrefix": "NCBITaxon"
    }, {
      "id": "eco",
      "name": "Evidence and Conclusion Ontology",
      "url": "http://purl.obolibrary.org/obo/eco.owl",
      "version": "2018-11-10",
      "namespacePrefix": "ECO",
      "iriPrefix": "http://purl.obolibrary.org/obo/ECO_"
    }, {
      "id": "omim",
      "name": "Online Mendelian Inheritance in Man",
      "url": "https://www.omim.org",
      "namespacePrefix": "OMIM"
    }],
    "phenopacketSchemaVersion": "1.0.0-RC3",
    "externalReferences": [{
      "id": "PMID:24769197",
      "description": "Clinical utility of whole-exome sequencing in rare diseases: Galactosialidosis"
    }]
  }
}