{
  "id": "PMID:30891318-Rincón-2019-WRN-48-year-old_male",
  "subject": {
    "id": "48-year-old male",
    "ageAtCollection": {
      "age": "P48Y"
    },
    "sex": "MALE",
    "taxonomy": {
      "id": "NCBITaxon:9606",
      "label": "Homo sapiens"
    }
  },
  "phenotypicFeatures": [{
    "type": {
      "id": "HP:0000939",
      "label": "Osteoporosis"
    },
    "negated": true,
    "evidence": [{
      "evidenceCode": {
        "id": "ECO:0000033",
        "label": "author statement supported by traceable reference"
      },
      "reference": {
        "id": "PMID:30891318",
        "description": "Werner\u0027s Syndrome: Understanding the Phenotype of Premature Aging-First Case Described in Colombia"
      }
    }]
  }, {
    "type": {
      "id": "HP:0001763",
      "label": "Pes planus"
    },
    "evidence": [{
      "evidenceCode": {
        "id": "ECO:0000033",
        "label": "author statement supported by traceable reference"
      },
      "reference": {
        "id": "PMID:30891318",
        "description": "Werner\u0027s Syndrome: Understanding the Phenotype of Premature Aging-First Case Described in Colombia"
      }
    }]
  }, {
    "type": {
      "id": "HP:0003758",
      "label": "Reduced subcutaneous adipose tissue"
    },
    "evidence": [{
      "evidenceCode": {
        "id": "ECO:0000033",
        "label": "author statement supported by traceable reference"
      },
      "reference": {
        "id": "PMID:30891318",
        "description": "Werner\u0027s Syndrome: Understanding the Phenotype of Premature Aging-First Case Described in Colombia"
      }
    }]
  }, {
    "type": {
      "id": "HP:0012804",
      "label": "Corneal ulceration"
    },
    "evidence": [{
      "evidenceCode": {
        "id": "ECO:0000033",
        "label": "author statement supported by traceable reference"
      },
      "reference": {
        "id": "PMID:30891318",
        "description": "Werner\u0027s Syndrome: Understanding the Phenotype of Premature Aging-First Case Described in Colombia"
      }
    }]
  }, {
    "type": {
      "id": "HP:0001956",
      "label": "Truncal obesity"
    },
    "evidence": [{
      "evidenceCode": {
        "id": "ECO:0000033",
        "label": "author statement supported by traceable reference"
      },
      "reference": {
        "id": "PMID:30891318",
        "description": "Werner\u0027s Syndrome: Understanding the Phenotype of Premature Aging-First Case Described in Colombia"
      }
    }]
  }, {
    "type": {
      "id": "HP:0000518",
      "label": "Cataract"
    },
    "evidence": [{
      "evidenceCode": {
        "id": "ECO:0000033",
        "label": "author statement supported by traceable reference"
      },
      "reference": {
        "id": "PMID:30891318",
        "description": "Werner\u0027s Syndrome: Understanding the Phenotype of Premature Aging-First Case Described in Colombia"
      }
    }]
  }, {
    "type": {
      "id": "HP:0000962",
      "label": "Hyperkeratosis"
    },
    "evidence": [{
      "evidenceCode": {
        "id": "ECO:0000033",
        "label": "author statement supported by traceable reference"
      },
      "reference": {
        "id": "PMID:30891318",
        "description": "Werner\u0027s Syndrome: Understanding the Phenotype of Premature Aging-First Case Described in Colombia"
      }
    }]
  }, {
    "type": {
      "id": "HP:0000822",
      "label": "Hypertension"
    },
    "negated": true,
    "evidence": [{
      "evidenceCode": {
        "id": "ECO:0000033",
        "label": "author statement supported by traceable reference"
      },
      "reference": {
        "id": "PMID:30891318",
        "description": "Werner\u0027s Syndrome: Understanding the Phenotype of Premature Aging-First Case Described in Colombia"
      }
    }]
  }, {
    "type": {
      "id": "HP:0002216",
      "label": "Premature graying of hair"
    },
    "evidence": [{
      "evidenceCode": {
        "id": "ECO:0000033",
        "label": "author statement supported by traceable reference"
      },
      "reference": {
        "id": "PMID:30891318",
        "description": "Werner\u0027s Syndrome: Understanding the Phenotype of Premature Aging-First Case Described in Colombia"
      }
    }]
  }, {
    "type": {
      "id": "HP:0002155",
      "label": "Hypertriglyceridemia"
    },
    "evidence": [{
      "evidenceCode": {
        "id": "ECO:0000033",
        "label": "author statement supported by traceable reference"
      },
      "reference": {
        "id": "PMID:30891318",
        "description": "Werner\u0027s Syndrome: Understanding the Phenotype of Premature Aging-First Case Described in Colombia"
      }
    }]
  }, {
    "type": {
      "id": "HP:0001620",
      "label": "High pitched voice"
    },
    "evidence": [{
      "evidenceCode": {
        "id": "ECO:0000033",
        "label": "author statement supported by traceable reference"
      },
      "reference": {
        "id": "PMID:30891318",
        "description": "Werner\u0027s Syndrome: Understanding the Phenotype of Premature Aging-First Case Described in Colombia"
      }
    }]
  }, {
    "type": {
      "id": "HP:0005978",
      "label": "Type II diabetes mellitus"
    },
    "evidence": [{
      "evidenceCode": {
        "id": "ECO:0000033",
        "label": "author statement supported by traceable reference"
      },
      "reference": {
        "id": "PMID:30891318",
        "description": "Werner\u0027s Syndrome: Understanding the Phenotype of Premature Aging-First Case Described in Colombia"
      }
    }]
  }, {
    "type": {
      "id": "HP:0000320",
      "label": "Bird-like facies"
    },
    "evidence": [{
      "evidenceCode": {
        "id": "ECO:0000033",
        "label": "author statement supported by traceable reference"
      },
      "reference": {
        "id": "PMID:30891318",
        "description": "Werner\u0027s Syndrome: Understanding the Phenotype of Premature Aging-First Case Described in Colombia"
      }
    }]
  }, {
    "type": {
      "id": "HP:0000819",
      "label": "Diabetes mellitus"
    },
    "negated": true,
    "evidence": [{
      "evidenceCode": {
        "id": "ECO:0000033",
        "label": "author statement supported by traceable reference"
      },
      "reference": {
        "id": "PMID:30891318",
        "description": "Werner\u0027s Syndrome: Understanding the Phenotype of Premature Aging-First Case Described in Colombia"
      }
    }]
  }, {
    "type": {
      "id": "HP:0004322",
      "label": "Short stature"
    },
    "evidence": [{
      "evidenceCode": {
        "id": "ECO:0000033",
        "label": "author statement supported by traceable reference"
      },
      "reference": {
        "id": "PMID:30891318",
        "description": "Werner\u0027s Syndrome: Understanding the Phenotype of Premature Aging-First Case Described in Colombia"
      }
    }]
  }, {
    "type": {
      "id": "HP:0000821",
      "label": "Hypothyroidism"
    },
    "evidence": [{
      "evidenceCode": {
        "id": "ECO:0000033",
        "label": "author statement supported by traceable reference"
      },
      "reference": {
        "id": "PMID:30891318",
        "description": "Werner\u0027s Syndrome: Understanding the Phenotype of Premature Aging-First Case Described in Colombia"
      }
    }]
  }, {
    "type": {
      "id": "HP:0025441",
      "label": "Achilles tendon calcification"
    },
    "evidence": [{
      "evidenceCode": {
        "id": "ECO:0000033",
        "label": "author statement supported by traceable reference"
      },
      "reference": {
        "id": "PMID:30891318",
        "description": "Werner\u0027s Syndrome: Understanding the Phenotype of Premature Aging-First Case Described in Colombia"
      }
    }]
  }, {
    "type": {
      "id": "HP:0003241",
      "label": "External genital hypoplasia"
    },
    "evidence": [{
      "evidenceCode": {
        "id": "ECO:0000033",
        "label": "author statement supported by traceable reference"
      },
      "reference": {
        "id": "PMID:30891318",
        "description": "Werner\u0027s Syndrome: Understanding the Phenotype of Premature Aging-First Case Described in Colombia"
      }
    }]
  }],
  "genes": [{
    "id": "NCBIGene:7486",
    "symbol": "WRN"
  }],
  "variants": [{
    "vcfAllele": {
      "genomeAssembly": "GRCh37",
      "chr": "8",
      "pos": 30977891,
      "ref": "C",
      "alt": "T"
    },
    "zygosity": {
      "id": "GENO:0000136",
      "label": "homozygous"
    }
  }],
  "diseases": [{
    "term": {
      "id": "OMIM:277700",
      "label": "WERNER SYNDROME; WRN"
    }
  }],
  "metaData": {
    "createdBy": "Hpo Case Annotator : 1.0.13-SNAPSHOT",
    "submittedBy": "HPO:probinson",
    "resources": [{
      "id": "hp",
      "name": "human phenotype ontology",
      "url": "http://purl.obolibrary.org/obo/hp.owl",
      "version": "2018-03-08",
      "namespacePrefix": "HP",
      "iriPrefix": "http://purl.obolibrary.org/obo/HP_"
    }, {
      "id": "pato",
      "name": "Phenotype And Trait Ontology",
      "url": "http://purl.obolibrary.org/obo/pato.owl",
      "version": "2018-03-28",
      "namespacePrefix": "PATO",
      "iriPrefix": "http://purl.obolibrary.org/obo/PATO_"
    }, {
      "id": "geno",
      "name": "Genotype Ontology",
      "url": "http://purl.obolibrary.org/obo/geno.owl",
      "version": "19-03-2018",
      "namespacePrefix": "GENO",
      "iriPrefix": "http://purl.obolibrary.org/obo/GENO_"
    }, {
      "id": "ncbitaxon",
      "name": "NCBI organismal classification",
      "url": "http://purl.obolibrary.org/obo/ncbitaxon.owl",
      "version": "2018-03-02",
      "namespacePrefix": "NCBITaxon"
    }, {
      "id": "eco",
      "name": "Evidence and Conclusion Ontology",
      "url": "http://purl.obolibrary.org/obo/eco.owl",
      "version": "2018-11-10",
      "namespacePrefix": "ECO",
      "iriPrefix": "http://purl.obolibrary.org/obo/ECO_"
    }, {
      "id": "omim",
      "name": "Online Mendelian Inheritance in Man",
      "url": "https://www.omim.org",
      "namespacePrefix": "OMIM"
    }],
    "phenopacketSchemaVersion": "1.0.0-RC3",
    "externalReferences": [{
      "id": "PMID:30891318",
      "description": "Werner\u0027s Syndrome: Understanding the Phenotype of Premature Aging-First Case Described in Colombia"
    }]
  }
}