{
  "id": "PMID:27587992-Salas-Alanís-2016-ANTXR1-14_year_old_brother",
  "subject": {
    "id": "14 year old brother",
    "ageAtCollection": {
      "age": "P14Y"
    },
    "sex": "MALE",
    "taxonomy": {
      "id": "NCBITaxon:9606",
      "label": "Homo sapiens"
    }
  },
  "phenotypicFeatures": [{
    "type": {
      "id": "HP:0000586",
      "label": "Shallow orbits"
    },
    "evidence": [{
      "evidenceCode": {
        "id": "ECO:0000033",
        "label": "author statement supported by traceable reference"
      },
      "reference": {
        "id": "PMID:27587992",
        "description": "New ANTXR1 Gene Mutation for GAPO Syndrome: A Case Report"
      }
    }]
  }, {
    "type": {
      "id": "HP:0000706",
      "label": "Unerupted tooth"
    },
    "evidence": [{
      "evidenceCode": {
        "id": "ECO:0000033",
        "label": "author statement supported by traceable reference"
      },
      "reference": {
        "id": "PMID:27587992",
        "description": "New ANTXR1 Gene Mutation for GAPO Syndrome: A Case Report"
      }
    }]
  }, {
    "type": {
      "id": "HP:0011120",
      "label": "Concave nasal ridge"
    },
    "evidence": [{
      "evidenceCode": {
        "id": "ECO:0000033",
        "label": "author statement supported by traceable reference"
      },
      "reference": {
        "id": "PMID:27587992",
        "description": "New ANTXR1 Gene Mutation for GAPO Syndrome: A Case Report"
      }
    }]
  }, {
    "type": {
      "id": "HP:0012471",
      "label": "Thick vermilion border"
    },
    "evidence": [{
      "evidenceCode": {
        "id": "ECO:0000033",
        "label": "author statement supported by traceable reference"
      },
      "reference": {
        "id": "PMID:27587992",
        "description": "New ANTXR1 Gene Mutation for GAPO Syndrome: A Case Report"
      }
    }]
  }, {
    "type": {
      "id": "HP:0001006",
      "label": "Hypotrichosis"
    },
    "evidence": [{
      "evidenceCode": {
        "id": "ECO:0000033",
        "label": "author statement supported by traceable reference"
      },
      "reference": {
        "id": "PMID:27587992",
        "description": "New ANTXR1 Gene Mutation for GAPO Syndrome: A Case Report"
      }
    }]
  }, {
    "type": {
      "id": "HP:0003510",
      "label": "Severe short stature"
    },
    "evidence": [{
      "evidenceCode": {
        "id": "ECO:0000033",
        "label": "author statement supported by traceable reference"
      },
      "reference": {
        "id": "PMID:27587992",
        "description": "New ANTXR1 Gene Mutation for GAPO Syndrome: A Case Report"
      }
    }]
  }, {
    "type": {
      "id": "HP:0000486",
      "label": "Strabismus"
    },
    "evidence": [{
      "evidenceCode": {
        "id": "ECO:0000033",
        "label": "author statement supported by traceable reference"
      },
      "reference": {
        "id": "PMID:27587992",
        "description": "New ANTXR1 Gene Mutation for GAPO Syndrome: A Case Report"
      }
    }]
  }, {
    "type": {
      "id": "HP:0000274",
      "label": "Small face"
    },
    "evidence": [{
      "evidenceCode": {
        "id": "ECO:0000033",
        "label": "author statement supported by traceable reference"
      },
      "reference": {
        "id": "PMID:27587992",
        "description": "New ANTXR1 Gene Mutation for GAPO Syndrome: A Case Report"
      }
    }]
  }, {
    "type": {
      "id": "HP:0001596",
      "label": "Alopecia"
    },
    "evidence": [{
      "evidenceCode": {
        "id": "ECO:0000033",
        "label": "author statement supported by traceable reference"
      },
      "reference": {
        "id": "PMID:27587992",
        "description": "New ANTXR1 Gene Mutation for GAPO Syndrome: A Case Report"
      }
    }]
  }, {
    "type": {
      "id": "HP:0002007",
      "label": "Frontal bossing"
    },
    "evidence": [{
      "evidenceCode": {
        "id": "ECO:0000033",
        "label": "author statement supported by traceable reference"
      },
      "reference": {
        "id": "PMID:27587992",
        "description": "New ANTXR1 Gene Mutation for GAPO Syndrome: A Case Report"
      }
    }]
  }, {
    "type": {
      "id": "HP:0000336",
      "label": "Prominent supraorbital ridges"
    },
    "evidence": [{
      "evidenceCode": {
        "id": "ECO:0000033",
        "label": "author statement supported by traceable reference"
      },
      "reference": {
        "id": "PMID:27587992",
        "description": "New ANTXR1 Gene Mutation for GAPO Syndrome: A Case Report"
      }
    }]
  }],
  "genes": [{
    "id": "NCBIGene:84168",
    "symbol": "ANTXR1"
  }],
  "variants": [{
    "vcfAllele": {
      "genomeAssembly": "GRCh37",
      "chr": "2",
      "pos": 69298917,
      "ref": "A",
      "alt": "T"
    },
    "zygosity": {
      "id": "GENO:0000136",
      "label": "homozygous"
    }
  }],
  "diseases": [{
    "term": {
      "id": "OMIM:230740",
      "label": "GAPO SYNDROME"
    }
  }],
  "metaData": {
    "createdBy": "Hpo Case Annotator : 1.0.13-SNAPSHOT",
    "submittedBy": "HPO:probinson",
    "resources": [{
      "id": "hp",
      "name": "human phenotype ontology",
      "url": "http://purl.obolibrary.org/obo/hp.owl",
      "version": "2018-03-08",
      "namespacePrefix": "HP",
      "iriPrefix": "http://purl.obolibrary.org/obo/HP_"
    }, {
      "id": "pato",
      "name": "Phenotype And Trait Ontology",
      "url": "http://purl.obolibrary.org/obo/pato.owl",
      "version": "2018-03-28",
      "namespacePrefix": "PATO",
      "iriPrefix": "http://purl.obolibrary.org/obo/PATO_"
    }, {
      "id": "geno",
      "name": "Genotype Ontology",
      "url": "http://purl.obolibrary.org/obo/geno.owl",
      "version": "19-03-2018",
      "namespacePrefix": "GENO",
      "iriPrefix": "http://purl.obolibrary.org/obo/GENO_"
    }, {
      "id": "ncbitaxon",
      "name": "NCBI organismal classification",
      "url": "http://purl.obolibrary.org/obo/ncbitaxon.owl",
      "version": "2018-03-02",
      "namespacePrefix": "NCBITaxon"
    }, {
      "id": "eco",
      "name": "Evidence and Conclusion Ontology",
      "url": "http://purl.obolibrary.org/obo/eco.owl",
      "version": "2018-11-10",
      "namespacePrefix": "ECO",
      "iriPrefix": "http://purl.obolibrary.org/obo/ECO_"
    }, {
      "id": "omim",
      "name": "Online Mendelian Inheritance in Man",
      "url": "https://www.omim.org",
      "namespacePrefix": "OMIM"
    }],
    "phenopacketSchemaVersion": "1.0.0-RC3",
    "externalReferences": [{
      "id": "PMID:27587992",
      "description": "New ANTXR1 Gene Mutation for GAPO Syndrome: A Case Report"
    }]
  }
}