{
  "id": "PMID:28862745-Schormair-2018-VPS13C-VPS13C_case",
  "subject": {
    "id": "VPS13C case",
    "ageAtCollection": {
      "age": "P39Y"
    },
    "sex": "FEMALE",
    "taxonomy": {
      "id": "NCBITaxon:9606",
      "label": "Homo sapiens"
    }
  },
  "phenotypicFeatures": [{
    "type": {
      "id": "HP:0000726",
      "label": "Dementia"
    },
    "evidence": [{
      "evidenceCode": {
        "id": "ECO:0000033",
        "label": "author statement supported by traceable reference"
      },
      "reference": {
        "id": "PMID:28862745",
        "description": "Diagnostic exome sequencing in early-onset Parkinson\u0027s disease confirms VPS13C as a rare cause of autosomal-recessive Parkinson\u0027s disease"
      }
    }]
  }, {
    "type": {
      "id": "HP:0100660",
      "label": "Dyskinesia"
    },
    "evidence": [{
      "evidenceCode": {
        "id": "ECO:0000033",
        "label": "author statement supported by traceable reference"
      },
      "reference": {
        "id": "PMID:28862745",
        "description": "Diagnostic exome sequencing in early-onset Parkinson\u0027s disease confirms VPS13C as a rare cause of autosomal-recessive Parkinson\u0027s disease"
      }
    }]
  }, {
    "type": {
      "id": "HP:0031908",
      "label": "Micrographia"
    },
    "evidence": [{
      "evidenceCode": {
        "id": "ECO:0000033",
        "label": "author statement supported by traceable reference"
      },
      "reference": {
        "id": "PMID:28862745",
        "description": "Diagnostic exome sequencing in early-onset Parkinson\u0027s disease confirms VPS13C as a rare cause of autosomal-recessive Parkinson\u0027s disease"
      }
    }]
  }, {
    "type": {
      "id": "HP:0000738",
      "label": "Hallucinations"
    },
    "evidence": [{
      "evidenceCode": {
        "id": "ECO:0000033",
        "label": "author statement supported by traceable reference"
      },
      "reference": {
        "id": "PMID:28862745",
        "description": "Diagnostic exome sequencing in early-onset Parkinson\u0027s disease confirms VPS13C as a rare cause of autosomal-recessive Parkinson\u0027s disease"
      }
    }]
  }, {
    "type": {
      "id": "HP:0000746",
      "label": "Delusions"
    },
    "evidence": [{
      "evidenceCode": {
        "id": "ECO:0000033",
        "label": "author statement supported by traceable reference"
      },
      "reference": {
        "id": "PMID:28862745",
        "description": "Diagnostic exome sequencing in early-onset Parkinson\u0027s disease confirms VPS13C as a rare cause of autosomal-recessive Parkinson\u0027s disease"
      }
    }]
  }, {
    "type": {
      "id": "HP:0001337",
      "label": "Tremor"
    },
    "evidence": [{
      "evidenceCode": {
        "id": "ECO:0000033",
        "label": "author statement supported by traceable reference"
      },
      "reference": {
        "id": "PMID:28862745",
        "description": "Diagnostic exome sequencing in early-onset Parkinson\u0027s disease confirms VPS13C as a rare cause of autosomal-recessive Parkinson\u0027s disease"
      }
    }]
  }, {
    "type": {
      "id": "HP:0001260",
      "label": "Dysarthria"
    },
    "evidence": [{
      "evidenceCode": {
        "id": "ECO:0000033",
        "label": "author statement supported by traceable reference"
      },
      "reference": {
        "id": "PMID:28862745",
        "description": "Diagnostic exome sequencing in early-onset Parkinson\u0027s disease confirms VPS13C as a rare cause of autosomal-recessive Parkinson\u0027s disease"
      }
    }]
  }, {
    "type": {
      "id": "HP:0002063",
      "label": "Rigidity"
    },
    "evidence": [{
      "evidenceCode": {
        "id": "ECO:0000033",
        "label": "author statement supported by traceable reference"
      },
      "reference": {
        "id": "PMID:28862745",
        "description": "Diagnostic exome sequencing in early-onset Parkinson\u0027s disease confirms VPS13C as a rare cause of autosomal-recessive Parkinson\u0027s disease"
      }
    }]
  }, {
    "type": {
      "id": "HP:0001300",
      "label": "Parkinsonism"
    },
    "evidence": [{
      "evidenceCode": {
        "id": "ECO:0000033",
        "label": "author statement supported by traceable reference"
      },
      "reference": {
        "id": "PMID:28862745",
        "description": "Diagnostic exome sequencing in early-onset Parkinson\u0027s disease confirms VPS13C as a rare cause of autosomal-recessive Parkinson\u0027s disease"
      }
    }]
  }, {
    "type": {
      "id": "HP:0001288",
      "label": "Gait disturbance"
    },
    "evidence": [{
      "evidenceCode": {
        "id": "ECO:0000033",
        "label": "author statement supported by traceable reference"
      },
      "reference": {
        "id": "PMID:28862745",
        "description": "Diagnostic exome sequencing in early-onset Parkinson\u0027s disease confirms VPS13C as a rare cause of autosomal-recessive Parkinson\u0027s disease"
      }
    }]
  }, {
    "type": {
      "id": "HP:0001332",
      "label": "Dystonia"
    },
    "evidence": [{
      "evidenceCode": {
        "id": "ECO:0000033",
        "label": "author statement supported by traceable reference"
      },
      "reference": {
        "id": "PMID:28862745",
        "description": "Diagnostic exome sequencing in early-onset Parkinson\u0027s disease confirms VPS13C as a rare cause of autosomal-recessive Parkinson\u0027s disease"
      }
    }]
  }],
  "genes": [{
    "id": "NCBIGene:54832",
    "symbol": "VPS13C"
  }],
  "variants": [{
    "vcfAllele": {
      "genomeAssembly": "GRCh37",
      "chr": "15",
      "pos": 62274656,
      "ref": "A",
      "alt": "C"
    },
    "zygosity": {
      "id": "GENO:0000135",
      "label": "heterozygous"
    }
  }, {
    "vcfAllele": {
      "genomeAssembly": "GRCh37",
      "chr": "15",
      "pos": 62256151,
      "ref": "C",
      "alt": "A"
    },
    "zygosity": {
      "id": "GENO:0000135",
      "label": "heterozygous"
    }
  }],
  "diseases": [{
    "term": {
      "id": "OMIM:616840",
      "label": "Parkinson disease 23, autosomal recessive, early onset"
    }
  }],
  "metaData": {
    "createdBy": "Hpo Case Annotator : 1.0.14-SNAPSHOT",
    "submittedBy": "UNC:biocuration",
    "resources": [{
      "id": "hp",
      "name": "human phenotype ontology",
      "url": "http://purl.obolibrary.org/obo/hp.owl",
      "version": "2018-03-08",
      "namespacePrefix": "HP",
      "iriPrefix": "http://purl.obolibrary.org/obo/HP_"
    }, {
      "id": "pato",
      "name": "Phenotype And Trait Ontology",
      "url": "http://purl.obolibrary.org/obo/pato.owl",
      "version": "2018-03-28",
      "namespacePrefix": "PATO",
      "iriPrefix": "http://purl.obolibrary.org/obo/PATO_"
    }, {
      "id": "geno",
      "name": "Genotype Ontology",
      "url": "http://purl.obolibrary.org/obo/geno.owl",
      "version": "19-03-2018",
      "namespacePrefix": "GENO",
      "iriPrefix": "http://purl.obolibrary.org/obo/GENO_"
    }, {
      "id": "ncbitaxon",
      "name": "NCBI organismal classification",
      "url": "http://purl.obolibrary.org/obo/ncbitaxon.owl",
      "version": "2018-03-02",
      "namespacePrefix": "NCBITaxon"
    }, {
      "id": "eco",
      "name": "Evidence and Conclusion Ontology",
      "url": "http://purl.obolibrary.org/obo/eco.owl",
      "version": "2018-11-10",
      "namespacePrefix": "ECO",
      "iriPrefix": "http://purl.obolibrary.org/obo/ECO_"
    }, {
      "id": "omim",
      "name": "Online Mendelian Inheritance in Man",
      "url": "https://www.omim.org",
      "namespacePrefix": "OMIM"
    }],
    "phenopacketSchemaVersion": "1.0.0-RC3",
    "externalReferences": [{
      "id": "PMID:28862745",
      "description": "Diagnostic exome sequencing in early-onset Parkinson\u0027s disease confirms VPS13C as a rare cause of autosomal-recessive Parkinson\u0027s disease"
    }]
  }
}