{
  "id": "PMID:24239060-Schreckenbach-2014-TPM3-II.2",
  "subject": {
    "id": "II.2",
    "ageAtCollection": {
      "age": "P45Y"
    },
    "sex": "FEMALE",
    "taxonomy": {
      "id": "NCBITaxon:9606",
      "label": "Homo sapiens"
    }
  },
  "phenotypicFeatures": [{
    "type": {
      "id": "HP:0002527",
      "label": "Falls"
    },
    "evidence": [{
      "evidenceCode": {
        "id": "ECO:0000033",
        "label": "author statement supported by traceable reference"
      },
      "reference": {
        "id": "PMID:24239060",
        "description": "Novel TPM3 mutation in a family with cap myopathy and review of the literature"
      }
    }]
  }, {
    "type": {
      "id": "HP:0001260",
      "label": "Dysarthria"
    },
    "negated": true,
    "evidence": [{
      "evidenceCode": {
        "id": "ECO:0000033",
        "label": "author statement supported by traceable reference"
      },
      "reference": {
        "id": "PMID:24239060",
        "description": "Novel TPM3 mutation in a family with cap myopathy and review of the literature"
      }
    }]
  }, {
    "type": {
      "id": "HP:0003391",
      "label": "Gowers sign"
    },
    "negated": true,
    "evidence": [{
      "evidenceCode": {
        "id": "ECO:0000033",
        "label": "author statement supported by traceable reference"
      },
      "reference": {
        "id": "PMID:24239060",
        "description": "Novel TPM3 mutation in a family with cap myopathy and review of the literature"
      }
    }]
  }, {
    "type": {
      "id": "HP:0009046",
      "label": "Difficulty running"
    },
    "evidence": [{
      "evidenceCode": {
        "id": "ECO:0000033",
        "label": "author statement supported by traceable reference"
      },
      "reference": {
        "id": "PMID:24239060",
        "description": "Novel TPM3 mutation in a family with cap myopathy and review of the literature"
      }
    }]
  }, {
    "type": {
      "id": "HP:0000347",
      "label": "Micrognathia"
    },
    "evidence": [{
      "evidenceCode": {
        "id": "ECO:0000033",
        "label": "author statement supported by traceable reference"
      },
      "reference": {
        "id": "PMID:24239060",
        "description": "Novel TPM3 mutation in a family with cap myopathy and review of the literature"
      }
    }]
  }, {
    "type": {
      "id": "HP:0003691",
      "label": "Scapular winging"
    },
    "evidence": [{
      "evidenceCode": {
        "id": "ECO:0000033",
        "label": "author statement supported by traceable reference"
      },
      "reference": {
        "id": "PMID:24239060",
        "description": "Novel TPM3 mutation in a family with cap myopathy and review of the literature"
      }
    }]
  }, {
    "type": {
      "id": "HP:0002913",
      "label": "Myoglobinuria"
    },
    "negated": true,
    "evidence": [{
      "evidenceCode": {
        "id": "ECO:0000033",
        "label": "author statement supported by traceable reference"
      },
      "reference": {
        "id": "PMID:24239060",
        "description": "Novel TPM3 mutation in a family with cap myopathy and review of the literature"
      }
    }]
  }, {
    "type": {
      "id": "HP:0001265",
      "label": "Hyporeflexia"
    },
    "evidence": [{
      "evidenceCode": {
        "id": "ECO:0000033",
        "label": "author statement supported by traceable reference"
      },
      "reference": {
        "id": "PMID:24239060",
        "description": "Novel TPM3 mutation in a family with cap myopathy and review of the literature"
      }
    }]
  }, {
    "type": {
      "id": "HP:0000275",
      "label": "Narrow face"
    },
    "evidence": [{
      "evidenceCode": {
        "id": "ECO:0000033",
        "label": "author statement supported by traceable reference"
      },
      "reference": {
        "id": "PMID:24239060",
        "description": "Novel TPM3 mutation in a family with cap myopathy and review of the literature"
      }
    }]
  }, {
    "type": {
      "id": "HP:0002650",
      "label": "Scoliosis"
    },
    "evidence": [{
      "evidenceCode": {
        "id": "ECO:0000033",
        "label": "author statement supported by traceable reference"
      },
      "reference": {
        "id": "PMID:24239060",
        "description": "Novel TPM3 mutation in a family with cap myopathy and review of the literature"
      }
    }]
  }, {
    "type": {
      "id": "HP:0000651",
      "label": "Diplopia"
    },
    "negated": true,
    "evidence": [{
      "evidenceCode": {
        "id": "ECO:0000033",
        "label": "author statement supported by traceable reference"
      },
      "reference": {
        "id": "PMID:24239060",
        "description": "Novel TPM3 mutation in a family with cap myopathy and review of the literature"
      }
    }]
  }, {
    "type": {
      "id": "HP:0002515",
      "label": "Waddling gait"
    },
    "evidence": [{
      "evidenceCode": {
        "id": "ECO:0000033",
        "label": "author statement supported by traceable reference"
      },
      "reference": {
        "id": "PMID:24239060",
        "description": "Novel TPM3 mutation in a family with cap myopathy and review of the literature"
      }
    }]
  }, {
    "type": {
      "id": "HP:0002495",
      "label": "Impaired vibratory sensation"
    },
    "negated": true,
    "evidence": [{
      "evidenceCode": {
        "id": "ECO:0000033",
        "label": "author statement supported by traceable reference"
      },
      "reference": {
        "id": "PMID:24239060",
        "description": "Novel TPM3 mutation in a family with cap myopathy and review of the literature"
      }
    }]
  }, {
    "type": {
      "id": "HP:0010830",
      "label": "Impaired tactile sensation"
    },
    "negated": true,
    "evidence": [{
      "evidenceCode": {
        "id": "ECO:0000033",
        "label": "author statement supported by traceable reference"
      },
      "reference": {
        "id": "PMID:24239060",
        "description": "Novel TPM3 mutation in a family with cap myopathy and review of the literature"
      }
    }]
  }, {
    "type": {
      "id": "HP:0003202",
      "label": "Skeletal muscle atrophy"
    },
    "evidence": [{
      "evidenceCode": {
        "id": "ECO:0000033",
        "label": "author statement supported by traceable reference"
      },
      "reference": {
        "id": "PMID:24239060",
        "description": "Novel TPM3 mutation in a family with cap myopathy and review of the literature"
      }
    }]
  }, {
    "type": {
      "id": "HP:0002705",
      "label": "High, narrow palate"
    },
    "evidence": [{
      "evidenceCode": {
        "id": "ECO:0000033",
        "label": "author statement supported by traceable reference"
      },
      "reference": {
        "id": "PMID:24239060",
        "description": "Novel TPM3 mutation in a family with cap myopathy and review of the literature"
      }
    }]
  }, {
    "type": {
      "id": "HP:0003326",
      "label": "Myalgia"
    },
    "negated": true,
    "evidence": [{
      "evidenceCode": {
        "id": "ECO:0000033",
        "label": "author statement supported by traceable reference"
      },
      "reference": {
        "id": "PMID:24239060",
        "description": "Novel TPM3 mutation in a family with cap myopathy and review of the literature"
      }
    }]
  }, {
    "type": {
      "id": "HP:0040129",
      "label": "Abnormal nerve conduction velocity"
    },
    "negated": true,
    "evidence": [{
      "evidenceCode": {
        "id": "ECO:0000033",
        "label": "author statement supported by traceable reference"
      },
      "reference": {
        "id": "PMID:24239060",
        "description": "Novel TPM3 mutation in a family with cap myopathy and review of the literature"
      }
    }]
  }, {
    "type": {
      "id": "HP:0003701",
      "label": "Proximal muscle weakness"
    },
    "evidence": [{
      "evidenceCode": {
        "id": "ECO:0000033",
        "label": "author statement supported by traceable reference"
      },
      "reference": {
        "id": "PMID:24239060",
        "description": "Novel TPM3 mutation in a family with cap myopathy and review of the literature"
      }
    }]
  }, {
    "type": {
      "id": "HP:0000508",
      "label": "Ptosis"
    },
    "negated": true,
    "evidence": [{
      "evidenceCode": {
        "id": "ECO:0000033",
        "label": "author statement supported by traceable reference"
      },
      "reference": {
        "id": "PMID:24239060",
        "description": "Novel TPM3 mutation in a family with cap myopathy and review of the literature"
      }
    }]
  }],
  "genes": [{
    "id": "NCBIGene:7170",
    "symbol": "TPM3"
  }],
  "variants": [{
    "vcfAllele": {
      "genomeAssembly": "GRCh37",
      "chr": "1",
      "pos": 154145610,
      "ref": "G",
      "alt": "T"
    },
    "zygosity": {
      "id": "GENO:0000135",
      "label": "heterozygous"
    }
  }],
  "diseases": [{
    "term": {
      "id": "OMIM:609284",
      "label": "NEMALINE MYOPATHY 1; NEM1CAP MYOPATHY 1, INCLUDED; CAPM1, INCLUDED"
    }
  }],
  "metaData": {
    "createdBy": "Hpo Case Annotator : 1.0.13-SNAPSHOT",
    "submittedBy": "HPO:probinson",
    "resources": [{
      "id": "hp",
      "name": "human phenotype ontology",
      "url": "http://purl.obolibrary.org/obo/hp.owl",
      "version": "2018-03-08",
      "namespacePrefix": "HP",
      "iriPrefix": "http://purl.obolibrary.org/obo/HP_"
    }, {
      "id": "pato",
      "name": "Phenotype And Trait Ontology",
      "url": "http://purl.obolibrary.org/obo/pato.owl",
      "version": "2018-03-28",
      "namespacePrefix": "PATO",
      "iriPrefix": "http://purl.obolibrary.org/obo/PATO_"
    }, {
      "id": "geno",
      "name": "Genotype Ontology",
      "url": "http://purl.obolibrary.org/obo/geno.owl",
      "version": "19-03-2018",
      "namespacePrefix": "GENO",
      "iriPrefix": "http://purl.obolibrary.org/obo/GENO_"
    }, {
      "id": "ncbitaxon",
      "name": "NCBI organismal classification",
      "url": "http://purl.obolibrary.org/obo/ncbitaxon.owl",
      "version": "2018-03-02",
      "namespacePrefix": "NCBITaxon"
    }, {
      "id": "eco",
      "name": "Evidence and Conclusion Ontology",
      "url": "http://purl.obolibrary.org/obo/eco.owl",
      "version": "2018-11-10",
      "namespacePrefix": "ECO",
      "iriPrefix": "http://purl.obolibrary.org/obo/ECO_"
    }, {
      "id": "omim",
      "name": "Online Mendelian Inheritance in Man",
      "url": "https://www.omim.org",
      "namespacePrefix": "OMIM"
    }],
    "phenopacketSchemaVersion": "1.0.0-RC3",
    "externalReferences": [{
      "id": "PMID:24239060",
      "description": "Novel TPM3 mutation in a family with cap myopathy and review of the literature"
    }]
  }
}