{
  "id": "PMID:30050362-Schussler-2018-ANTXR2-II-3_",
  "subject": {
    "id": "II-3 ",
    "ageAtCollection": {
      "age": "P10M"
    },
    "sex": "MALE",
    "taxonomy": {
      "id": "NCBITaxon:9606",
      "label": "Homo sapiens"
    }
  },
  "phenotypicFeatures": [{
    "type": {
      "id": "HP:0012531",
      "label": "Pain"
    },
    "evidence": [{
      "evidenceCode": {
        "id": "ECO:0000033",
        "label": "author statement supported by traceable reference"
      },
      "reference": {
        "id": "PMID:30050362",
        "description": "Protein-losing enteropathy and joint contractures caused by a novel homozygous ANTXR2 mutation"
      }
    }]
  }, {
    "type": {
      "id": "HP:0003073",
      "label": "Hypoalbuminemia"
    },
    "evidence": [{
      "evidenceCode": {
        "id": "ECO:0000033",
        "label": "author statement supported by traceable reference"
      },
      "reference": {
        "id": "PMID:30050362",
        "description": "Protein-losing enteropathy and joint contractures caused by a novel homozygous ANTXR2 mutation"
      }
    }]
  }, {
    "type": {
      "id": "HP:0030350",
      "label": "Erythematous papule"
    },
    "evidence": [{
      "evidenceCode": {
        "id": "ECO:0000033",
        "label": "author statement supported by traceable reference"
      },
      "reference": {
        "id": "PMID:30050362",
        "description": "Protein-losing enteropathy and joint contractures caused by a novel homozygous ANTXR2 mutation"
      }
    }]
  }, {
    "type": {
      "id": "HP:0000737",
      "label": "Irritability"
    },
    "evidence": [{
      "evidenceCode": {
        "id": "ECO:0000033",
        "label": "author statement supported by traceable reference"
      },
      "reference": {
        "id": "PMID:30050362",
        "description": "Protein-losing enteropathy and joint contractures caused by a novel homozygous ANTXR2 mutation"
      }
    }]
  }, {
    "type": {
      "id": "HP:0002243",
      "label": "Protein-losing enteropathy"
    },
    "evidence": [{
      "evidenceCode": {
        "id": "ECO:0000033",
        "label": "author statement supported by traceable reference"
      },
      "reference": {
        "id": "PMID:30050362",
        "description": "Protein-losing enteropathy and joint contractures caused by a novel homozygous ANTXR2 mutation"
      }
    }]
  }, {
    "type": {
      "id": "HP:0031359",
      "label": "Cutaneous sclerotic plaque"
    },
    "evidence": [{
      "evidenceCode": {
        "id": "ECO:0000033",
        "label": "author statement supported by traceable reference"
      },
      "reference": {
        "id": "PMID:30050362",
        "description": "Protein-losing enteropathy and joint contractures caused by a novel homozygous ANTXR2 mutation"
      }
    }]
  }, {
    "type": {
      "id": "HP:0001824",
      "label": "Weight loss"
    },
    "evidence": [{
      "evidenceCode": {
        "id": "ECO:0000033",
        "label": "author statement supported by traceable reference"
      },
      "reference": {
        "id": "PMID:30050362",
        "description": "Protein-losing enteropathy and joint contractures caused by a novel homozygous ANTXR2 mutation"
      }
    }]
  }, {
    "type": {
      "id": "HP:0004395",
      "label": "Malnutrition"
    },
    "evidence": [{
      "evidenceCode": {
        "id": "ECO:0000033",
        "label": "author statement supported by traceable reference"
      },
      "reference": {
        "id": "PMID:30050362",
        "description": "Protein-losing enteropathy and joint contractures caused by a novel homozygous ANTXR2 mutation"
      }
    }]
  }, {
    "type": {
      "id": "HP:0001941",
      "label": "Acidosis"
    },
    "evidence": [{
      "evidenceCode": {
        "id": "ECO:0000033",
        "label": "author statement supported by traceable reference"
      },
      "reference": {
        "id": "PMID:30050362",
        "description": "Protein-losing enteropathy and joint contractures caused by a novel homozygous ANTXR2 mutation"
      }
    }]
  }, {
    "type": {
      "id": "HP:0001371",
      "label": "Flexion contracture"
    },
    "evidence": [{
      "evidenceCode": {
        "id": "ECO:0000033",
        "label": "author statement supported by traceable reference"
      },
      "reference": {
        "id": "PMID:30050362",
        "description": "Protein-losing enteropathy and joint contractures caused by a novel homozygous ANTXR2 mutation"
      }
    }]
  }, {
    "type": {
      "id": "HP:0000212",
      "label": "Gingival overgrowth"
    },
    "evidence": [{
      "evidenceCode": {
        "id": "ECO:0000033",
        "label": "author statement supported by traceable reference"
      },
      "reference": {
        "id": "PMID:30050362",
        "description": "Protein-losing enteropathy and joint contractures caused by a novel homozygous ANTXR2 mutation"
      }
    }]
  }, {
    "type": {
      "id": "HP:0002902",
      "label": "Hyponatremia"
    },
    "evidence": [{
      "evidenceCode": {
        "id": "ECO:0000033",
        "label": "author statement supported by traceable reference"
      },
      "reference": {
        "id": "PMID:30050362",
        "description": "Protein-losing enteropathy and joint contractures caused by a novel homozygous ANTXR2 mutation"
      }
    }]
  }, {
    "type": {
      "id": "HP:0002153",
      "label": "Hyperkalemia"
    },
    "evidence": [{
      "evidenceCode": {
        "id": "ECO:0000033",
        "label": "author statement supported by traceable reference"
      },
      "reference": {
        "id": "PMID:30050362",
        "description": "Protein-losing enteropathy and joint contractures caused by a novel homozygous ANTXR2 mutation"
      }
    }]
  }],
  "genes": [{
    "id": "NCBIGene:118429",
    "symbol": "ANTXR2"
  }],
  "variants": [{
    "vcfAllele": {
      "genomeAssembly": "GRCh37",
      "chr": "4",
      "pos": 80905082,
      "ref": "CCA",
      "alt": "C"
    },
    "zygosity": {
      "id": "GENO:0000136",
      "label": "homozygous"
    }
  }],
  "diseases": [{
    "term": {
      "id": "OMIM:228600",
      "label": "HYALINE FIBROMATOSIS SYNDROME; HFS"
    }
  }],
  "metaData": {
    "createdBy": "Hpo Case Annotator : 1.0.13-SNAPSHOT",
    "submittedBy": "HPO:probinson",
    "resources": [{
      "id": "hp",
      "name": "human phenotype ontology",
      "url": "http://purl.obolibrary.org/obo/hp.owl",
      "version": "2018-03-08",
      "namespacePrefix": "HP",
      "iriPrefix": "http://purl.obolibrary.org/obo/HP_"
    }, {
      "id": "pato",
      "name": "Phenotype And Trait Ontology",
      "url": "http://purl.obolibrary.org/obo/pato.owl",
      "version": "2018-03-28",
      "namespacePrefix": "PATO",
      "iriPrefix": "http://purl.obolibrary.org/obo/PATO_"
    }, {
      "id": "geno",
      "name": "Genotype Ontology",
      "url": "http://purl.obolibrary.org/obo/geno.owl",
      "version": "19-03-2018",
      "namespacePrefix": "GENO",
      "iriPrefix": "http://purl.obolibrary.org/obo/GENO_"
    }, {
      "id": "ncbitaxon",
      "name": "NCBI organismal classification",
      "url": "http://purl.obolibrary.org/obo/ncbitaxon.owl",
      "version": "2018-03-02",
      "namespacePrefix": "NCBITaxon"
    }, {
      "id": "eco",
      "name": "Evidence and Conclusion Ontology",
      "url": "http://purl.obolibrary.org/obo/eco.owl",
      "version": "2018-11-10",
      "namespacePrefix": "ECO",
      "iriPrefix": "http://purl.obolibrary.org/obo/ECO_"
    }, {
      "id": "omim",
      "name": "Online Mendelian Inheritance in Man",
      "url": "https://www.omim.org",
      "namespacePrefix": "OMIM"
    }],
    "phenopacketSchemaVersion": "1.0.0-RC3",
    "externalReferences": [{
      "id": "PMID:30050362",
      "description": "Protein-losing enteropathy and joint contractures caused by a novel homozygous ANTXR2 mutation"
    }]
  }
}