{
  "id": "PMID:25145518-Schweizer-2014-HCN4-family_A/II:1",
  "subject": {
    "id": "family A/II:1",
    "ageAtCollection": {
      "age": "P57Y"
    },
    "sex": "FEMALE",
    "taxonomy": {
      "id": "NCBITaxon:9606",
      "label": "Homo sapiens"
    }
  },
  "phenotypicFeatures": [{
    "type": {
      "id": "HP:0030682",
      "label": "Left ventricular noncompaction"
    },
    "evidence": [{
      "evidenceCode": {
        "id": "ECO:0000033",
        "label": "author statement supported by traceable reference"
      },
      "reference": {
        "id": "PMID:25145518",
        "description": "The symptom complex of familial sinus node dysfunction and myocardial noncompaction is associated with mutations in the HCN4 channel"
      }
    }]
  }, {
    "type": {
      "id": "HP:0001663",
      "label": "Ventricular fibrillation"
    },
    "evidence": [{
      "evidenceCode": {
        "id": "ECO:0000033",
        "label": "author statement supported by traceable reference"
      },
      "reference": {
        "id": "PMID:25145518",
        "description": "The symptom complex of familial sinus node dysfunction and myocardial noncompaction is associated with mutations in the HCN4 channel"
      }
    }]
  }, {
    "type": {
      "id": "HP:0001688",
      "label": "Sinus bradycardia"
    },
    "evidence": [{
      "evidenceCode": {
        "id": "ECO:0000033",
        "label": "author statement supported by traceable reference"
      },
      "reference": {
        "id": "PMID:25145518",
        "description": "The symptom complex of familial sinus node dysfunction and myocardial noncompaction is associated with mutations in the HCN4 channel"
      }
    }]
  }],
  "genes": [{
    "id": "NCBIGene:10021",
    "symbol": "HCN4"
  }],
  "variants": [{
    "vcfAllele": {
      "genomeAssembly": "GRCh37",
      "chr": "15",
      "pos": 73622060,
      "ref": "C",
      "alt": "G"
    },
    "zygosity": {
      "id": "GENO:0000135",
      "label": "heterozygous"
    }
  }],
  "diseases": [{
    "term": {
      "id": "OMIM:163800",
      "label": "SICK SINUS SYNDROME 2, AUTOSOMAL DOMINANT; SSS2"
    }
  }],
  "metaData": {
    "createdBy": "Hpo Case Annotator : 1.0.13-SNAPSHOT",
    "submittedBy": "HPO:probinson",
    "resources": [{
      "id": "hp",
      "name": "human phenotype ontology",
      "url": "http://purl.obolibrary.org/obo/hp.owl",
      "version": "2018-03-08",
      "namespacePrefix": "HP",
      "iriPrefix": "http://purl.obolibrary.org/obo/HP_"
    }, {
      "id": "pato",
      "name": "Phenotype And Trait Ontology",
      "url": "http://purl.obolibrary.org/obo/pato.owl",
      "version": "2018-03-28",
      "namespacePrefix": "PATO",
      "iriPrefix": "http://purl.obolibrary.org/obo/PATO_"
    }, {
      "id": "geno",
      "name": "Genotype Ontology",
      "url": "http://purl.obolibrary.org/obo/geno.owl",
      "version": "19-03-2018",
      "namespacePrefix": "GENO",
      "iriPrefix": "http://purl.obolibrary.org/obo/GENO_"
    }, {
      "id": "ncbitaxon",
      "name": "NCBI organismal classification",
      "url": "http://purl.obolibrary.org/obo/ncbitaxon.owl",
      "version": "2018-03-02",
      "namespacePrefix": "NCBITaxon"
    }, {
      "id": "eco",
      "name": "Evidence and Conclusion Ontology",
      "url": "http://purl.obolibrary.org/obo/eco.owl",
      "version": "2018-11-10",
      "namespacePrefix": "ECO",
      "iriPrefix": "http://purl.obolibrary.org/obo/ECO_"
    }, {
      "id": "omim",
      "name": "Online Mendelian Inheritance in Man",
      "url": "https://www.omim.org",
      "namespacePrefix": "OMIM"
    }],
    "phenopacketSchemaVersion": "1.0.0-RC3",
    "externalReferences": [{
      "id": "PMID:25145518",
      "description": "The symptom complex of familial sinus node dysfunction and myocardial noncompaction is associated with mutations in the HCN4 channel"
    }]
  }
}