{
  "id": "PMID:24300288-Seven-2014-DYM-Patient_2",
  "subject": {
    "id": "Patient 2",
    "ageAtCollection": {
      "age": "3Y"
    },
    "sex": "FEMALE",
    "taxonomy": {
      "id": "NCBITaxon:9606",
      "label": "Homo sapiens"
    }
  },
  "phenotypicFeatures": [{
    "type": {
      "id": "HP:0002035",
      "label": "Rectal prolapse"
    },
    "evidence": [{
      "evidenceCode": {
        "id": "ECO:0000033",
        "label": "author statement supported by traceable reference"
      },
      "reference": {
        "id": "PMID:24300288",
        "description": "A novel frameshift mutation and infrequent clinical findings in two cases with Dyggve-Melchior-Clausen syndrome"
      }
    }]
  }, {
    "type": {
      "id": "HP:0001256",
      "label": "Intellectual disability, mild"
    },
    "evidence": [{
      "evidenceCode": {
        "id": "ECO:0000033",
        "label": "author statement supported by traceable reference"
      },
      "reference": {
        "id": "PMID:24300288",
        "description": "A novel frameshift mutation and infrequent clinical findings in two cases with Dyggve-Melchior-Clausen syndrome"
      }
    }]
  }, {
    "type": {
      "id": "HP:0003183",
      "label": "Wide pubic symphysis"
    },
    "evidence": [{
      "evidenceCode": {
        "id": "ECO:0000033",
        "label": "author statement supported by traceable reference"
      },
      "reference": {
        "id": "PMID:24300288",
        "description": "A novel frameshift mutation and infrequent clinical findings in two cases with Dyggve-Melchior-Clausen syndrome"
      }
    }]
  }, {
    "type": {
      "id": "HP:0010049",
      "label": "Short metacarpal"
    },
    "evidence": [{
      "evidenceCode": {
        "id": "ECO:0000033",
        "label": "author statement supported by traceable reference"
      },
      "reference": {
        "id": "PMID:24300288",
        "description": "A novel frameshift mutation and infrequent clinical findings in two cases with Dyggve-Melchior-Clausen syndrome"
      }
    }]
  }, {
    "type": {
      "id": "HP:0008905",
      "label": "Rhizomelia"
    },
    "evidence": [{
      "evidenceCode": {
        "id": "ECO:0000033",
        "label": "author statement supported by traceable reference"
      },
      "reference": {
        "id": "PMID:24300288",
        "description": "A novel frameshift mutation and infrequent clinical findings in two cases with Dyggve-Melchior-Clausen syndrome"
      }
    }]
  }, {
    "type": {
      "id": "HP:0010743",
      "label": "Short metatarsal"
    },
    "evidence": [{
      "evidenceCode": {
        "id": "ECO:0000033",
        "label": "author statement supported by traceable reference"
      },
      "reference": {
        "id": "PMID:24300288",
        "description": "A novel frameshift mutation and infrequent clinical findings in two cases with Dyggve-Melchior-Clausen syndrome"
      }
    }]
  }, {
    "type": {
      "id": "HP:0003796",
      "label": "Irregular iliac crest"
    },
    "evidence": [{
      "evidenceCode": {
        "id": "ECO:0000033",
        "label": "author statement supported by traceable reference"
      },
      "reference": {
        "id": "PMID:24300288",
        "description": "A novel frameshift mutation and infrequent clinical findings in two cases with Dyggve-Melchior-Clausen syndrome"
      }
    }]
  }],
  "genes": [{
    "id": "NCBIGene:54808",
    "symbol": "DYM"
  }],
  "variants": [{
    "vcfAllele": {
      "genomeAssembly": "GRCh37",
      "chr": "18",
      "pos": 46860138,
      "ref": "G",
      "alt": "A"
    },
    "zygosity": {
      "id": "GENO:0000136",
      "label": "homozygous"
    }
  }],
  "diseases": [{
    "term": {
      "id": "OMIM:223800",
      "label": "DYGGVE-MELCHIOR-CLAUSEN DISEASE; DMC"
    }
  }],
  "metaData": {
    "submittedBy": "HPO:probinson",
    "resources": [{
      "id": "hp",
      "name": "human phenotype ontology",
      "url": "http://purl.obolibrary.org/obo/hp.owl",
      "version": "2018-03-08",
      "namespacePrefix": "HP",
      "iriPrefix": "http://purl.obolibrary.org/obo/HP_"
    }, {
      "id": "pato",
      "name": "Phenotype And Trait Ontology",
      "url": "http://purl.obolibrary.org/obo/pato.owl",
      "version": "2018-03-28",
      "namespacePrefix": "PATO",
      "iriPrefix": "http://purl.obolibrary.org/obo/PATO_"
    }, {
      "id": "geno",
      "name": "Genotype Ontology",
      "url": "http://purl.obolibrary.org/obo/geno.owl",
      "version": "19-03-2018",
      "namespacePrefix": "GENO",
      "iriPrefix": "http://purl.obolibrary.org/obo/GENO_"
    }, {
      "id": "ncbitaxon",
      "name": "NCBI organismal classification",
      "url": "http://purl.obolibrary.org/obo/ncbitaxon.owl",
      "version": "2018-03-02",
      "namespacePrefix": "NCBITaxon"
    }, {
      "id": "eco",
      "name": "Evidence and Conclusion Ontology",
      "url": "http://purl.obolibrary.org/obo/eco.owl",
      "version": "2018-11-10",
      "namespacePrefix": "ECO",
      "iriPrefix": "http://purl.obolibrary.org/obo/ECO_"
    }, {
      "id": "omim",
      "name": "Online Mendelian Inheritance in Man",
      "url": "https://www.omim.org",
      "namespacePrefix": "OMIM"
    }],
    "phenopacketSchemaVersion": "1.0.0-RC3",
    "externalReferences": [{
      "id": "PMID:24300288",
      "description": "A novel frameshift mutation and infrequent clinical findings in two cases with Dyggve-Melchior-Clausen syndrome"
    }]
  }
}