{
  "id": "PMID:24269551-Sher-2014-CHSY1-IV-1",
  "subject": {
    "id": "IV-1",
    "ageAtCollection": {
      "age": "P21Y"
    },
    "sex": "MALE",
    "taxonomy": {
      "id": "NCBITaxon:9606",
      "label": "Homo sapiens"
    }
  },
  "phenotypicFeatures": [{
    "type": {
      "id": "HP:0002308",
      "label": "Arnold-Chiari malformation"
    },
    "negated": true,
    "evidence": [{
      "evidenceCode": {
        "id": "ECO:0000033",
        "label": "author statement supported by traceable reference"
      },
      "reference": {
        "id": "PMID:24269551",
        "description": "A novel CHSY1 gene mutation underlies Temtamy preaxial brachydactyly syndrome in a Pakistani family"
      }
    }]
  }, {
    "type": {
      "id": "HP:0000691",
      "label": "Microdontia"
    },
    "evidence": [{
      "evidenceCode": {
        "id": "ECO:0000033",
        "label": "author statement supported by traceable reference"
      },
      "reference": {
        "id": "PMID:24269551",
        "description": "A novel CHSY1 gene mutation underlies Temtamy preaxial brachydactyly syndrome in a Pakistani family"
      }
    }]
  }, {
    "type": {
      "id": "HP:0030084",
      "label": "Clinodactyly"
    },
    "evidence": [{
      "evidenceCode": {
        "id": "ECO:0000033",
        "label": "author statement supported by traceable reference"
      },
      "reference": {
        "id": "PMID:24269551",
        "description": "A novel CHSY1 gene mutation underlies Temtamy preaxial brachydactyly syndrome in a Pakistani family"
      }
    }]
  }, {
    "type": {
      "id": "HP:0001263",
      "label": "Global developmental delay"
    },
    "evidence": [{
      "evidenceCode": {
        "id": "ECO:0000033",
        "label": "author statement supported by traceable reference"
      },
      "reference": {
        "id": "PMID:24269551",
        "description": "A novel CHSY1 gene mutation underlies Temtamy preaxial brachydactyly syndrome in a Pakistani family"
      }
    }]
  }, {
    "type": {
      "id": "HP:0000347",
      "label": "Micrognathia"
    },
    "evidence": [{
      "evidenceCode": {
        "id": "ECO:0000033",
        "label": "author statement supported by traceable reference"
      },
      "reference": {
        "id": "PMID:24269551",
        "description": "A novel CHSY1 gene mutation underlies Temtamy preaxial brachydactyly syndrome in a Pakistani family"
      }
    }]
  }, {
    "type": {
      "id": "HP:0003196",
      "label": "Short nose"
    },
    "evidence": [{
      "evidenceCode": {
        "id": "ECO:0000033",
        "label": "author statement supported by traceable reference"
      },
      "reference": {
        "id": "PMID:24269551",
        "description": "A novel CHSY1 gene mutation underlies Temtamy preaxial brachydactyly syndrome in a Pakistani family"
      }
    }]
  }, {
    "type": {
      "id": "HP:0002751",
      "label": "Kyphoscoliosis"
    },
    "negated": true,
    "evidence": [{
      "evidenceCode": {
        "id": "ECO:0000033",
        "label": "author statement supported by traceable reference"
      },
      "reference": {
        "id": "PMID:24269551",
        "description": "A novel CHSY1 gene mutation underlies Temtamy preaxial brachydactyly syndrome in a Pakistani family"
      }
    }]
  }, {
    "type": {
      "id": "HP:0010109",
      "label": "Short hallux"
    },
    "evidence": [{
      "evidenceCode": {
        "id": "ECO:0000033",
        "label": "author statement supported by traceable reference"
      },
      "reference": {
        "id": "PMID:24269551",
        "description": "A novel CHSY1 gene mutation underlies Temtamy preaxial brachydactyly syndrome in a Pakistani family"
      }
    }]
  }, {
    "type": {
      "id": "HP:0000767",
      "label": "Pectus excavatum"
    },
    "negated": true,
    "evidence": [{
      "evidenceCode": {
        "id": "ECO:0000033",
        "label": "author statement supported by traceable reference"
      },
      "reference": {
        "id": "PMID:24269551",
        "description": "A novel CHSY1 gene mutation underlies Temtamy preaxial brachydactyly syndrome in a Pakistani family"
      }
    }]
  }, {
    "type": {
      "id": "HP:0001234",
      "label": "Hitchhiker thumb"
    },
    "evidence": [{
      "evidenceCode": {
        "id": "ECO:0000033",
        "label": "author statement supported by traceable reference"
      },
      "reference": {
        "id": "PMID:24269551",
        "description": "A novel CHSY1 gene mutation underlies Temtamy preaxial brachydactyly syndrome in a Pakistani family"
      }
    }]
  }, {
    "type": {
      "id": "HP:0001449",
      "label": "Duplication of metatarsal bones"
    },
    "evidence": [{
      "evidenceCode": {
        "id": "ECO:0000033",
        "label": "author statement supported by traceable reference"
      },
      "reference": {
        "id": "PMID:24269551",
        "description": "A novel CHSY1 gene mutation underlies Temtamy preaxial brachydactyly syndrome in a Pakistani family"
      }
    }]
  }, {
    "type": {
      "id": "HP:0000369",
      "label": "Low-set ears"
    },
    "evidence": [{
      "evidenceCode": {
        "id": "ECO:0000033",
        "label": "author statement supported by traceable reference"
      },
      "reference": {
        "id": "PMID:24269551",
        "description": "A novel CHSY1 gene mutation underlies Temtamy preaxial brachydactyly syndrome in a Pakistani family"
      }
    }]
  }, {
    "type": {
      "id": "HP:0012725",
      "label": "Cutaneous syndactyly"
    },
    "evidence": [{
      "evidenceCode": {
        "id": "ECO:0000033",
        "label": "author statement supported by traceable reference"
      },
      "reference": {
        "id": "PMID:24269551",
        "description": "A novel CHSY1 gene mutation underlies Temtamy preaxial brachydactyly syndrome in a Pakistani family"
      }
    }]
  }, {
    "type": {
      "id": "HP:0000677",
      "label": "Oligodontia"
    },
    "evidence": [{
      "evidenceCode": {
        "id": "ECO:0000033",
        "label": "author statement supported by traceable reference"
      },
      "reference": {
        "id": "PMID:24269551",
        "description": "A novel CHSY1 gene mutation underlies Temtamy preaxial brachydactyly syndrome in a Pakistani family"
      }
    }]
  }, {
    "type": {
      "id": "HP:0000316",
      "label": "Hypertelorism"
    },
    "evidence": [{
      "evidenceCode": {
        "id": "ECO:0000033",
        "label": "author statement supported by traceable reference"
      },
      "reference": {
        "id": "PMID:24269551",
        "description": "A novel CHSY1 gene mutation underlies Temtamy preaxial brachydactyly syndrome in a Pakistani family"
      }
    }]
  }, {
    "type": {
      "id": "HP:0011087",
      "label": "Talon cusp"
    },
    "evidence": [{
      "evidenceCode": {
        "id": "ECO:0000033",
        "label": "author statement supported by traceable reference"
      },
      "reference": {
        "id": "PMID:24269551",
        "description": "A novel CHSY1 gene mutation underlies Temtamy preaxial brachydactyly syndrome in a Pakistani family"
      }
    }]
  }],
  "genes": [{
    "id": "NCBIGene:22856",
    "symbol": "CHSY1"
  }],
  "variants": [{
    "vcfAllele": {
      "genomeAssembly": "GRCh37",
      "chr": "15",
      "pos": 101718105,
      "ref": "C",
      "alt": "T"
    },
    "zygosity": {
      "id": "GENO:0000136",
      "label": "homozygous"
    }
  }],
  "diseases": [{
    "term": {
      "id": "OMIM:605282",
      "label": "TEMTAMY PREAXIAL BRACHYDACTYLY SYNDROME; TPBS"
    }
  }],
  "metaData": {
    "submittedBy": "HPO:probinson",
    "resources": [{
      "id": "hp",
      "name": "human phenotype ontology",
      "url": "http://purl.obolibrary.org/obo/hp.owl",
      "version": "2018-03-08",
      "namespacePrefix": "HP",
      "iriPrefix": "http://purl.obolibrary.org/obo/HP_"
    }, {
      "id": "pato",
      "name": "Phenotype And Trait Ontology",
      "url": "http://purl.obolibrary.org/obo/pato.owl",
      "version": "2018-03-28",
      "namespacePrefix": "PATO",
      "iriPrefix": "http://purl.obolibrary.org/obo/PATO_"
    }, {
      "id": "geno",
      "name": "Genotype Ontology",
      "url": "http://purl.obolibrary.org/obo/geno.owl",
      "version": "19-03-2018",
      "namespacePrefix": "GENO",
      "iriPrefix": "http://purl.obolibrary.org/obo/GENO_"
    }, {
      "id": "ncbitaxon",
      "name": "NCBI organismal classification",
      "url": "http://purl.obolibrary.org/obo/ncbitaxon.owl",
      "version": "2018-03-02",
      "namespacePrefix": "NCBITaxon"
    }, {
      "id": "eco",
      "name": "Evidence and Conclusion Ontology",
      "url": "http://purl.obolibrary.org/obo/eco.owl",
      "version": "2018-11-10",
      "namespacePrefix": "ECO",
      "iriPrefix": "http://purl.obolibrary.org/obo/ECO_"
    }, {
      "id": "omim",
      "name": "Online Mendelian Inheritance in Man",
      "url": "https://www.omim.org",
      "namespacePrefix": "OMIM"
    }],
    "phenopacketSchemaVersion": "1.0.0-RC3",
    "externalReferences": [{
      "id": "PMID:24269551",
      "description": "A novel CHSY1 gene mutation underlies Temtamy preaxial brachydactyly syndrome in a Pakistani family"
    }]
  }
}