{
  "id": "PMID:31213928-Shervin_Badv-2019-ASAH1-patient",
  "subject": {
    "id": "patient",
    "ageAtCollection": {
      "age": "P15Y"
    },
    "sex": "FEMALE",
    "taxonomy": {
      "id": "NCBITaxon:9606",
      "label": "Homo sapiens"
    }
  },
  "phenotypicFeatures": [{
    "type": {
      "id": "HP:0010819",
      "label": "Atonic seizures"
    },
    "evidence": [{
      "evidenceCode": {
        "id": "ECO:0000033",
        "label": "author statement supported by traceable reference"
      },
      "reference": {
        "id": "PMID:31213928",
        "description": "A novel case report of spinal muscular atrophy with progressive myoclonic epilepsy from Iran"
      }
    }]
  }, {
    "type": {
      "id": "HP:0045040",
      "label": "Abnormal lactate dehydrogenase activity"
    },
    "negated": true,
    "evidence": [{
      "evidenceCode": {
        "id": "ECO:0000033",
        "label": "author statement supported by traceable reference"
      },
      "reference": {
        "id": "PMID:31213928",
        "description": "A novel case report of spinal muscular atrophy with progressive myoclonic epilepsy from Iran"
      }
    }]
  }, {
    "type": {
      "id": "HP:0040081",
      "label": "Abnormal circulating creatine kinase concentration"
    },
    "negated": true,
    "evidence": [{
      "evidenceCode": {
        "id": "ECO:0000033",
        "label": "author statement supported by traceable reference"
      },
      "reference": {
        "id": "PMID:31213928",
        "description": "A novel case report of spinal muscular atrophy with progressive myoclonic epilepsy from Iran"
      }
    }]
  }, {
    "type": {
      "id": "HP:0001308",
      "label": "Tongue fasciculations"
    },
    "evidence": [{
      "evidenceCode": {
        "id": "ECO:0000033",
        "label": "author statement supported by traceable reference"
      },
      "reference": {
        "id": "PMID:31213928",
        "description": "A novel case report of spinal muscular atrophy with progressive myoclonic epilepsy from Iran"
      }
    }]
  }, {
    "type": {
      "id": "HP:0012473",
      "label": "Tongue atrophy"
    },
    "evidence": [{
      "evidenceCode": {
        "id": "ECO:0000033",
        "label": "author statement supported by traceable reference"
      },
      "reference": {
        "id": "PMID:31213928",
        "description": "A novel case report of spinal muscular atrophy with progressive myoclonic epilepsy from Iran"
      }
    }]
  }, {
    "type": {
      "id": "HP:0001250",
      "label": "Seizures"
    },
    "evidence": [{
      "evidenceCode": {
        "id": "ECO:0000033",
        "label": "author statement supported by traceable reference"
      },
      "reference": {
        "id": "PMID:31213928",
        "description": "A novel case report of spinal muscular atrophy with progressive myoclonic epilepsy from Iran"
      }
    }]
  }, {
    "type": {
      "id": "HP:0002322",
      "label": "Resting tremor"
    },
    "evidence": [{
      "evidenceCode": {
        "id": "ECO:0000033",
        "label": "author statement supported by traceable reference"
      },
      "reference": {
        "id": "PMID:31213928",
        "description": "A novel case report of spinal muscular atrophy with progressive myoclonic epilepsy from Iran"
      }
    }]
  }, {
    "type": {
      "id": "HP:0003391",
      "label": "Gowers sign"
    },
    "evidence": [{
      "evidenceCode": {
        "id": "ECO:0000033",
        "label": "author statement supported by traceable reference"
      },
      "reference": {
        "id": "PMID:31213928",
        "description": "A novel case report of spinal muscular atrophy with progressive myoclonic epilepsy from Iran"
      }
    }]
  }, {
    "type": {
      "id": "HP:0001336",
      "label": "Myoclonus"
    },
    "evidence": [{
      "evidenceCode": {
        "id": "ECO:0000033",
        "label": "author statement supported by traceable reference"
      },
      "reference": {
        "id": "PMID:31213928",
        "description": "A novel case report of spinal muscular atrophy with progressive myoclonic epilepsy from Iran"
      }
    }]
  }, {
    "type": {
      "id": "HP:0003701",
      "label": "Proximal muscle weakness"
    },
    "evidence": [{
      "evidenceCode": {
        "id": "ECO:0000033",
        "label": "author statement supported by traceable reference"
      },
      "reference": {
        "id": "PMID:31213928",
        "description": "A novel case report of spinal muscular atrophy with progressive myoclonic epilepsy from Iran"
      }
    }]
  }, {
    "type": {
      "id": "HP:0002069",
      "label": "Generalized tonic-clonic seizures"
    },
    "evidence": [{
      "evidenceCode": {
        "id": "ECO:0000033",
        "label": "author statement supported by traceable reference"
      },
      "reference": {
        "id": "PMID:31213928",
        "description": "A novel case report of spinal muscular atrophy with progressive myoclonic epilepsy from Iran"
      }
    }]
  }, {
    "type": {
      "id": "HP:0002515",
      "label": "Waddling gait"
    },
    "evidence": [{
      "evidenceCode": {
        "id": "ECO:0000033",
        "label": "author statement supported by traceable reference"
      },
      "reference": {
        "id": "PMID:31213928",
        "description": "A novel case report of spinal muscular atrophy with progressive myoclonic epilepsy from Iran"
      }
    }]
  }, {
    "type": {
      "id": "HP:0003690",
      "label": "Limb muscle weakness"
    },
    "evidence": [{
      "evidenceCode": {
        "id": "ECO:0000033",
        "label": "author statement supported by traceable reference"
      },
      "reference": {
        "id": "PMID:31213928",
        "description": "A novel case report of spinal muscular atrophy with progressive myoclonic epilepsy from Iran"
      }
    }]
  }],
  "genes": [{
    "id": "NCBIGene:427",
    "symbol": "ASAH1"
  }],
  "variants": [{
    "vcfAllele": {
      "genomeAssembly": "GRCh37",
      "chr": "8",
      "pos": 17933050,
      "ref": "G",
      "alt": "A"
    },
    "zygosity": {
      "id": "GENO:0000136",
      "label": "homozygous"
    }
  }],
  "diseases": [{
    "term": {
      "id": "OMIM:159950",
      "label": "SPINAL MUSCULAR ATROPHY WITH PROGRESSIVE MYOCLONIC EPILEPSY; SMAPME"
    }
  }],
  "metaData": {
    "createdBy": "Hpo Case Annotator : 1.0.13",
    "submittedBy": "HP:probinson",
    "resources": [{
      "id": "hp",
      "name": "human phenotype ontology",
      "url": "http://purl.obolibrary.org/obo/hp.owl",
      "version": "2018-03-08",
      "namespacePrefix": "HP",
      "iriPrefix": "http://purl.obolibrary.org/obo/HP_"
    }, {
      "id": "pato",
      "name": "Phenotype And Trait Ontology",
      "url": "http://purl.obolibrary.org/obo/pato.owl",
      "version": "2018-03-28",
      "namespacePrefix": "PATO",
      "iriPrefix": "http://purl.obolibrary.org/obo/PATO_"
    }, {
      "id": "geno",
      "name": "Genotype Ontology",
      "url": "http://purl.obolibrary.org/obo/geno.owl",
      "version": "19-03-2018",
      "namespacePrefix": "GENO",
      "iriPrefix": "http://purl.obolibrary.org/obo/GENO_"
    }, {
      "id": "ncbitaxon",
      "name": "NCBI organismal classification",
      "url": "http://purl.obolibrary.org/obo/ncbitaxon.owl",
      "version": "2018-03-02",
      "namespacePrefix": "NCBITaxon"
    }, {
      "id": "eco",
      "name": "Evidence and Conclusion Ontology",
      "url": "http://purl.obolibrary.org/obo/eco.owl",
      "version": "2018-11-10",
      "namespacePrefix": "ECO",
      "iriPrefix": "http://purl.obolibrary.org/obo/ECO_"
    }, {
      "id": "omim",
      "name": "Online Mendelian Inheritance in Man",
      "url": "https://www.omim.org",
      "namespacePrefix": "OMIM"
    }],
    "phenopacketSchemaVersion": "1.0.0-RC3",
    "externalReferences": [{
      "id": "PMID:31213928",
      "description": "A novel case report of spinal muscular atrophy with progressive myoclonic epilepsy from Iran"
    }]
  }
}