{
  "id": "PMID:26044173-Shlebak-2015-GP1BA-Patient_3",
  "subject": {
    "id": "Patient 3",
    "ageAtCollection": {
      "age": "P10Y"
    },
    "sex": "FEMALE",
    "taxonomy": {
      "id": "NCBITaxon:9606",
      "label": "Homo sapiens"
    }
  },
  "phenotypicFeatures": [{
    "type": {
      "id": "HP:0008148",
      "label": "Impaired epinephrine-induced platelet aggregation"
    },
    "negated": true,
    "evidence": [{
      "evidenceCode": {
        "id": "ECO:0000033",
        "label": "author statement supported by traceable reference"
      },
      "reference": {
        "id": "PMID:26044173",
        "description": "A Novel Homozygous c"
      }
    }]
  }, {
    "type": {
      "id": "HP:0011877",
      "label": "Increased mean platelet volume"
    },
    "evidence": [{
      "evidenceCode": {
        "id": "ECO:0000033",
        "label": "author statement supported by traceable reference"
      },
      "reference": {
        "id": "PMID:26044173",
        "description": "A Novel Homozygous c"
      }
    }]
  }, {
    "type": {
      "id": "HP:0004866",
      "label": "Impaired ADP-induced platelet aggregation"
    },
    "negated": true,
    "evidence": [{
      "evidenceCode": {
        "id": "ECO:0000033",
        "label": "author statement supported by traceable reference"
      },
      "reference": {
        "id": "PMID:26044173",
        "description": "A Novel Homozygous c"
      }
    }]
  }, {
    "type": {
      "id": "HP:0011870",
      "label": "Impaired arachidonic acid-induced platelet aggregation"
    },
    "negated": true,
    "evidence": [{
      "evidenceCode": {
        "id": "ECO:0000033",
        "label": "author statement supported by traceable reference"
      },
      "reference": {
        "id": "PMID:26044173",
        "description": "A Novel Homozygous c"
      }
    }]
  }, {
    "type": {
      "id": "HP:0001873",
      "label": "Thrombocytopenia"
    },
    "evidence": [{
      "evidenceCode": {
        "id": "ECO:0000033",
        "label": "author statement supported by traceable reference"
      },
      "reference": {
        "id": "PMID:26044173",
        "description": "A Novel Homozygous c"
      }
    }]
  }, {
    "type": {
      "id": "HP:0000967",
      "label": "Petechiae"
    },
    "evidence": [{
      "evidenceCode": {
        "id": "ECO:0000033",
        "label": "author statement supported by traceable reference"
      },
      "reference": {
        "id": "PMID:26044173",
        "description": "A Novel Homozygous c"
      }
    }]
  }, {
    "type": {
      "id": "HP:0000421",
      "label": "Epistaxis"
    },
    "evidence": [{
      "evidenceCode": {
        "id": "ECO:0000033",
        "label": "author statement supported by traceable reference"
      },
      "reference": {
        "id": "PMID:26044173",
        "description": "A Novel Homozygous c"
      }
    }]
  }, {
    "type": {
      "id": "HP:0012343",
      "label": "Decreased serum ferritin"
    },
    "evidence": [{
      "evidenceCode": {
        "id": "ECO:0000033",
        "label": "author statement supported by traceable reference"
      },
      "reference": {
        "id": "PMID:26044173",
        "description": "A Novel Homozygous c"
      }
    }]
  }, {
    "type": {
      "id": "HP:0000225",
      "label": "Gingival bleeding"
    },
    "evidence": [{
      "evidenceCode": {
        "id": "ECO:0000033",
        "label": "author statement supported by traceable reference"
      },
      "reference": {
        "id": "PMID:26044173",
        "description": "A Novel Homozygous c"
      }
    }]
  }, {
    "type": {
      "id": "HP:0011871",
      "label": "Impaired ristocetin-induced platelet aggregation"
    },
    "evidence": [{
      "evidenceCode": {
        "id": "ECO:0000033",
        "label": "author statement supported by traceable reference"
      },
      "reference": {
        "id": "PMID:26044173",
        "description": "A Novel Homozygous c"
      }
    }]
  }],
  "genes": [{
    "id": "NCBIGene:2811",
    "symbol": "GP1BA"
  }],
  "variants": [{
    "vcfAllele": {
      "genomeAssembly": "GRCh37",
      "chr": "17",
      "pos": 4836699,
      "ref": "C",
      "alt": "G"
    },
    "zygosity": {
      "id": "GENO:0000136",
      "label": "homozygous"
    }
  }],
  "diseases": [{
    "term": {
      "id": "OMIM:231200",
      "label": "BERNARD-SOULIER SYNDROME; BSS"
    }
  }],
  "metaData": {
    "submittedBy": "HPO:probinson",
    "resources": [{
      "id": "hp",
      "name": "human phenotype ontology",
      "url": "http://purl.obolibrary.org/obo/hp.owl",
      "version": "2018-03-08",
      "namespacePrefix": "HP",
      "iriPrefix": "http://purl.obolibrary.org/obo/HP_"
    }, {
      "id": "pato",
      "name": "Phenotype And Trait Ontology",
      "url": "http://purl.obolibrary.org/obo/pato.owl",
      "version": "2018-03-28",
      "namespacePrefix": "PATO",
      "iriPrefix": "http://purl.obolibrary.org/obo/PATO_"
    }, {
      "id": "geno",
      "name": "Genotype Ontology",
      "url": "http://purl.obolibrary.org/obo/geno.owl",
      "version": "19-03-2018",
      "namespacePrefix": "GENO",
      "iriPrefix": "http://purl.obolibrary.org/obo/GENO_"
    }, {
      "id": "ncbitaxon",
      "name": "NCBI organismal classification",
      "url": "http://purl.obolibrary.org/obo/ncbitaxon.owl",
      "version": "2018-03-02",
      "namespacePrefix": "NCBITaxon"
    }, {
      "id": "eco",
      "name": "Evidence and Conclusion Ontology",
      "url": "http://purl.obolibrary.org/obo/eco.owl",
      "version": "2018-11-10",
      "namespacePrefix": "ECO",
      "iriPrefix": "http://purl.obolibrary.org/obo/ECO_"
    }, {
      "id": "omim",
      "name": "Online Mendelian Inheritance in Man",
      "url": "https://www.omim.org",
      "namespacePrefix": "OMIM"
    }],
    "phenopacketSchemaVersion": "1.0.0-RC3",
    "externalReferences": [{
      "id": "PMID:26044173",
      "description": "A Novel Homozygous c"
    }]
  }
}