{
  "id": "PMID:29483676-Silva-2018-PREPL-proband",
  "subject": {
    "id": "proband",
    "ageAtCollection": {
      "age": "P10Y"
    },
    "sex": "FEMALE",
    "taxonomy": {
      "id": "NCBITaxon:9606",
      "label": "Homo sapiens"
    }
  },
  "phenotypicFeatures": [{
    "type": {
      "id": "HP:0000218",
      "label": "High palate"
    },
    "evidence": [{
      "evidenceCode": {
        "id": "ECO:0000033",
        "label": "author statement supported by traceable reference"
      },
      "reference": {
        "id": "PMID:29483676",
        "description": "The second point mutation in PREPL: a case report and literature review"
      }
    }]
  }, {
    "type": {
      "id": "HP:0000508",
      "label": "Ptosis"
    },
    "evidence": [{
      "evidenceCode": {
        "id": "ECO:0000033",
        "label": "author statement supported by traceable reference"
      },
      "reference": {
        "id": "PMID:29483676",
        "description": "The second point mutation in PREPL: a case report and literature review"
      }
    }]
  }, {
    "type": {
      "id": "HP:0000268",
      "label": "Dolichocephaly"
    },
    "evidence": [{
      "evidenceCode": {
        "id": "ECO:0000033",
        "label": "author statement supported by traceable reference"
      },
      "reference": {
        "id": "PMID:29483676",
        "description": "The second point mutation in PREPL: a case report and literature review"
      }
    }]
  }, {
    "type": {
      "id": "HP:0000194",
      "label": "Open mouth"
    },
    "evidence": [{
      "evidenceCode": {
        "id": "ECO:0000033",
        "label": "author statement supported by traceable reference"
      },
      "reference": {
        "id": "PMID:29483676",
        "description": "The second point mutation in PREPL: a case report and literature review"
      }
    }]
  }, {
    "type": {
      "id": "HP:0000637",
      "label": "Long palpebral fissure"
    },
    "evidence": [{
      "evidenceCode": {
        "id": "ECO:0000033",
        "label": "author statement supported by traceable reference"
      },
      "reference": {
        "id": "PMID:29483676",
        "description": "The second point mutation in PREPL: a case report and literature review"
      }
    }]
  }, {
    "type": {
      "id": "HP:0002650",
      "label": "Scoliosis"
    },
    "evidence": [{
      "evidenceCode": {
        "id": "ECO:0000033",
        "label": "author statement supported by traceable reference"
      },
      "reference": {
        "id": "PMID:29483676",
        "description": "The second point mutation in PREPL: a case report and literature review"
      }
    }]
  }, {
    "type": {
      "id": "HP:0001319",
      "label": "Neonatal hypotonia"
    },
    "evidence": [{
      "evidenceCode": {
        "id": "ECO:0000033",
        "label": "author statement supported by traceable reference"
      },
      "reference": {
        "id": "PMID:29483676",
        "description": "The second point mutation in PREPL: a case report and literature review"
      }
    }]
  }, {
    "type": {
      "id": "HP:0000411",
      "label": "Protruding ear"
    },
    "evidence": [{
      "evidenceCode": {
        "id": "ECO:0000033",
        "label": "author statement supported by traceable reference"
      },
      "reference": {
        "id": "PMID:29483676",
        "description": "The second point mutation in PREPL: a case report and literature review"
      }
    }]
  }, {
    "type": {
      "id": "HP:0001611",
      "label": "Nasal speech"
    },
    "evidence": [{
      "evidenceCode": {
        "id": "ECO:0000033",
        "label": "author statement supported by traceable reference"
      },
      "reference": {
        "id": "PMID:29483676",
        "description": "The second point mutation in PREPL: a case report and literature review"
      }
    }]
  }, {
    "type": {
      "id": "HP:0000639",
      "label": "Nystagmus"
    },
    "evidence": [{
      "evidenceCode": {
        "id": "ECO:0000033",
        "label": "author statement supported by traceable reference"
      },
      "reference": {
        "id": "PMID:29483676",
        "description": "The second point mutation in PREPL: a case report and literature review"
      }
    }]
  }, {
    "type": {
      "id": "HP:0010804",
      "label": "Tented upper lip vermilion"
    },
    "evidence": [{
      "evidenceCode": {
        "id": "ECO:0000033",
        "label": "author statement supported by traceable reference"
      },
      "reference": {
        "id": "PMID:29483676",
        "description": "The second point mutation in PREPL: a case report and literature review"
      }
    }]
  }, {
    "type": {
      "id": "HP:0001263",
      "label": "Global developmental delay"
    },
    "evidence": [{
      "evidenceCode": {
        "id": "ECO:0000033",
        "label": "author statement supported by traceable reference"
      },
      "reference": {
        "id": "PMID:29483676",
        "description": "The second point mutation in PREPL: a case report and literature review"
      }
    }]
  }, {
    "type": {
      "id": "HP:0003391",
      "label": "Gowers sign"
    },
    "evidence": [{
      "evidenceCode": {
        "id": "ECO:0000033",
        "label": "author statement supported by traceable reference"
      },
      "reference": {
        "id": "PMID:29483676",
        "description": "The second point mutation in PREPL: a case report and literature review"
      }
    }]
  }, {
    "type": {
      "id": "HP:0001270",
      "label": "Motor delay"
    },
    "evidence": [{
      "evidenceCode": {
        "id": "ECO:0000033",
        "label": "author statement supported by traceable reference"
      },
      "reference": {
        "id": "PMID:29483676",
        "description": "The second point mutation in PREPL: a case report and literature review"
      }
    }]
  }, {
    "type": {
      "id": "HP:0002591",
      "label": "Polyphagia"
    },
    "evidence": [{
      "evidenceCode": {
        "id": "ECO:0000033",
        "label": "author statement supported by traceable reference"
      },
      "reference": {
        "id": "PMID:29483676",
        "description": "The second point mutation in PREPL: a case report and literature review"
      }
    }]
  }, {
    "type": {
      "id": "HP:0030319",
      "label": "Weakness of facial musculature"
    },
    "evidence": [{
      "evidenceCode": {
        "id": "ECO:0000033",
        "label": "author statement supported by traceable reference"
      },
      "reference": {
        "id": "PMID:29483676",
        "description": "The second point mutation in PREPL: a case report and literature review"
      }
    }]
  }, {
    "type": {
      "id": "HP:0001324",
      "label": "Muscle weakness"
    },
    "evidence": [{
      "evidenceCode": {
        "id": "ECO:0000033",
        "label": "author statement supported by traceable reference"
      },
      "reference": {
        "id": "PMID:29483676",
        "description": "The second point mutation in PREPL: a case report and literature review"
      }
    }]
  }, {
    "type": {
      "id": "HP:0001525",
      "label": "Severe failure to thrive"
    },
    "evidence": [{
      "evidenceCode": {
        "id": "ECO:0000033",
        "label": "author statement supported by traceable reference"
      },
      "reference": {
        "id": "PMID:29483676",
        "description": "The second point mutation in PREPL: a case report and literature review"
      }
    }]
  }],
  "genes": [{
    "id": "NCBIGene:9581",
    "symbol": "PREPL"
  }],
  "variants": [{
    "vcfAllele": {
      "genomeAssembly": "GRCh37",
      "chr": "2",
      "pos": 44573406,
      "ref": "CT",
      "alt": "C"
    },
    "zygosity": {
      "id": "GENO:0000136",
      "label": "homozygous"
    }
  }],
  "diseases": [{
    "term": {
      "id": "OMIM:616224",
      "label": "Myasthenic syndrome, congenital, 22"
    }
  }],
  "metaData": {
    "createdBy": "Hpo Case Annotator : 1.0.13-SNAPSHOT",
    "submittedBy": "HPO:probinson",
    "resources": [{
      "id": "hp",
      "name": "human phenotype ontology",
      "url": "http://purl.obolibrary.org/obo/hp.owl",
      "version": "2018-03-08",
      "namespacePrefix": "HP",
      "iriPrefix": "http://purl.obolibrary.org/obo/HP_"
    }, {
      "id": "pato",
      "name": "Phenotype And Trait Ontology",
      "url": "http://purl.obolibrary.org/obo/pato.owl",
      "version": "2018-03-28",
      "namespacePrefix": "PATO",
      "iriPrefix": "http://purl.obolibrary.org/obo/PATO_"
    }, {
      "id": "geno",
      "name": "Genotype Ontology",
      "url": "http://purl.obolibrary.org/obo/geno.owl",
      "version": "19-03-2018",
      "namespacePrefix": "GENO",
      "iriPrefix": "http://purl.obolibrary.org/obo/GENO_"
    }, {
      "id": "ncbitaxon",
      "name": "NCBI organismal classification",
      "url": "http://purl.obolibrary.org/obo/ncbitaxon.owl",
      "version": "2018-03-02",
      "namespacePrefix": "NCBITaxon"
    }, {
      "id": "eco",
      "name": "Evidence and Conclusion Ontology",
      "url": "http://purl.obolibrary.org/obo/eco.owl",
      "version": "2018-11-10",
      "namespacePrefix": "ECO",
      "iriPrefix": "http://purl.obolibrary.org/obo/ECO_"
    }, {
      "id": "omim",
      "name": "Online Mendelian Inheritance in Man",
      "url": "https://www.omim.org",
      "namespacePrefix": "OMIM"
    }],
    "phenopacketSchemaVersion": "1.0.0-RC3",
    "externalReferences": [{
      "id": "PMID:29483676",
      "description": "The second point mutation in PREPL: a case report and literature review"
    }]
  }
}