{
  "id": "PMID:10851256-Smith-2000-MITF-family_815",
  "subject": {
    "id": "family 815",
    "ageAtCollection": {
      "age": "n/a"
    },
    "taxonomy": {
      "id": "NCBITaxon:9606",
      "label": "Homo sapiens"
    }
  },
  "phenotypicFeatures": [{
    "type": {
      "id": "HP:0001100",
      "label": "Heterochromia iridis"
    },
    "negated": true,
    "evidence": [{
      "evidenceCode": {
        "id": "ECO:0000033",
        "label": "author statement supported by traceable reference"
      },
      "reference": {
        "id": "PMID:10851256",
        "description": "Tietz syndrome (hypopigmentation/deafness) caused by mutation of MITF"
      }
    }]
  }, {
    "type": {
      "id": "HP:0002226",
      "label": "White eyebrow"
    },
    "evidence": [{
      "evidenceCode": {
        "id": "ECO:0000033",
        "label": "author statement supported by traceable reference"
      },
      "reference": {
        "id": "PMID:10851256",
        "description": "Tietz syndrome (hypopigmentation/deafness) caused by mutation of MITF"
      }
    }]
  }, {
    "type": {
      "id": "HP:0008527",
      "label": "Congenital sensorineural hearing impairment"
    },
    "evidence": [{
      "evidenceCode": {
        "id": "ECO:0000033",
        "label": "author statement supported by traceable reference"
      },
      "reference": {
        "id": "PMID:10851256",
        "description": "Tietz syndrome (hypopigmentation/deafness) caused by mutation of MITF"
      }
    }]
  }, {
    "type": {
      "id": "HP:0000635",
      "label": "Blue irides"
    },
    "evidence": [{
      "evidenceCode": {
        "id": "ECO:0000033",
        "label": "author statement supported by traceable reference"
      },
      "reference": {
        "id": "PMID:10851256",
        "description": "Tietz syndrome (hypopigmentation/deafness) caused by mutation of MITF"
      }
    }]
  }, {
    "type": {
      "id": "HP:0002227",
      "label": "White eyelashes"
    },
    "evidence": [{
      "evidenceCode": {
        "id": "ECO:0000033",
        "label": "author statement supported by traceable reference"
      },
      "reference": {
        "id": "PMID:10851256",
        "description": "Tietz syndrome (hypopigmentation/deafness) caused by mutation of MITF"
      }
    }]
  }, {
    "type": {
      "id": "HP:0007894",
      "label": "Hypopigmentation of the fundus"
    },
    "evidence": [{
      "evidenceCode": {
        "id": "ECO:0000033",
        "label": "author statement supported by traceable reference"
      },
      "reference": {
        "id": "PMID:10851256",
        "description": "Tietz syndrome (hypopigmentation/deafness) caused by mutation of MITF"
      }
    }]
  }],
  "genes": [{
    "id": "NCBIGene:4286",
    "symbol": "MITF"
  }],
  "variants": [{
    "vcfAllele": {
      "genomeAssembly": "GRCh37",
      "chr": "3",
      "pos": 70001033,
      "ref": "C",
      "alt": "G"
    },
    "zygosity": {
      "id": "GENO:0000135",
      "label": "heterozygous"
    }
  }],
  "diseases": [{
    "term": {
      "id": "OMIM:103500",
      "label": "TIETZ SYNDROME"
    }
  }],
  "metaData": {
    "createdBy": "Hpo Case Annotator : 1.0.14-SNAPSHOT",
    "submittedBy": "HPO:probinson",
    "resources": [{
      "id": "hp",
      "name": "human phenotype ontology",
      "url": "http://purl.obolibrary.org/obo/hp.owl",
      "version": "2018-03-08",
      "namespacePrefix": "HP",
      "iriPrefix": "http://purl.obolibrary.org/obo/HP_"
    }, {
      "id": "pato",
      "name": "Phenotype And Trait Ontology",
      "url": "http://purl.obolibrary.org/obo/pato.owl",
      "version": "2018-03-28",
      "namespacePrefix": "PATO",
      "iriPrefix": "http://purl.obolibrary.org/obo/PATO_"
    }, {
      "id": "geno",
      "name": "Genotype Ontology",
      "url": "http://purl.obolibrary.org/obo/geno.owl",
      "version": "19-03-2018",
      "namespacePrefix": "GENO",
      "iriPrefix": "http://purl.obolibrary.org/obo/GENO_"
    }, {
      "id": "ncbitaxon",
      "name": "NCBI organismal classification",
      "url": "http://purl.obolibrary.org/obo/ncbitaxon.owl",
      "version": "2018-03-02",
      "namespacePrefix": "NCBITaxon"
    }, {
      "id": "eco",
      "name": "Evidence and Conclusion Ontology",
      "url": "http://purl.obolibrary.org/obo/eco.owl",
      "version": "2018-11-10",
      "namespacePrefix": "ECO",
      "iriPrefix": "http://purl.obolibrary.org/obo/ECO_"
    }, {
      "id": "omim",
      "name": "Online Mendelian Inheritance in Man",
      "url": "https://www.omim.org",
      "namespacePrefix": "OMIM"
    }],
    "phenopacketSchemaVersion": "1.0.0-RC3",
    "externalReferences": [{
      "id": "PMID:10851256",
      "description": "Tietz syndrome (hypopigmentation/deafness) caused by mutation of MITF"
    }]
  }
}