{
  "id": "PMID:25007886-Soumittra-2014-SLC4A11-Patient_1",
  "subject": {
    "id": "Patient 1",
    "ageAtCollection": {
      "age": "P46Y"
    },
    "taxonomy": {
      "id": "NCBITaxon:9606",
      "label": "Homo sapiens"
    }
  },
  "phenotypicFeatures": [{
    "type": {
      "id": "HP:0012038",
      "label": "Corneal guttata"
    },
    "evidence": [{
      "evidenceCode": {
        "id": "ECO:0000033",
        "label": "author statement supported by traceable reference"
      },
      "reference": {
        "id": "PMID:25007886",
        "description": "Biosynthetic and functional defects in newly identified SLC4A11 mutants and absence of COL8A2 mutations in Fuchs endothelial corneal dystrophy"
      }
    }]
  }, {
    "type": {
      "id": "HP:0011487",
      "label": "Increased corneal thickness"
    },
    "evidence": [{
      "evidenceCode": {
        "id": "ECO:0000033",
        "label": "author statement supported by traceable reference"
      },
      "reference": {
        "id": "PMID:25007886",
        "description": "Biosynthetic and functional defects in newly identified SLC4A11 mutants and absence of COL8A2 mutations in Fuchs endothelial corneal dystrophy"
      }
    }]
  }],
  "genes": [{
    "id": "NCBIGene:83959",
    "symbol": "SLC4A11"
  }],
  "variants": [{
    "vcfAllele": {
      "genomeAssembly": "GRCh37",
      "chr": "20",
      "pos": 3214218,
      "ref": "C",
      "alt": "G"
    },
    "zygosity": {
      "id": "GENO:0000135",
      "label": "heterozygous"
    }
  }],
  "diseases": [{
    "term": {
      "id": "OMIM:613268",
      "label": "CORNEAL DYSTROPHY, FUCHS ENDOTHELIAL, 4; FECD4"
    }
  }],
  "metaData": {
    "submittedBy": "HPO:probinson",
    "resources": [{
      "id": "hp",
      "name": "human phenotype ontology",
      "url": "http://purl.obolibrary.org/obo/hp.owl",
      "version": "2018-03-08",
      "namespacePrefix": "HP",
      "iriPrefix": "http://purl.obolibrary.org/obo/HP_"
    }, {
      "id": "pato",
      "name": "Phenotype And Trait Ontology",
      "url": "http://purl.obolibrary.org/obo/pato.owl",
      "version": "2018-03-28",
      "namespacePrefix": "PATO",
      "iriPrefix": "http://purl.obolibrary.org/obo/PATO_"
    }, {
      "id": "geno",
      "name": "Genotype Ontology",
      "url": "http://purl.obolibrary.org/obo/geno.owl",
      "version": "19-03-2018",
      "namespacePrefix": "GENO",
      "iriPrefix": "http://purl.obolibrary.org/obo/GENO_"
    }, {
      "id": "ncbitaxon",
      "name": "NCBI organismal classification",
      "url": "http://purl.obolibrary.org/obo/ncbitaxon.owl",
      "version": "2018-03-02",
      "namespacePrefix": "NCBITaxon"
    }, {
      "id": "eco",
      "name": "Evidence and Conclusion Ontology",
      "url": "http://purl.obolibrary.org/obo/eco.owl",
      "version": "2018-11-10",
      "namespacePrefix": "ECO",
      "iriPrefix": "http://purl.obolibrary.org/obo/ECO_"
    }, {
      "id": "omim",
      "name": "Online Mendelian Inheritance in Man",
      "url": "https://www.omim.org",
      "namespacePrefix": "OMIM"
    }],
    "phenopacketSchemaVersion": "1.0.0-RC3",
    "externalReferences": [{
      "id": "PMID:25007886",
      "description": "Biosynthetic and functional defects in newly identified SLC4A11 mutants and absence of COL8A2 mutations in Fuchs endothelial corneal dystrophy"
    }]
  }
}