{
  "id": "PMID:29883675-Stouffs-2018-RTTN-Patient_3",
  "subject": {
    "id": "Patient 3",
    "ageAtCollection": {
      "age": "6Y"
    },
    "sex": "FEMALE",
    "taxonomy": {
      "id": "NCBITaxon:9606",
      "label": "Homo sapiens"
    }
  },
  "phenotypicFeatures": [{
    "type": {
      "id": "HP:0004322",
      "label": "Short stature"
    },
    "evidence": [{
      "evidenceCode": {
        "id": "ECO:0000033",
        "label": "author statement supported by traceable reference"
      },
      "reference": {
        "id": "PMID:29883675",
        "description": "Biallelic mutations in RTTN are associated with microcephaly, short stature and a wide range of brain malformations"
      }
    }]
  }, {
    "type": {
      "id": "HP:0002126",
      "label": "Polymicrogyria"
    },
    "evidence": [{
      "evidenceCode": {
        "id": "ECO:0000033",
        "label": "author statement supported by traceable reference"
      },
      "reference": {
        "id": "PMID:29883675",
        "description": "Biallelic mutations in RTTN are associated with microcephaly, short stature and a wide range of brain malformations"
      }
    }]
  }, {
    "type": {
      "id": "HP:0000712",
      "label": "Emotional lability"
    },
    "evidence": [{
      "evidenceCode": {
        "id": "ECO:0000033",
        "label": "author statement supported by traceable reference"
      },
      "reference": {
        "id": "PMID:29883675",
        "description": "Biallelic mutations in RTTN are associated with microcephaly, short stature and a wide range of brain malformations"
      }
    }]
  }, {
    "type": {
      "id": "HP:0000750",
      "label": "Delayed speech and language development"
    },
    "evidence": [{
      "evidenceCode": {
        "id": "ECO:0000033",
        "label": "author statement supported by traceable reference"
      },
      "reference": {
        "id": "PMID:29883675",
        "description": "Biallelic mutations in RTTN are associated with microcephaly, short stature and a wide range of brain malformations"
      }
    }]
  }, {
    "type": {
      "id": "HP:0000252",
      "label": "Microcephaly"
    },
    "evidence": [{
      "evidenceCode": {
        "id": "ECO:0000033",
        "label": "author statement supported by traceable reference"
      },
      "reference": {
        "id": "PMID:29883675",
        "description": "Biallelic mutations in RTTN are associated with microcephaly, short stature and a wide range of brain malformations"
      }
    }]
  }, {
    "type": {
      "id": "HP:0002079",
      "label": "Hypoplasia of the corpus callosum"
    },
    "evidence": [{
      "evidenceCode": {
        "id": "ECO:0000033",
        "label": "author statement supported by traceable reference"
      },
      "reference": {
        "id": "PMID:29883675",
        "description": "Biallelic mutations in RTTN are associated with microcephaly, short stature and a wide range of brain malformations"
      }
    }]
  }, {
    "type": {
      "id": "HP:0004325",
      "label": "Decreased body weight"
    },
    "evidence": [{
      "evidenceCode": {
        "id": "ECO:0000033",
        "label": "author statement supported by traceable reference"
      },
      "reference": {
        "id": "PMID:29883675",
        "description": "Biallelic mutations in RTTN are associated with microcephaly, short stature and a wide range of brain malformations"
      }
    }]
  }, {
    "type": {
      "id": "HP:0012758",
      "label": "Neurodevelopmental delay"
    },
    "evidence": [{
      "evidenceCode": {
        "id": "ECO:0000033",
        "label": "author statement supported by traceable reference"
      },
      "reference": {
        "id": "PMID:29883675",
        "description": "Biallelic mutations in RTTN are associated with microcephaly, short stature and a wide range of brain malformations"
      }
    }]
  }, {
    "type": {
      "id": "HP:0001320",
      "label": "Cerebellar vermis hypoplasia"
    },
    "evidence": [{
      "evidenceCode": {
        "id": "ECO:0000033",
        "label": "author statement supported by traceable reference"
      },
      "reference": {
        "id": "PMID:29883675",
        "description": "Biallelic mutations in RTTN are associated with microcephaly, short stature and a wide range of brain malformations"
      }
    }]
  }, {
    "type": {
      "id": "HP:0001845",
      "label": "Overlapping toe"
    },
    "evidence": [{
      "evidenceCode": {
        "id": "ECO:0000033",
        "label": "author statement supported by traceable reference"
      },
      "reference": {
        "id": "PMID:29883675",
        "description": "Biallelic mutations in RTTN are associated with microcephaly, short stature and a wide range of brain malformations"
      }
    }]
  }],
  "genes": [{
    "id": "NCBIGene:25914",
    "symbol": "RTTN"
  }],
  "variants": [{
    "vcfAllele": {
      "genomeAssembly": "GRCh37",
      "chr": "18",
      "pos": 67834203,
      "ref": "T",
      "alt": "C"
    },
    "zygosity": {
      "id": "GENO:0000136",
      "label": "homozygous"
    }
  }],
  "diseases": [{
    "term": {
      "id": "OMIM:614833",
      "label": "POLYMICROGYRIA WITH SEIZURES; PMGYS"
    }
  }],
  "metaData": {
    "submittedBy": "HPO:probinson",
    "resources": [{
      "id": "hp",
      "name": "human phenotype ontology",
      "url": "http://purl.obolibrary.org/obo/hp.owl",
      "version": "2018-03-08",
      "namespacePrefix": "HP",
      "iriPrefix": "http://purl.obolibrary.org/obo/HP_"
    }, {
      "id": "pato",
      "name": "Phenotype And Trait Ontology",
      "url": "http://purl.obolibrary.org/obo/pato.owl",
      "version": "2018-03-28",
      "namespacePrefix": "PATO",
      "iriPrefix": "http://purl.obolibrary.org/obo/PATO_"
    }, {
      "id": "geno",
      "name": "Genotype Ontology",
      "url": "http://purl.obolibrary.org/obo/geno.owl",
      "version": "19-03-2018",
      "namespacePrefix": "GENO",
      "iriPrefix": "http://purl.obolibrary.org/obo/GENO_"
    }, {
      "id": "ncbitaxon",
      "name": "NCBI organismal classification",
      "url": "http://purl.obolibrary.org/obo/ncbitaxon.owl",
      "version": "2018-03-02",
      "namespacePrefix": "NCBITaxon"
    }, {
      "id": "eco",
      "name": "Evidence and Conclusion Ontology",
      "url": "http://purl.obolibrary.org/obo/eco.owl",
      "version": "2018-11-10",
      "namespacePrefix": "ECO",
      "iriPrefix": "http://purl.obolibrary.org/obo/ECO_"
    }, {
      "id": "omim",
      "name": "Online Mendelian Inheritance in Man",
      "url": "https://www.omim.org",
      "namespacePrefix": "OMIM"
    }],
    "phenopacketSchemaVersion": "1.0.0-RC3",
    "externalReferences": [{
      "id": "PMID:29883675",
      "description": "Biallelic mutations in RTTN are associated with microcephaly, short stature and a wide range of brain malformations"
    }]
  }
}