{
  "id": "PMID:29300302-Suarez-Artiles-2018-OCRL-Patient_1",
  "subject": {
    "id": "Patient 1",
    "ageAtCollection": {
      "age": "P27Y"
    },
    "sex": "MALE",
    "taxonomy": {
      "id": "NCBITaxon:9606",
      "label": "Homo sapiens"
    }
  },
  "phenotypicFeatures": [{
    "type": {
      "id": "HP:0000501",
      "label": "Glaucoma"
    },
    "evidence": [{
      "evidenceCode": {
        "id": "ECO:0000033",
        "label": "author statement supported by traceable reference"
      },
      "reference": {
        "id": "PMID:29300302",
        "description": "Splicing Analysis of Exonic OCRL Mutations Causing Lowe Syndrome or Dent-2 Disease"
      }
    }]
  }, {
    "type": {
      "id": "HP:0003126",
      "label": "Low-molecular-weight proteinuria"
    },
    "evidence": [{
      "evidenceCode": {
        "id": "ECO:0000033",
        "label": "author statement supported by traceable reference"
      },
      "reference": {
        "id": "PMID:29300302",
        "description": "Splicing Analysis of Exonic OCRL Mutations Causing Lowe Syndrome or Dent-2 Disease"
      }
    }]
  }, {
    "type": {
      "id": "HP:0003076",
      "label": "Glycosuria"
    },
    "negated": true,
    "evidence": [{
      "evidenceCode": {
        "id": "ECO:0000033",
        "label": "author statement supported by traceable reference"
      },
      "reference": {
        "id": "PMID:29300302",
        "description": "Splicing Analysis of Exonic OCRL Mutations Causing Lowe Syndrome or Dent-2 Disease"
      }
    }]
  }, {
    "type": {
      "id": "HP:0012592",
      "label": "Albuminuria"
    },
    "evidence": [{
      "evidenceCode": {
        "id": "ECO:0000033",
        "label": "author statement supported by traceable reference"
      },
      "reference": {
        "id": "PMID:29300302",
        "description": "Splicing Analysis of Exonic OCRL Mutations Causing Lowe Syndrome or Dent-2 Disease"
      }
    }]
  }, {
    "type": {
      "id": "HP:0000518",
      "label": "Cataract"
    },
    "evidence": [{
      "evidenceCode": {
        "id": "ECO:0000033",
        "label": "author statement supported by traceable reference"
      },
      "reference": {
        "id": "PMID:29300302",
        "description": "Splicing Analysis of Exonic OCRL Mutations Causing Lowe Syndrome or Dent-2 Disease"
      }
    }]
  }, {
    "type": {
      "id": "HP:0001249",
      "label": "Intellectual disability"
    },
    "evidence": [{
      "evidenceCode": {
        "id": "ECO:0000033",
        "label": "author statement supported by traceable reference"
      },
      "reference": {
        "id": "PMID:29300302",
        "description": "Splicing Analysis of Exonic OCRL Mutations Causing Lowe Syndrome or Dent-2 Disease"
      }
    }]
  }, {
    "type": {
      "id": "HP:0001252",
      "label": "Muscular hypotonia"
    },
    "evidence": [{
      "evidenceCode": {
        "id": "ECO:0000033",
        "label": "author statement supported by traceable reference"
      },
      "reference": {
        "id": "PMID:29300302",
        "description": "Splicing Analysis of Exonic OCRL Mutations Causing Lowe Syndrome or Dent-2 Disease"
      }
    }]
  }, {
    "type": {
      "id": "HP:0003355",
      "label": "Aminoaciduria"
    },
    "evidence": [{
      "evidenceCode": {
        "id": "ECO:0000033",
        "label": "author statement supported by traceable reference"
      },
      "reference": {
        "id": "PMID:29300302",
        "description": "Splicing Analysis of Exonic OCRL Mutations Causing Lowe Syndrome or Dent-2 Disease"
      }
    }]
  }],
  "genes": [{
    "id": "NCBIGene:4952",
    "symbol": "OCRL"
  }],
  "variants": [{
    "vcfAllele": {
      "genomeAssembly": "GRCh37",
      "chr": "X",
      "pos": 128723933,
      "ref": "G",
      "alt": "A"
    },
    "zygosity": {
      "id": "GENO:0000134",
      "label": "hemizygous"
    }
  }],
  "diseases": [{
    "term": {
      "id": "OMIM:309000",
      "label": "LOWE OCULOCEREBRORENAL SYNDROME; OCRL"
    }
  }],
  "metaData": {
    "createdBy": "Hpo Case Annotator : 1.0.13-SNAPSHOT",
    "submittedBy": "HPO:probinson",
    "resources": [{
      "id": "hp",
      "name": "human phenotype ontology",
      "url": "http://purl.obolibrary.org/obo/hp.owl",
      "version": "2018-03-08",
      "namespacePrefix": "HP",
      "iriPrefix": "http://purl.obolibrary.org/obo/HP_"
    }, {
      "id": "pato",
      "name": "Phenotype And Trait Ontology",
      "url": "http://purl.obolibrary.org/obo/pato.owl",
      "version": "2018-03-28",
      "namespacePrefix": "PATO",
      "iriPrefix": "http://purl.obolibrary.org/obo/PATO_"
    }, {
      "id": "geno",
      "name": "Genotype Ontology",
      "url": "http://purl.obolibrary.org/obo/geno.owl",
      "version": "19-03-2018",
      "namespacePrefix": "GENO",
      "iriPrefix": "http://purl.obolibrary.org/obo/GENO_"
    }, {
      "id": "ncbitaxon",
      "name": "NCBI organismal classification",
      "url": "http://purl.obolibrary.org/obo/ncbitaxon.owl",
      "version": "2018-03-02",
      "namespacePrefix": "NCBITaxon"
    }, {
      "id": "eco",
      "name": "Evidence and Conclusion Ontology",
      "url": "http://purl.obolibrary.org/obo/eco.owl",
      "version": "2018-11-10",
      "namespacePrefix": "ECO",
      "iriPrefix": "http://purl.obolibrary.org/obo/ECO_"
    }, {
      "id": "omim",
      "name": "Online Mendelian Inheritance in Man",
      "url": "https://www.omim.org",
      "namespacePrefix": "OMIM"
    }],
    "phenopacketSchemaVersion": "1.0.0-RC3",
    "externalReferences": [{
      "id": "PMID:29300302",
      "description": "Splicing Analysis of Exonic OCRL Mutations Causing Lowe Syndrome or Dent-2 Disease"
    }]
  }
}