{
  "id": "PMID:24932600-Tamhankar-2014-ROR2-Patient_1",
  "subject": {
    "id": "Patient 1",
    "ageAtCollection": {
      "age": "P2Y6M"
    },
    "sex": "MALE",
    "taxonomy": {
      "id": "NCBITaxon:9606",
      "label": "Homo sapiens"
    }
  },
  "phenotypicFeatures": [{
    "type": {
      "id": "HP:0000054",
      "label": "Micropenis"
    },
    "evidence": [{
      "evidenceCode": {
        "id": "ECO:0000033",
        "label": "author statement supported by traceable reference"
      },
      "reference": {
        "id": "PMID:24932600",
        "description": "Identification of novel ROR2 gene mutations in Indian children with Robinow syndrome"
      }
    }]
  }, {
    "type": {
      "id": "HP:0003022",
      "label": "Hypoplasia of the ulna"
    },
    "evidence": [{
      "evidenceCode": {
        "id": "ECO:0000033",
        "label": "author statement supported by traceable reference"
      },
      "reference": {
        "id": "PMID:24932600",
        "description": "Identification of novel ROR2 gene mutations in Indian children with Robinow syndrome"
      }
    }]
  }, {
    "type": {
      "id": "HP:0000256",
      "label": "Macrocephaly"
    },
    "evidence": [{
      "evidenceCode": {
        "id": "ECO:0000033",
        "label": "author statement supported by traceable reference"
      },
      "reference": {
        "id": "PMID:24932600",
        "description": "Identification of novel ROR2 gene mutations in Indian children with Robinow syndrome"
      }
    }]
  }, {
    "type": {
      "id": "HP:0002007",
      "label": "Frontal bossing"
    },
    "evidence": [{
      "evidenceCode": {
        "id": "ECO:0000033",
        "label": "author statement supported by traceable reference"
      },
      "reference": {
        "id": "PMID:24932600",
        "description": "Identification of novel ROR2 gene mutations in Indian children with Robinow syndrome"
      }
    }]
  }, {
    "type": {
      "id": "HP:0008439",
      "label": "Lumbar hemivertebrae"
    },
    "evidence": [{
      "evidenceCode": {
        "id": "ECO:0000033",
        "label": "author statement supported by traceable reference"
      },
      "reference": {
        "id": "PMID:24932600",
        "description": "Identification of novel ROR2 gene mutations in Indian children with Robinow syndrome"
      }
    }]
  }, {
    "type": {
      "id": "HP:0000369",
      "label": "Low-set ears"
    },
    "evidence": [{
      "evidenceCode": {
        "id": "ECO:0000033",
        "label": "author statement supported by traceable reference"
      },
      "reference": {
        "id": "PMID:24932600",
        "description": "Identification of novel ROR2 gene mutations in Indian children with Robinow syndrome"
      }
    }]
  }, {
    "type": {
      "id": "HP:0002984",
      "label": "Hypoplasia of the radius"
    },
    "evidence": [{
      "evidenceCode": {
        "id": "ECO:0000033",
        "label": "author statement supported by traceable reference"
      },
      "reference": {
        "id": "PMID:24932600",
        "description": "Identification of novel ROR2 gene mutations in Indian children with Robinow syndrome"
      }
    }]
  }, {
    "type": {
      "id": "HP:0000921",
      "label": "Missing ribs"
    },
    "evidence": [{
      "evidenceCode": {
        "id": "ECO:0000033",
        "label": "author statement supported by traceable reference"
      },
      "reference": {
        "id": "PMID:24932600",
        "description": "Identification of novel ROR2 gene mutations in Indian children with Robinow syndrome"
      }
    }]
  }, {
    "type": {
      "id": "HP:0003086",
      "label": "Acromesomelia"
    },
    "evidence": [{
      "evidenceCode": {
        "id": "ECO:0000033",
        "label": "author statement supported by traceable reference"
      },
      "reference": {
        "id": "PMID:24932600",
        "description": "Identification of novel ROR2 gene mutations in Indian children with Robinow syndrome"
      }
    }]
  }, {
    "type": {
      "id": "HP:0012646",
      "label": "Retractile testis"
    },
    "evidence": [{
      "evidenceCode": {
        "id": "ECO:0000033",
        "label": "author statement supported by traceable reference"
      },
      "reference": {
        "id": "PMID:24932600",
        "description": "Identification of novel ROR2 gene mutations in Indian children with Robinow syndrome"
      }
    }]
  }, {
    "type": {
      "id": "HP:0000520",
      "label": "Proptosis"
    },
    "evidence": [{
      "evidenceCode": {
        "id": "ECO:0000033",
        "label": "author statement supported by traceable reference"
      },
      "reference": {
        "id": "PMID:24932600",
        "description": "Identification of novel ROR2 gene mutations in Indian children with Robinow syndrome"
      }
    }]
  }, {
    "type": {
      "id": "HP:0000212",
      "label": "Gingival overgrowth"
    },
    "evidence": [{
      "evidenceCode": {
        "id": "ECO:0000033",
        "label": "author statement supported by traceable reference"
      },
      "reference": {
        "id": "PMID:24932600",
        "description": "Identification of novel ROR2 gene mutations in Indian children with Robinow syndrome"
      }
    }]
  }, {
    "type": {
      "id": "HP:0200055",
      "label": "Small hand"
    },
    "evidence": [{
      "evidenceCode": {
        "id": "ECO:0000033",
        "label": "author statement supported by traceable reference"
      },
      "reference": {
        "id": "PMID:24932600",
        "description": "Identification of novel ROR2 gene mutations in Indian children with Robinow syndrome"
      }
    }]
  }, {
    "type": {
      "id": "HP:0000316",
      "label": "Hypertelorism"
    },
    "evidence": [{
      "evidenceCode": {
        "id": "ECO:0000033",
        "label": "author statement supported by traceable reference"
      },
      "reference": {
        "id": "PMID:24932600",
        "description": "Identification of novel ROR2 gene mutations in Indian children with Robinow syndrome"
      }
    }]
  }, {
    "type": {
      "id": "HP:0000463",
      "label": "Anteverted nares"
    },
    "evidence": [{
      "evidenceCode": {
        "id": "ECO:0000033",
        "label": "author statement supported by traceable reference"
      },
      "reference": {
        "id": "PMID:24932600",
        "description": "Identification of novel ROR2 gene mutations in Indian children with Robinow syndrome"
      }
    }]
  }, {
    "type": {
      "id": "HP:0002944",
      "label": "Thoracolumbar scoliosis"
    },
    "evidence": [{
      "evidenceCode": {
        "id": "ECO:0000033",
        "label": "author statement supported by traceable reference"
      },
      "reference": {
        "id": "PMID:24932600",
        "description": "Identification of novel ROR2 gene mutations in Indian children with Robinow syndrome"
      }
    }]
  }, {
    "type": {
      "id": "HP:0000154",
      "label": "Wide mouth"
    },
    "evidence": [{
      "evidenceCode": {
        "id": "ECO:0000033",
        "label": "author statement supported by traceable reference"
      },
      "reference": {
        "id": "PMID:24932600",
        "description": "Identification of novel ROR2 gene mutations in Indian children with Robinow syndrome"
      }
    }]
  }, {
    "type": {
      "id": "HP:0010804",
      "label": "Tented upper lip vermilion"
    },
    "evidence": [{
      "evidenceCode": {
        "id": "ECO:0000033",
        "label": "author statement supported by traceable reference"
      },
      "reference": {
        "id": "PMID:24932600",
        "description": "Identification of novel ROR2 gene mutations in Indian children with Robinow syndrome"
      }
    }]
  }, {
    "type": {
      "id": "HP:0005280",
      "label": "Depressed nasal bridge"
    },
    "evidence": [{
      "evidenceCode": {
        "id": "ECO:0000033",
        "label": "author statement supported by traceable reference"
      },
      "reference": {
        "id": "PMID:24932600",
        "description": "Identification of novel ROR2 gene mutations in Indian children with Robinow syndrome"
      }
    }]
  }, {
    "type": {
      "id": "HP:0004322",
      "label": "Short stature"
    },
    "evidence": [{
      "evidenceCode": {
        "id": "ECO:0000033",
        "label": "author statement supported by traceable reference"
      },
      "reference": {
        "id": "PMID:24932600",
        "description": "Identification of novel ROR2 gene mutations in Indian children with Robinow syndrome"
      }
    }]
  }],
  "genes": [{
    "id": "NCBIGene:4920",
    "symbol": "ROR2"
  }],
  "variants": [{
    "vcfAllele": {
      "genomeAssembly": "GRCh37",
      "chr": "9",
      "pos": 94499750,
      "ref": "C",
      "alt": "T"
    },
    "zygosity": {
      "id": "GENO:0000136",
      "label": "homozygous"
    }
  }],
  "diseases": [{
    "term": {
      "id": "OMIM:268310",
      "label": "ROBINOW SYNDROME, AUTOSOMAL RECESSIVE; RRS"
    }
  }],
  "metaData": {
    "createdBy": "Hpo Case Annotator : 1.0.13-SNAPSHOT",
    "submittedBy": "HPO:probinson",
    "resources": [{
      "id": "hp",
      "name": "human phenotype ontology",
      "url": "http://purl.obolibrary.org/obo/hp.owl",
      "version": "2018-03-08",
      "namespacePrefix": "HP",
      "iriPrefix": "http://purl.obolibrary.org/obo/HP_"
    }, {
      "id": "pato",
      "name": "Phenotype And Trait Ontology",
      "url": "http://purl.obolibrary.org/obo/pato.owl",
      "version": "2018-03-28",
      "namespacePrefix": "PATO",
      "iriPrefix": "http://purl.obolibrary.org/obo/PATO_"
    }, {
      "id": "geno",
      "name": "Genotype Ontology",
      "url": "http://purl.obolibrary.org/obo/geno.owl",
      "version": "19-03-2018",
      "namespacePrefix": "GENO",
      "iriPrefix": "http://purl.obolibrary.org/obo/GENO_"
    }, {
      "id": "ncbitaxon",
      "name": "NCBI organismal classification",
      "url": "http://purl.obolibrary.org/obo/ncbitaxon.owl",
      "version": "2018-03-02",
      "namespacePrefix": "NCBITaxon"
    }, {
      "id": "eco",
      "name": "Evidence and Conclusion Ontology",
      "url": "http://purl.obolibrary.org/obo/eco.owl",
      "version": "2018-11-10",
      "namespacePrefix": "ECO",
      "iriPrefix": "http://purl.obolibrary.org/obo/ECO_"
    }, {
      "id": "omim",
      "name": "Online Mendelian Inheritance in Man",
      "url": "https://www.omim.org",
      "namespacePrefix": "OMIM"
    }],
    "phenopacketSchemaVersion": "1.0.0-RC3",
    "externalReferences": [{
      "id": "PMID:24932600",
      "description": "Identification of novel ROR2 gene mutations in Indian children with Robinow syndrome"
    }]
  }
}