{
  "id": "PMID:29482508-Tian-2018-ACVR1-patient",
  "subject": {
    "id": "patient",
    "ageAtCollection": {
      "age": "P16Y"
    },
    "sex": "MALE",
    "taxonomy": {
      "id": "NCBITaxon:9606",
      "label": "Homo sapiens"
    }
  },
  "phenotypicFeatures": [{
    "type": {
      "id": "HP:0003155",
      "label": "Elevated alkaline phosphatase"
    },
    "evidence": [{
      "evidenceCode": {
        "id": "ECO:0000033",
        "label": "author statement supported by traceable reference"
      },
      "reference": {
        "id": "PMID:29482508",
        "description": "Difficult diagnosis and genetic analysis of fibrodysplasia ossificans progressiva: a case report"
      }
    }]
  }, {
    "type": {
      "id": "HP:0011987",
      "label": "Ectopic ossification in muscle tissue"
    },
    "evidence": [{
      "evidenceCode": {
        "id": "ECO:0000033",
        "label": "author statement supported by traceable reference"
      },
      "reference": {
        "id": "PMID:29482508",
        "description": "Difficult diagnosis and genetic analysis of fibrodysplasia ossificans progressiva: a case report"
      }
    }]
  }, {
    "type": {
      "id": "HP:0032436",
      "label": "Abnormal C-reactive protein level"
    },
    "negated": true,
    "evidence": [{
      "evidenceCode": {
        "id": "ECO:0000033",
        "label": "author statement supported by traceable reference"
      },
      "reference": {
        "id": "PMID:29482508",
        "description": "Difficult diagnosis and genetic analysis of fibrodysplasia ossificans progressiva: a case report"
      }
    }]
  }, {
    "type": {
      "id": "HP:0001847",
      "label": "Long hallux"
    },
    "evidence": [{
      "evidenceCode": {
        "id": "ECO:0000033",
        "label": "author statement supported by traceable reference"
      },
      "reference": {
        "id": "PMID:29482508",
        "description": "Difficult diagnosis and genetic analysis of fibrodysplasia ossificans progressiva: a case report"
      }
    }]
  }, {
    "type": {
      "id": "HP:0012531",
      "label": "Pain"
    },
    "evidence": [{
      "evidenceCode": {
        "id": "ECO:0000033",
        "label": "author statement supported by traceable reference"
      },
      "reference": {
        "id": "PMID:29482508",
        "description": "Difficult diagnosis and genetic analysis of fibrodysplasia ossificans progressiva: a case report"
      }
    }]
  }, {
    "type": {
      "id": "HP:0025021",
      "label": "Abnormal erythrocyte sedimentation rate"
    },
    "negated": true,
    "evidence": [{
      "evidenceCode": {
        "id": "ECO:0000033",
        "label": "author statement supported by traceable reference"
      },
      "reference": {
        "id": "PMID:29482508",
        "description": "Difficult diagnosis and genetic analysis of fibrodysplasia ossificans progressiva: a case report"
      }
    }]
  }, {
    "type": {
      "id": "HP:0010064",
      "label": "Symphalangism affecting the phalanges of the hallux"
    },
    "evidence": [{
      "evidenceCode": {
        "id": "ECO:0000033",
        "label": "author statement supported by traceable reference"
      },
      "reference": {
        "id": "PMID:29482508",
        "description": "Difficult diagnosis and genetic analysis of fibrodysplasia ossificans progressiva: a case report"
      }
    }]
  }, {
    "type": {
      "id": "HP:0001822",
      "label": "Hallux valgus"
    },
    "evidence": [{
      "evidenceCode": {
        "id": "ECO:0000033",
        "label": "author statement supported by traceable reference"
      },
      "reference": {
        "id": "PMID:29482508",
        "description": "Difficult diagnosis and genetic analysis of fibrodysplasia ossificans progressiva: a case report"
      }
    }]
  }, {
    "type": {
      "id": "HP:0004363",
      "label": "Abnormal circulating calcium concentration"
    },
    "negated": true,
    "evidence": [{
      "evidenceCode": {
        "id": "ECO:0000033",
        "label": "author statement supported by traceable reference"
      },
      "reference": {
        "id": "PMID:29482508",
        "description": "Difficult diagnosis and genetic analysis of fibrodysplasia ossificans progressiva: a case report"
      }
    }]
  }, {
    "type": {
      "id": "HP:0100529",
      "label": "Abnormal blood phosphate concentration"
    },
    "negated": true,
    "evidence": [{
      "evidenceCode": {
        "id": "ECO:0000033",
        "label": "author statement supported by traceable reference"
      },
      "reference": {
        "id": "PMID:29482508",
        "description": "Difficult diagnosis and genetic analysis of fibrodysplasia ossificans progressiva: a case report"
      }
    }]
  }],
  "genes": [{
    "id": "NCBIGene:90",
    "symbol": "ACVR1"
  }],
  "variants": [{
    "vcfAllele": {
      "genomeAssembly": "GRCh37",
      "chr": "2",
      "pos": 158630626,
      "ref": "C",
      "alt": "T"
    },
    "zygosity": {
      "id": "GENO:0000135",
      "label": "heterozygous"
    }
  }],
  "diseases": [{
    "term": {
      "id": "OMIM:135100",
      "label": "FIBRODYSPLASIA OSSIFICANS PROGRESSIVA; FOP"
    }
  }],
  "metaData": {
    "createdBy": "Hpo Case Annotator : 1.0.13-SNAPSHOT",
    "submittedBy": "HPO:probinson",
    "resources": [{
      "id": "hp",
      "name": "human phenotype ontology",
      "url": "http://purl.obolibrary.org/obo/hp.owl",
      "version": "2018-03-08",
      "namespacePrefix": "HP",
      "iriPrefix": "http://purl.obolibrary.org/obo/HP_"
    }, {
      "id": "pato",
      "name": "Phenotype And Trait Ontology",
      "url": "http://purl.obolibrary.org/obo/pato.owl",
      "version": "2018-03-28",
      "namespacePrefix": "PATO",
      "iriPrefix": "http://purl.obolibrary.org/obo/PATO_"
    }, {
      "id": "geno",
      "name": "Genotype Ontology",
      "url": "http://purl.obolibrary.org/obo/geno.owl",
      "version": "19-03-2018",
      "namespacePrefix": "GENO",
      "iriPrefix": "http://purl.obolibrary.org/obo/GENO_"
    }, {
      "id": "ncbitaxon",
      "name": "NCBI organismal classification",
      "url": "http://purl.obolibrary.org/obo/ncbitaxon.owl",
      "version": "2018-03-02",
      "namespacePrefix": "NCBITaxon"
    }, {
      "id": "eco",
      "name": "Evidence and Conclusion Ontology",
      "url": "http://purl.obolibrary.org/obo/eco.owl",
      "version": "2018-11-10",
      "namespacePrefix": "ECO",
      "iriPrefix": "http://purl.obolibrary.org/obo/ECO_"
    }, {
      "id": "omim",
      "name": "Online Mendelian Inheritance in Man",
      "url": "https://www.omim.org",
      "namespacePrefix": "OMIM"
    }],
    "phenopacketSchemaVersion": "1.0.0-RC3",
    "externalReferences": [{
      "id": "PMID:29482508",
      "description": "Difficult diagnosis and genetic analysis of fibrodysplasia ossificans progressiva: a case report"
    }]
  }
}