{
  "id": "PMID:25681079-Tran-2015-GALT-FKT118",
  "subject": {
    "id": "FKT118",
    "ageAtCollection": {
      "age": "P6Y"
    },
    "sex": "FEMALE",
    "taxonomy": {
      "id": "NCBITaxon:9606",
      "label": "Homo sapiens"
    }
  },
  "phenotypicFeatures": [{
    "type": {
      "id": "HP:0000952",
      "label": "Jaundice"
    },
    "evidence": [{
      "evidenceCode": {
        "id": "ECO:0000033",
        "label": "author statement supported by traceable reference"
      },
      "reference": {
        "id": "PMID:25681079",
        "description": "A De Novo Variant in Galactose-1-P Uridylyltransferase (GALT) Leading to Classic Galactosemia"
      }
    }]
  }, {
    "type": {
      "id": "HP:0012024",
      "label": "Hypergalactosemia"
    },
    "evidence": [{
      "evidenceCode": {
        "id": "ECO:0000033",
        "label": "author statement supported by traceable reference"
      },
      "reference": {
        "id": "PMID:25681079",
        "description": "A De Novo Variant in Galactose-1-P Uridylyltransferase (GALT) Leading to Classic Galactosemia"
      }
    }]
  }, {
    "type": {
      "id": "HP:0000750",
      "label": "Delayed speech and language development"
    },
    "evidence": [{
      "evidenceCode": {
        "id": "ECO:0000033",
        "label": "author statement supported by traceable reference"
      },
      "reference": {
        "id": "PMID:25681079",
        "description": "A De Novo Variant in Galactose-1-P Uridylyltransferase (GALT) Leading to Classic Galactosemia"
      }
    }]
  }, {
    "type": {
      "id": "HP:0011968",
      "label": "Feeding difficulties"
    },
    "evidence": [{
      "evidenceCode": {
        "id": "ECO:0000033",
        "label": "author statement supported by traceable reference"
      },
      "reference": {
        "id": "PMID:25681079",
        "description": "A De Novo Variant in Galactose-1-P Uridylyltransferase (GALT) Leading to Classic Galactosemia"
      }
    }]
  }, {
    "type": {
      "id": "HP:0002069",
      "label": "Generalized tonic-clonic seizures"
    },
    "evidence": [{
      "evidenceCode": {
        "id": "ECO:0000033",
        "label": "author statement supported by traceable reference"
      },
      "reference": {
        "id": "PMID:25681079",
        "description": "A De Novo Variant in Galactose-1-P Uridylyltransferase (GALT) Leading to Classic Galactosemia"
      }
    }]
  }, {
    "type": {
      "id": "HP:0002013",
      "label": "Vomiting"
    },
    "evidence": [{
      "evidenceCode": {
        "id": "ECO:0000033",
        "label": "author statement supported by traceable reference"
      },
      "reference": {
        "id": "PMID:25681079",
        "description": "A De Novo Variant in Galactose-1-P Uridylyltransferase (GALT) Leading to Classic Galactosemia"
      }
    }]
  }, {
    "type": {
      "id": "HP:0001290",
      "label": "Generalized hypotonia"
    },
    "evidence": [{
      "evidenceCode": {
        "id": "ECO:0000033",
        "label": "author statement supported by traceable reference"
      },
      "reference": {
        "id": "PMID:25681079",
        "description": "A De Novo Variant in Galactose-1-P Uridylyltransferase (GALT) Leading to Classic Galactosemia"
      }
    }]
  }],
  "genes": [{
    "id": "NCBIGene:2592",
    "symbol": "GALT"
  }],
  "variants": [{
    "vcfAllele": {
      "genomeAssembly": "GRCh37",
      "chr": "9",
      "pos": 34648167,
      "ref": "A",
      "alt": "G"
    },
    "zygosity": {
      "id": "GENO:0000135",
      "label": "heterozygous"
    }
  }, {
    "vcfAllele": {
      "genomeAssembly": "GRCh37",
      "chr": "9",
      "pos": 34648167,
      "ref": "A",
      "alt": "C"
    },
    "zygosity": {
      "id": "GENO:0000135",
      "label": "heterozygous"
    }
  }],
  "diseases": [{
    "term": {
      "id": "OMIM:230400",
      "label": "GALACTOSEMIA"
    }
  }],
  "metaData": {
    "createdBy": "Hpo Case Annotator : 1.0.13-SNAPSHOT",
    "submittedBy": "HPO:probinson",
    "resources": [{
      "id": "hp",
      "name": "human phenotype ontology",
      "url": "http://purl.obolibrary.org/obo/hp.owl",
      "version": "2018-03-08",
      "namespacePrefix": "HP",
      "iriPrefix": "http://purl.obolibrary.org/obo/HP_"
    }, {
      "id": "pato",
      "name": "Phenotype And Trait Ontology",
      "url": "http://purl.obolibrary.org/obo/pato.owl",
      "version": "2018-03-28",
      "namespacePrefix": "PATO",
      "iriPrefix": "http://purl.obolibrary.org/obo/PATO_"
    }, {
      "id": "geno",
      "name": "Genotype Ontology",
      "url": "http://purl.obolibrary.org/obo/geno.owl",
      "version": "19-03-2018",
      "namespacePrefix": "GENO",
      "iriPrefix": "http://purl.obolibrary.org/obo/GENO_"
    }, {
      "id": "ncbitaxon",
      "name": "NCBI organismal classification",
      "url": "http://purl.obolibrary.org/obo/ncbitaxon.owl",
      "version": "2018-03-02",
      "namespacePrefix": "NCBITaxon"
    }, {
      "id": "eco",
      "name": "Evidence and Conclusion Ontology",
      "url": "http://purl.obolibrary.org/obo/eco.owl",
      "version": "2018-11-10",
      "namespacePrefix": "ECO",
      "iriPrefix": "http://purl.obolibrary.org/obo/ECO_"
    }, {
      "id": "omim",
      "name": "Online Mendelian Inheritance in Man",
      "url": "https://www.omim.org",
      "namespacePrefix": "OMIM"
    }],
    "phenopacketSchemaVersion": "1.0.0-RC3",
    "externalReferences": [{
      "id": "PMID:25681079",
      "description": "A De Novo Variant in Galactose-1-P Uridylyltransferase (GALT) Leading to Classic Galactosemia"
    }]
  }
}