{
  "id": "PMID:20932317-Truong-2010-RAI1-SMS335",
  "subject": {
    "id": "SMS335",
    "ageAtCollection": {
      "age": "P16Y"
    },
    "sex": "FEMALE",
    "taxonomy": {
      "id": "NCBITaxon:9606",
      "label": "Homo sapiens"
    }
  },
  "phenotypicFeatures": [{
    "type": {
      "id": "HP:0011800",
      "label": "Midface retrusion"
    },
    "evidence": [{
      "evidenceCode": {
        "id": "ECO:0000033",
        "label": "author statement supported by traceable reference"
      },
      "reference": {
        "id": "PMID:20932317",
        "description": "Frameshift mutation hotspot identified in Smith-Magenis syndrome: case report and review of literature"
      }
    }]
  }, {
    "type": {
      "id": "HP:0000365",
      "label": "Hearing impairment"
    },
    "evidence": [{
      "evidenceCode": {
        "id": "ECO:0000033",
        "label": "author statement supported by traceable reference"
      },
      "reference": {
        "id": "PMID:20932317",
        "description": "Frameshift mutation hotspot identified in Smith-Magenis syndrome: case report and review of literature"
      }
    }]
  }, {
    "type": {
      "id": "HP:0000248",
      "label": "Brachycephaly"
    },
    "evidence": [{
      "evidenceCode": {
        "id": "ECO:0000033",
        "label": "author statement supported by traceable reference"
      },
      "reference": {
        "id": "PMID:20932317",
        "description": "Frameshift mutation hotspot identified in Smith-Magenis syndrome: case report and review of literature"
      }
    }]
  }, {
    "type": {
      "id": "HP:0001270",
      "label": "Motor delay"
    },
    "evidence": [{
      "evidenceCode": {
        "id": "ECO:0000033",
        "label": "author statement supported by traceable reference"
      },
      "reference": {
        "id": "PMID:20932317",
        "description": "Frameshift mutation hotspot identified in Smith-Magenis syndrome: case report and review of literature"
      }
    }]
  }, {
    "type": {
      "id": "HP:0000403",
      "label": "Recurrent otitis media"
    },
    "evidence": [{
      "evidenceCode": {
        "id": "ECO:0000033",
        "label": "author statement supported by traceable reference"
      },
      "reference": {
        "id": "PMID:20932317",
        "description": "Frameshift mutation hotspot identified in Smith-Magenis syndrome: case report and review of literature"
      }
    }]
  }, {
    "type": {
      "id": "HP:0004322",
      "label": "Short stature"
    },
    "evidence": [{
      "evidenceCode": {
        "id": "ECO:0000033",
        "label": "author statement supported by traceable reference"
      },
      "reference": {
        "id": "PMID:20932317",
        "description": "Frameshift mutation hotspot identified in Smith-Magenis syndrome: case report and review of literature"
      }
    }]
  }, {
    "type": {
      "id": "HP:0100716",
      "label": "Self-injurious behavior"
    },
    "evidence": [{
      "evidenceCode": {
        "id": "ECO:0000033",
        "label": "author statement supported by traceable reference"
      },
      "reference": {
        "id": "PMID:20932317",
        "description": "Frameshift mutation hotspot identified in Smith-Magenis syndrome: case report and review of literature"
      }
    }]
  }, {
    "type": {
      "id": "HP:0001263",
      "label": "Global developmental delay"
    },
    "evidence": [{
      "evidenceCode": {
        "id": "ECO:0000033",
        "label": "author statement supported by traceable reference"
      },
      "reference": {
        "id": "PMID:20932317",
        "description": "Frameshift mutation hotspot identified in Smith-Magenis syndrome: case report and review of literature"
      }
    }]
  }, {
    "type": {
      "id": "HP:0000486",
      "label": "Strabismus"
    },
    "evidence": [{
      "evidenceCode": {
        "id": "ECO:0000033",
        "label": "author statement supported by traceable reference"
      },
      "reference": {
        "id": "PMID:20932317",
        "description": "Frameshift mutation hotspot identified in Smith-Magenis syndrome: case report and review of literature"
      }
    }]
  }, {
    "type": {
      "id": "HP:0001249",
      "label": "Intellectual disability"
    },
    "evidence": [{
      "evidenceCode": {
        "id": "ECO:0000033",
        "label": "author statement supported by traceable reference"
      },
      "reference": {
        "id": "PMID:20932317",
        "description": "Frameshift mutation hotspot identified in Smith-Magenis syndrome: case report and review of literature"
      }
    }]
  }, {
    "type": {
      "id": "HP:0001956",
      "label": "Truncal obesity"
    },
    "evidence": [{
      "evidenceCode": {
        "id": "ECO:0000033",
        "label": "author statement supported by traceable reference"
      },
      "reference": {
        "id": "PMID:20932317",
        "description": "Frameshift mutation hotspot identified in Smith-Magenis syndrome: case report and review of literature"
      }
    }]
  }, {
    "type": {
      "id": "HP:0002650",
      "label": "Scoliosis"
    },
    "evidence": [{
      "evidenceCode": {
        "id": "ECO:0000033",
        "label": "author statement supported by traceable reference"
      },
      "reference": {
        "id": "PMID:20932317",
        "description": "Frameshift mutation hotspot identified in Smith-Magenis syndrome: case report and review of literature"
      }
    }]
  }, {
    "type": {
      "id": "HP:0001290",
      "label": "Generalized hypotonia"
    },
    "evidence": [{
      "evidenceCode": {
        "id": "ECO:0000033",
        "label": "author statement supported by traceable reference"
      },
      "reference": {
        "id": "PMID:20932317",
        "description": "Frameshift mutation hotspot identified in Smith-Magenis syndrome: case report and review of literature"
      }
    }]
  }, {
    "type": {
      "id": "HP:0000750",
      "label": "Delayed speech and language development"
    },
    "evidence": [{
      "evidenceCode": {
        "id": "ECO:0000033",
        "label": "author statement supported by traceable reference"
      },
      "reference": {
        "id": "PMID:20932317",
        "description": "Frameshift mutation hotspot identified in Smith-Magenis syndrome: case report and review of literature"
      }
    }]
  }, {
    "type": {
      "id": "HP:0002360",
      "label": "Sleep disturbance"
    },
    "evidence": [{
      "evidenceCode": {
        "id": "ECO:0000033",
        "label": "author statement supported by traceable reference"
      },
      "reference": {
        "id": "PMID:20932317",
        "description": "Frameshift mutation hotspot identified in Smith-Magenis syndrome: case report and review of literature"
      }
    }]
  }],
  "genes": [{
    "id": "NCBIGene:10743",
    "symbol": "RAI1"
  }],
  "variants": [{
    "vcfAllele": {
      "genomeAssembly": "GRCh37",
      "chr": "17",
      "pos": 17699358,
      "ref": "G",
      "alt": "GC"
    },
    "zygosity": {
      "id": "GENO:0000135",
      "label": "heterozygous"
    }
  }],
  "diseases": [{
    "term": {
      "id": "OMIM:182290",
      "label": "SMITH-MAGENIS SYNDROME; SMS"
    }
  }],
  "metaData": {
    "createdBy": "Hpo Case Annotator : 1.0.13-SNAPSHOT",
    "submittedBy": "HPO:probinson",
    "resources": [{
      "id": "hp",
      "name": "human phenotype ontology",
      "url": "http://purl.obolibrary.org/obo/hp.owl",
      "version": "2018-03-08",
      "namespacePrefix": "HP",
      "iriPrefix": "http://purl.obolibrary.org/obo/HP_"
    }, {
      "id": "pato",
      "name": "Phenotype And Trait Ontology",
      "url": "http://purl.obolibrary.org/obo/pato.owl",
      "version": "2018-03-28",
      "namespacePrefix": "PATO",
      "iriPrefix": "http://purl.obolibrary.org/obo/PATO_"
    }, {
      "id": "geno",
      "name": "Genotype Ontology",
      "url": "http://purl.obolibrary.org/obo/geno.owl",
      "version": "19-03-2018",
      "namespacePrefix": "GENO",
      "iriPrefix": "http://purl.obolibrary.org/obo/GENO_"
    }, {
      "id": "ncbitaxon",
      "name": "NCBI organismal classification",
      "url": "http://purl.obolibrary.org/obo/ncbitaxon.owl",
      "version": "2018-03-02",
      "namespacePrefix": "NCBITaxon"
    }, {
      "id": "eco",
      "name": "Evidence and Conclusion Ontology",
      "url": "http://purl.obolibrary.org/obo/eco.owl",
      "version": "2018-11-10",
      "namespacePrefix": "ECO",
      "iriPrefix": "http://purl.obolibrary.org/obo/ECO_"
    }, {
      "id": "omim",
      "name": "Online Mendelian Inheritance in Man",
      "url": "https://www.omim.org",
      "namespacePrefix": "OMIM"
    }],
    "phenopacketSchemaVersion": "1.0.0-RC3",
    "externalReferences": [{
      "id": "PMID:20932317",
      "description": "Frameshift mutation hotspot identified in Smith-Magenis syndrome: case report and review of literature"
    }]
  }
}