{
  "id": "PMID:29321044-Vajro-2018-TMEM199-Patient_2",
  "subject": {
    "id": "Patient 2",
    "ageAtCollection": {
      "age": "P2Y"
    },
    "sex": "MALE",
    "taxonomy": {
      "id": "NCBITaxon:9606",
      "label": "Homo sapiens"
    }
  },
  "phenotypicFeatures": [{
    "type": {
      "id": "HP:0011967",
      "label": "Decreased circulating copper concentration"
    },
    "evidence": [{
      "evidenceCode": {
        "id": "ECO:0000033",
        "label": "author statement supported by traceable reference"
      },
      "reference": {
        "id": "PMID:29321044",
        "description": "Three unreported cases of TMEM199-CDG, a rare genetic liver disease with abnormal glycosylation"
      }
    }]
  }, {
    "type": {
      "id": "HP:0003124",
      "label": "Hypercholesterolemia"
    },
    "evidence": [{
      "evidenceCode": {
        "id": "ECO:0000033",
        "label": "author statement supported by traceable reference"
      },
      "reference": {
        "id": "PMID:29321044",
        "description": "Three unreported cases of TMEM199-CDG, a rare genetic liver disease with abnormal glycosylation"
      }
    }]
  }, {
    "type": {
      "id": "HP:0001397",
      "label": "Hepatic steatosis"
    },
    "evidence": [{
      "evidenceCode": {
        "id": "ECO:0000033",
        "label": "author statement supported by traceable reference"
      },
      "reference": {
        "id": "PMID:29321044",
        "description": "Three unreported cases of TMEM199-CDG, a rare genetic liver disease with abnormal glycosylation"
      }
    }]
  }, {
    "type": {
      "id": "HP:0003155",
      "label": "Elevated alkaline phosphatase"
    },
    "evidence": [{
      "evidenceCode": {
        "id": "ECO:0000033",
        "label": "author statement supported by traceable reference"
      },
      "reference": {
        "id": "PMID:29321044",
        "description": "Three unreported cases of TMEM199-CDG, a rare genetic liver disease with abnormal glycosylation"
      }
    }]
  }, {
    "type": {
      "id": "HP:0010837",
      "label": "Decreased serum ceruloplasmin"
    },
    "evidence": [{
      "evidenceCode": {
        "id": "ECO:0000033",
        "label": "author statement supported by traceable reference"
      },
      "reference": {
        "id": "PMID:29321044",
        "description": "Three unreported cases of TMEM199-CDG, a rare genetic liver disease with abnormal glycosylation"
      }
    }]
  }, {
    "type": {
      "id": "HP:0003236",
      "label": "Elevated serum creatine kinase"
    },
    "evidence": [{
      "evidenceCode": {
        "id": "ECO:0000033",
        "label": "author statement supported by traceable reference"
      },
      "reference": {
        "id": "PMID:29321044",
        "description": "Three unreported cases of TMEM199-CDG, a rare genetic liver disease with abnormal glycosylation"
      }
    }]
  }, {
    "type": {
      "id": "HP:0001405",
      "label": "Periportal fibrosis"
    },
    "evidence": [{
      "evidenceCode": {
        "id": "ECO:0000033",
        "label": "author statement supported by traceable reference"
      },
      "reference": {
        "id": "PMID:29321044",
        "description": "Three unreported cases of TMEM199-CDG, a rare genetic liver disease with abnormal glycosylation"
      }
    }]
  }],
  "genes": [{
    "id": "NCBIGene:147007",
    "symbol": "TMEM199"
  }],
  "variants": [{
    "vcfAllele": {
      "genomeAssembly": "GRCh37",
      "chr": "17",
      "pos": 26684704,
      "ref": "CTT",
      "alt": "C"
    },
    "zygosity": {
      "id": "GENO:0000135",
      "label": "heterozygous"
    }
  }, {
    "vcfAllele": {
      "genomeAssembly": "GRCh37",
      "chr": "17",
      "pos": 26684785,
      "ref": "G",
      "alt": "C"
    },
    "zygosity": {
      "id": "GENO:0000135",
      "label": "heterozygous"
    }
  }],
  "diseases": [{
    "term": {
      "id": "OMIM:616829",
      "label": "Congenital disorder of glycosylation, type IIp"
    }
  }],
  "metaData": {
    "createdBy": "Hpo Case Annotator : 1.0.13",
    "submittedBy": "HP:probinson",
    "resources": [{
      "id": "hp",
      "name": "human phenotype ontology",
      "url": "http://purl.obolibrary.org/obo/hp.owl",
      "version": "2018-03-08",
      "namespacePrefix": "HP",
      "iriPrefix": "http://purl.obolibrary.org/obo/HP_"
    }, {
      "id": "pato",
      "name": "Phenotype And Trait Ontology",
      "url": "http://purl.obolibrary.org/obo/pato.owl",
      "version": "2018-03-28",
      "namespacePrefix": "PATO",
      "iriPrefix": "http://purl.obolibrary.org/obo/PATO_"
    }, {
      "id": "geno",
      "name": "Genotype Ontology",
      "url": "http://purl.obolibrary.org/obo/geno.owl",
      "version": "19-03-2018",
      "namespacePrefix": "GENO",
      "iriPrefix": "http://purl.obolibrary.org/obo/GENO_"
    }, {
      "id": "ncbitaxon",
      "name": "NCBI organismal classification",
      "url": "http://purl.obolibrary.org/obo/ncbitaxon.owl",
      "version": "2018-03-02",
      "namespacePrefix": "NCBITaxon"
    }, {
      "id": "eco",
      "name": "Evidence and Conclusion Ontology",
      "url": "http://purl.obolibrary.org/obo/eco.owl",
      "version": "2018-11-10",
      "namespacePrefix": "ECO",
      "iriPrefix": "http://purl.obolibrary.org/obo/ECO_"
    }, {
      "id": "omim",
      "name": "Online Mendelian Inheritance in Man",
      "url": "https://www.omim.org",
      "namespacePrefix": "OMIM"
    }],
    "phenopacketSchemaVersion": "1.0.0-RC3",
    "externalReferences": [{
      "id": "PMID:29321044",
      "description": "Three unreported cases of TMEM199-CDG, a rare genetic liver disease with abnormal glycosylation"
    }]
  }
}