{
  "id": "PMID:23255290-Van_Zwieten-2013-SLC4A1-c.1432-2A\u003eT",
  "subject": {
    "id": "c.1432-2A\u003eT",
    "ageAtCollection": {
      "age": "n/a"
    },
    "taxonomy": {
      "id": "NCBITaxon:9606",
      "label": "Homo sapiens"
    }
  },
  "phenotypicFeatures": [{
    "type": {
      "id": "HP:0005502",
      "label": "Increased red cell osmotic fragility"
    },
    "evidence": [{
      "evidenceCode": {
        "id": "ECO:0000033",
        "label": "author statement supported by traceable reference"
      },
      "reference": {
        "id": "PMID:23255290",
        "description": "Hereditary spherocytosis due to band 3 deficiency: 15 novel mutations in SLC4A1"
      }
    }]
  }, {
    "type": {
      "id": "HP:0001878",
      "label": "Hemolytic anemia"
    },
    "evidence": [{
      "evidenceCode": {
        "id": "ECO:0000033",
        "label": "author statement supported by traceable reference"
      },
      "reference": {
        "id": "PMID:23255290",
        "description": "Hereditary spherocytosis due to band 3 deficiency: 15 novel mutations in SLC4A1"
      }
    }]
  }, {
    "type": {
      "id": "HP:0004444",
      "label": "Spherocytosis"
    },
    "evidence": [{
      "evidenceCode": {
        "id": "ECO:0000033",
        "label": "author statement supported by traceable reference"
      },
      "reference": {
        "id": "PMID:23255290",
        "description": "Hereditary spherocytosis due to band 3 deficiency: 15 novel mutations in SLC4A1"
      }
    }]
  }],
  "genes": [{
    "id": "NCBIGene:6521",
    "symbol": "SLC4A1"
  }],
  "variants": [{
    "vcfAllele": {
      "genomeAssembly": "GRCh37",
      "chr": "17",
      "pos": 42334914,
      "ref": "T",
      "alt": "A"
    },
    "zygosity": {
      "id": "GENO:0000135",
      "label": "heterozygous"
    }
  }],
  "diseases": [{
    "term": {
      "id": "OMIM:612653",
      "label": "SPHEROCYTOSIS, TYPE 4; SPH4"
    }
  }],
  "metaData": {
    "submittedBy": "HPO:probinson",
    "resources": [{
      "id": "hp",
      "name": "human phenotype ontology",
      "url": "http://purl.obolibrary.org/obo/hp.owl",
      "version": "2018-03-08",
      "namespacePrefix": "HP",
      "iriPrefix": "http://purl.obolibrary.org/obo/HP_"
    }, {
      "id": "pato",
      "name": "Phenotype And Trait Ontology",
      "url": "http://purl.obolibrary.org/obo/pato.owl",
      "version": "2018-03-28",
      "namespacePrefix": "PATO",
      "iriPrefix": "http://purl.obolibrary.org/obo/PATO_"
    }, {
      "id": "geno",
      "name": "Genotype Ontology",
      "url": "http://purl.obolibrary.org/obo/geno.owl",
      "version": "19-03-2018",
      "namespacePrefix": "GENO",
      "iriPrefix": "http://purl.obolibrary.org/obo/GENO_"
    }, {
      "id": "ncbitaxon",
      "name": "NCBI organismal classification",
      "url": "http://purl.obolibrary.org/obo/ncbitaxon.owl",
      "version": "2018-03-02",
      "namespacePrefix": "NCBITaxon"
    }, {
      "id": "eco",
      "name": "Evidence and Conclusion Ontology",
      "url": "http://purl.obolibrary.org/obo/eco.owl",
      "version": "2018-11-10",
      "namespacePrefix": "ECO",
      "iriPrefix": "http://purl.obolibrary.org/obo/ECO_"
    }, {
      "id": "omim",
      "name": "Online Mendelian Inheritance in Man",
      "url": "https://www.omim.org",
      "namespacePrefix": "OMIM"
    }],
    "phenopacketSchemaVersion": "1.0.0-RC3",
    "externalReferences": [{
      "id": "PMID:23255290",
      "description": "Hereditary spherocytosis due to band 3 deficiency: 15 novel mutations in SLC4A1"
    }]
  }
}