{
  "id": "PMID:28065471-Van_Damme-2017-ATP6V1E1-PI:1",
  "subject": {
    "id": "PI:1",
    "ageAtCollection": {
      "age": "P5M"
    },
    "sex": "FEMALE",
    "taxonomy": {
      "id": "NCBITaxon:9606",
      "label": "Homo sapiens"
    }
  },
  "phenotypicFeatures": [{
    "type": {
      "id": "HP:0001627",
      "label": "Abnormal heart morphology"
    },
    "evidence": [{
      "evidenceCode": {
        "id": "ECO:0000033",
        "label": "author statement supported by traceable reference"
      },
      "reference": {
        "id": "PMID:28065471",
        "description": "Mutations in ATP6V1E1 or ATP6V1A Cause Autosomal-Recessive Cutis Laxa"
      }
    }]
  }, {
    "type": {
      "id": "HP:0001290",
      "label": "Generalized hypotonia"
    },
    "evidence": [{
      "evidenceCode": {
        "id": "ECO:0000033",
        "label": "author statement supported by traceable reference"
      },
      "reference": {
        "id": "PMID:28065471",
        "description": "Mutations in ATP6V1E1 or ATP6V1A Cause Autosomal-Recessive Cutis Laxa"
      }
    }]
  }, {
    "type": {
      "id": "HP:0001522",
      "label": "Death in infancy"
    },
    "evidence": [{
      "evidenceCode": {
        "id": "ECO:0000033",
        "label": "author statement supported by traceable reference"
      },
      "reference": {
        "id": "PMID:28065471",
        "description": "Mutations in ATP6V1E1 or ATP6V1A Cause Autosomal-Recessive Cutis Laxa"
      }
    }]
  }, {
    "type": {
      "id": "HP:0001371",
      "label": "Flexion contracture"
    },
    "evidence": [{
      "evidenceCode": {
        "id": "ECO:0000033",
        "label": "author statement supported by traceable reference"
      },
      "reference": {
        "id": "PMID:28065471",
        "description": "Mutations in ATP6V1E1 or ATP6V1A Cause Autosomal-Recessive Cutis Laxa"
      }
    }]
  }, {
    "type": {
      "id": "HP:0000119",
      "label": "Abnormality of the genitourinary system"
    },
    "negated": true,
    "evidence": [{
      "evidenceCode": {
        "id": "ECO:0000033",
        "label": "author statement supported by traceable reference"
      },
      "reference": {
        "id": "PMID:28065471",
        "description": "Mutations in ATP6V1E1 or ATP6V1A Cause Autosomal-Recessive Cutis Laxa"
      }
    }]
  }, {
    "type": {
      "id": "HP:0001999",
      "label": "Abnormal facial shape"
    },
    "evidence": [{
      "evidenceCode": {
        "id": "ECO:0000033",
        "label": "author statement supported by traceable reference"
      },
      "reference": {
        "id": "PMID:28065471",
        "description": "Mutations in ATP6V1E1 or ATP6V1A Cause Autosomal-Recessive Cutis Laxa"
      }
    }]
  }, {
    "type": {
      "id": "HP:0001639",
      "label": "Hypertrophic cardiomyopathy"
    },
    "evidence": [{
      "evidenceCode": {
        "id": "ECO:0000033",
        "label": "author statement supported by traceable reference"
      },
      "reference": {
        "id": "PMID:28065471",
        "description": "Mutations in ATP6V1E1 or ATP6V1A Cause Autosomal-Recessive Cutis Laxa"
      }
    }]
  }, {
    "type": {
      "id": "HP:0002751",
      "label": "Kyphoscoliosis"
    },
    "negated": true,
    "evidence": [{
      "evidenceCode": {
        "id": "ECO:0000033",
        "label": "author statement supported by traceable reference"
      },
      "reference": {
        "id": "PMID:28065471",
        "description": "Mutations in ATP6V1E1 or ATP6V1A Cause Autosomal-Recessive Cutis Laxa"
      }
    }]
  }, {
    "type": {
      "id": "HP:0004942",
      "label": "Aortic aneurysm"
    },
    "evidence": [{
      "evidenceCode": {
        "id": "ECO:0000033",
        "label": "author statement supported by traceable reference"
      },
      "reference": {
        "id": "PMID:28065471",
        "description": "Mutations in ATP6V1E1 or ATP6V1A Cause Autosomal-Recessive Cutis Laxa"
      }
    }]
  }, {
    "type": {
      "id": "HP:0000098",
      "label": "Tall stature"
    },
    "negated": true,
    "evidence": [{
      "evidenceCode": {
        "id": "ECO:0000033",
        "label": "author statement supported by traceable reference"
      },
      "reference": {
        "id": "PMID:28065471",
        "description": "Mutations in ATP6V1E1 or ATP6V1A Cause Autosomal-Recessive Cutis Laxa"
      }
    }]
  }, {
    "type": {
      "id": "HP:0001385",
      "label": "Hip dysplasia"
    },
    "evidence": [{
      "evidenceCode": {
        "id": "ECO:0000033",
        "label": "author statement supported by traceable reference"
      },
      "reference": {
        "id": "PMID:28065471",
        "description": "Mutations in ATP6V1E1 or ATP6V1A Cause Autosomal-Recessive Cutis Laxa"
      }
    }]
  }, {
    "type": {
      "id": "HP:0000621",
      "label": "Entropion"
    },
    "evidence": [{
      "evidenceCode": {
        "id": "ECO:0000033",
        "label": "author statement supported by traceable reference"
      },
      "reference": {
        "id": "PMID:28065471",
        "description": "Mutations in ATP6V1E1 or ATP6V1A Cause Autosomal-Recessive Cutis Laxa"
      }
    }]
  }, {
    "type": {
      "id": "HP:0001519",
      "label": "Disproportionate tall stature"
    },
    "negated": true,
    "evidence": [{
      "evidenceCode": {
        "id": "ECO:0000033",
        "label": "author statement supported by traceable reference"
      },
      "reference": {
        "id": "PMID:28065471",
        "description": "Mutations in ATP6V1E1 or ATP6V1A Cause Autosomal-Recessive Cutis Laxa"
      }
    }]
  }],
  "genes": [{
    "id": "NCBIGene:529",
    "symbol": "ATP6V1E1"
  }],
  "variants": [{
    "vcfAllele": {
      "genomeAssembly": "GRCh37",
      "chr": "22",
      "pos": 18082845,
      "ref": "A",
      "alt": "G"
    },
    "zygosity": {
      "id": "GENO:0000136",
      "label": "homozygous"
    }
  }],
  "diseases": [{
    "term": {
      "id": "OMIM:617402",
      "label": "Cutis laxa, autosomal recessive, type IIC"
    }
  }],
  "metaData": {
    "createdBy": "Hpo Case Annotator : 1.0.14-SNAPSHOT",
    "submittedBy": "UNC:biocuration",
    "resources": [{
      "id": "hp",
      "name": "human phenotype ontology",
      "url": "http://purl.obolibrary.org/obo/hp.owl",
      "version": "2018-03-08",
      "namespacePrefix": "HP",
      "iriPrefix": "http://purl.obolibrary.org/obo/HP_"
    }, {
      "id": "pato",
      "name": "Phenotype And Trait Ontology",
      "url": "http://purl.obolibrary.org/obo/pato.owl",
      "version": "2018-03-28",
      "namespacePrefix": "PATO",
      "iriPrefix": "http://purl.obolibrary.org/obo/PATO_"
    }, {
      "id": "geno",
      "name": "Genotype Ontology",
      "url": "http://purl.obolibrary.org/obo/geno.owl",
      "version": "19-03-2018",
      "namespacePrefix": "GENO",
      "iriPrefix": "http://purl.obolibrary.org/obo/GENO_"
    }, {
      "id": "ncbitaxon",
      "name": "NCBI organismal classification",
      "url": "http://purl.obolibrary.org/obo/ncbitaxon.owl",
      "version": "2018-03-02",
      "namespacePrefix": "NCBITaxon"
    }, {
      "id": "eco",
      "name": "Evidence and Conclusion Ontology",
      "url": "http://purl.obolibrary.org/obo/eco.owl",
      "version": "2018-11-10",
      "namespacePrefix": "ECO",
      "iriPrefix": "http://purl.obolibrary.org/obo/ECO_"
    }, {
      "id": "omim",
      "name": "Online Mendelian Inheritance in Man",
      "url": "https://www.omim.org",
      "namespacePrefix": "OMIM"
    }],
    "phenopacketSchemaVersion": "1.0.0-RC3",
    "externalReferences": [{
      "id": "PMID:28065471",
      "description": "Mutations in ATP6V1E1 or ATP6V1A Cause Autosomal-Recessive Cutis Laxa"
    }]
  }
}