{
  "id": "PMID:28971234-Vogiatzi-2018-COL11A1-proband",
  "subject": {
    "id": "proband",
    "ageAtCollection": {
      "age": "P17Y1M"
    },
    "sex": "MALE",
    "taxonomy": {
      "id": "NCBITaxon:9606",
      "label": "Homo sapiens"
    }
  },
  "phenotypicFeatures": [{
    "type": {
      "id": "HP:0030840",
      "label": "Ankle pain"
    },
    "evidence": [{
      "evidenceCode": {
        "id": "ECO:0000033",
        "label": "author statement supported by traceable reference"
      },
      "reference": {
        "id": "PMID:28971234",
        "description": "A novel dominant COL11A1 mutation in a child with Stickler syndrome type II is associated with recurrent fractures"
      }
    }]
  }, {
    "type": {
      "id": "HP:0001252",
      "label": "Muscular hypotonia"
    },
    "evidence": [{
      "evidenceCode": {
        "id": "ECO:0000033",
        "label": "author statement supported by traceable reference"
      },
      "reference": {
        "id": "PMID:28971234",
        "description": "A novel dominant COL11A1 mutation in a child with Stickler syndrome type II is associated with recurrent fractures"
      }
    }]
  }, {
    "type": {
      "id": "HP:0000501",
      "label": "Glaucoma"
    },
    "evidence": [{
      "evidenceCode": {
        "id": "ECO:0000033",
        "label": "author statement supported by traceable reference"
      },
      "reference": {
        "id": "PMID:28971234",
        "description": "A novel dominant COL11A1 mutation in a child with Stickler syndrome type II is associated with recurrent fractures"
      }
    }]
  }, {
    "type": {
      "id": "HP:0001382",
      "label": "Joint hypermobility"
    },
    "evidence": [{
      "evidenceCode": {
        "id": "ECO:0000033",
        "label": "author statement supported by traceable reference"
      },
      "reference": {
        "id": "PMID:28971234",
        "description": "A novel dominant COL11A1 mutation in a child with Stickler syndrome type II is associated with recurrent fractures"
      }
    }]
  }, {
    "type": {
      "id": "HP:0007973",
      "label": "Retinal dysplasia"
    },
    "evidence": [{
      "evidenceCode": {
        "id": "ECO:0000033",
        "label": "author statement supported by traceable reference"
      },
      "reference": {
        "id": "PMID:28971234",
        "description": "A novel dominant COL11A1 mutation in a child with Stickler syndrome type II is associated with recurrent fractures"
      }
    }]
  }, {
    "type": {
      "id": "HP:0002757",
      "label": "Recurrent fractures"
    },
    "evidence": [{
      "evidenceCode": {
        "id": "ECO:0000033",
        "label": "author statement supported by traceable reference"
      },
      "reference": {
        "id": "PMID:28971234",
        "description": "A novel dominant COL11A1 mutation in a child with Stickler syndrome type II is associated with recurrent fractures"
      }
    }]
  }, {
    "type": {
      "id": "HP:0003508",
      "label": "Proportionate short stature"
    },
    "evidence": [{
      "evidenceCode": {
        "id": "ECO:0000033",
        "label": "author statement supported by traceable reference"
      },
      "reference": {
        "id": "PMID:28971234",
        "description": "A novel dominant COL11A1 mutation in a child with Stickler syndrome type II is associated with recurrent fractures"
      }
    }]
  }, {
    "type": {
      "id": "HP:0030839",
      "label": "Knee pain"
    },
    "evidence": [{
      "evidenceCode": {
        "id": "ECO:0000033",
        "label": "author statement supported by traceable reference"
      },
      "reference": {
        "id": "PMID:28971234",
        "description": "A novel dominant COL11A1 mutation in a child with Stickler syndrome type II is associated with recurrent fractures"
      }
    }]
  }, {
    "type": {
      "id": "HP:0000545",
      "label": "Myopia"
    },
    "evidence": [{
      "evidenceCode": {
        "id": "ECO:0000033",
        "label": "author statement supported by traceable reference"
      },
      "reference": {
        "id": "PMID:28971234",
        "description": "A novel dominant COL11A1 mutation in a child with Stickler syndrome type II is associated with recurrent fractures"
      }
    }]
  }],
  "genes": [{
    "id": "NCBIGene:1301",
    "symbol": "COL11A1"
  }],
  "variants": [{
    "vcfAllele": {
      "genomeAssembly": "GRCh37",
      "chr": "1",
      "pos": 103427814,
      "ref": "G",
      "alt": "T"
    },
    "zygosity": {
      "id": "GENO:0000135",
      "label": "heterozygous"
    }
  }],
  "diseases": [{
    "term": {
      "id": "OMIM:604841",
      "label": "STICKLER SYNDROME, TYPE II; STL2"
    }
  }],
  "metaData": {
    "createdBy": "Hpo Case Annotator : 1.0.13-SNAPSHOT",
    "submittedBy": "HPO:probinson",
    "resources": [{
      "id": "hp",
      "name": "human phenotype ontology",
      "url": "http://purl.obolibrary.org/obo/hp.owl",
      "version": "2018-03-08",
      "namespacePrefix": "HP",
      "iriPrefix": "http://purl.obolibrary.org/obo/HP_"
    }, {
      "id": "pato",
      "name": "Phenotype And Trait Ontology",
      "url": "http://purl.obolibrary.org/obo/pato.owl",
      "version": "2018-03-28",
      "namespacePrefix": "PATO",
      "iriPrefix": "http://purl.obolibrary.org/obo/PATO_"
    }, {
      "id": "geno",
      "name": "Genotype Ontology",
      "url": "http://purl.obolibrary.org/obo/geno.owl",
      "version": "19-03-2018",
      "namespacePrefix": "GENO",
      "iriPrefix": "http://purl.obolibrary.org/obo/GENO_"
    }, {
      "id": "ncbitaxon",
      "name": "NCBI organismal classification",
      "url": "http://purl.obolibrary.org/obo/ncbitaxon.owl",
      "version": "2018-03-02",
      "namespacePrefix": "NCBITaxon"
    }, {
      "id": "eco",
      "name": "Evidence and Conclusion Ontology",
      "url": "http://purl.obolibrary.org/obo/eco.owl",
      "version": "2018-11-10",
      "namespacePrefix": "ECO",
      "iriPrefix": "http://purl.obolibrary.org/obo/ECO_"
    }, {
      "id": "omim",
      "name": "Online Mendelian Inheritance in Man",
      "url": "https://www.omim.org",
      "namespacePrefix": "OMIM"
    }],
    "phenopacketSchemaVersion": "1.0.0-RC3",
    "externalReferences": [{
      "id": "PMID:28971234",
      "description": "A novel dominant COL11A1 mutation in a child with Stickler syndrome type II is associated with recurrent fractures"
    }]
  }
}