{
  "id": "PMID:28148688-Volpi-2017-EXTL3-Patient_1",
  "subject": {
    "id": "Patient 1",
    "ageAtCollection": {
      "age": "P11M"
    },
    "sex": "MALE",
    "taxonomy": {
      "id": "NCBITaxon:9606",
      "label": "Homo sapiens"
    }
  },
  "phenotypicFeatures": [{
    "type": {
      "id": "HP:0100806",
      "label": "Sepsis"
    },
    "evidence": [{
      "evidenceCode": {
        "id": "ECO:0000033",
        "label": "author statement supported by traceable reference"
      },
      "reference": {
        "id": "PMID:28148688",
        "description": "EXTL3 mutations cause skeletal dysplasia, immune deficiency, and developmental delay"
      }
    }]
  }, {
    "type": {
      "id": "HP:0025116",
      "label": "Fetal distress"
    },
    "evidence": [{
      "evidenceCode": {
        "id": "ECO:0000033",
        "label": "author statement supported by traceable reference"
      },
      "reference": {
        "id": "PMID:28148688",
        "description": "EXTL3 mutations cause skeletal dysplasia, immune deficiency, and developmental delay"
      }
    }]
  }, {
    "type": {
      "id": "HP:0001347",
      "label": "Hyperreflexia"
    },
    "evidence": [{
      "evidenceCode": {
        "id": "ECO:0000033",
        "label": "author statement supported by traceable reference"
      },
      "reference": {
        "id": "PMID:28148688",
        "description": "EXTL3 mutations cause skeletal dysplasia, immune deficiency, and developmental delay"
      }
    }]
  }, {
    "type": {
      "id": "HP:0004322",
      "label": "Short stature"
    },
    "evidence": [{
      "evidenceCode": {
        "id": "ECO:0000033",
        "label": "author statement supported by traceable reference"
      },
      "reference": {
        "id": "PMID:28148688",
        "description": "EXTL3 mutations cause skeletal dysplasia, immune deficiency, and developmental delay"
      }
    }]
  }, {
    "type": {
      "id": "HP:0001019",
      "label": "Erythroderma"
    },
    "evidence": [{
      "evidenceCode": {
        "id": "ECO:0000033",
        "label": "author statement supported by traceable reference"
      },
      "reference": {
        "id": "PMID:28148688",
        "description": "EXTL3 mutations cause skeletal dysplasia, immune deficiency, and developmental delay"
      }
    }]
  }, {
    "type": {
      "id": "HP:0001263",
      "label": "Global developmental delay"
    },
    "evidence": [{
      "evidenceCode": {
        "id": "ECO:0000033",
        "label": "author statement supported by traceable reference"
      },
      "reference": {
        "id": "PMID:28148688",
        "description": "EXTL3 mutations cause skeletal dysplasia, immune deficiency, and developmental delay"
      }
    }]
  }, {
    "type": {
      "id": "HP:0031430",
      "label": "Oligoclonal T cell expansion"
    },
    "evidence": [{
      "evidenceCode": {
        "id": "ECO:0000033",
        "label": "author statement supported by traceable reference"
      },
      "reference": {
        "id": "PMID:28148688",
        "description": "EXTL3 mutations cause skeletal dysplasia, immune deficiency, and developmental delay"
      }
    }]
  }, {
    "type": {
      "id": "HP:0002197",
      "label": "Generalized-onset seizure"
    },
    "evidence": [{
      "evidenceCode": {
        "id": "ECO:0000033",
        "label": "author statement supported by traceable reference"
      },
      "reference": {
        "id": "PMID:28148688",
        "description": "EXTL3 mutations cause skeletal dysplasia, immune deficiency, and developmental delay"
      }
    }]
  }, {
    "type": {
      "id": "HP:0008873",
      "label": "Disproportionate short-limb short stature"
    },
    "evidence": [{
      "evidenceCode": {
        "id": "ECO:0000033",
        "label": "author statement supported by traceable reference"
      },
      "reference": {
        "id": "PMID:28148688",
        "description": "EXTL3 mutations cause skeletal dysplasia, immune deficiency, and developmental delay"
      }
    }]
  }, {
    "type": {
      "id": "HP:0002179",
      "label": "Opisthotonus"
    },
    "evidence": [{
      "evidenceCode": {
        "id": "ECO:0000033",
        "label": "author statement supported by traceable reference"
      },
      "reference": {
        "id": "PMID:28148688",
        "description": "EXTL3 mutations cause skeletal dysplasia, immune deficiency, and developmental delay"
      }
    }]
  }],
  "genes": [{
    "id": "NCBIGene:2137",
    "symbol": "EXTL3"
  }],
  "variants": [{
    "vcfAllele": {
      "genomeAssembly": "GRCh37",
      "chr": "8",
      "pos": 28574591,
      "ref": "C",
      "alt": "T"
    },
    "zygosity": {
      "id": "GENO:0000136",
      "label": "homozygous"
    }
  }],
  "diseases": [{
    "term": {
      "id": "OMIM:617425",
      "label": "Immunoskeletal dysplasia with neurodevelopmental abnormalities"
    }
  }],
  "metaData": {
    "createdBy": "Hpo Case Annotator : 1.0.14-SNAPSHOT",
    "submittedBy": "UNC:biocuration",
    "resources": [{
      "id": "hp",
      "name": "human phenotype ontology",
      "url": "http://purl.obolibrary.org/obo/hp.owl",
      "version": "2018-03-08",
      "namespacePrefix": "HP",
      "iriPrefix": "http://purl.obolibrary.org/obo/HP_"
    }, {
      "id": "pato",
      "name": "Phenotype And Trait Ontology",
      "url": "http://purl.obolibrary.org/obo/pato.owl",
      "version": "2018-03-28",
      "namespacePrefix": "PATO",
      "iriPrefix": "http://purl.obolibrary.org/obo/PATO_"
    }, {
      "id": "geno",
      "name": "Genotype Ontology",
      "url": "http://purl.obolibrary.org/obo/geno.owl",
      "version": "19-03-2018",
      "namespacePrefix": "GENO",
      "iriPrefix": "http://purl.obolibrary.org/obo/GENO_"
    }, {
      "id": "ncbitaxon",
      "name": "NCBI organismal classification",
      "url": "http://purl.obolibrary.org/obo/ncbitaxon.owl",
      "version": "2018-03-02",
      "namespacePrefix": "NCBITaxon"
    }, {
      "id": "eco",
      "name": "Evidence and Conclusion Ontology",
      "url": "http://purl.obolibrary.org/obo/eco.owl",
      "version": "2018-11-10",
      "namespacePrefix": "ECO",
      "iriPrefix": "http://purl.obolibrary.org/obo/ECO_"
    }, {
      "id": "omim",
      "name": "Online Mendelian Inheritance in Man",
      "url": "https://www.omim.org",
      "namespacePrefix": "OMIM"
    }],
    "phenopacketSchemaVersion": "1.0.0-RC3",
    "externalReferences": [{
      "id": "PMID:28148688",
      "description": "EXTL3 mutations cause skeletal dysplasia, immune deficiency, and developmental delay"
    }]
  }
}