{
  "id": "PMID:28148688-Volpi-2017-EXTL3-Patient_3",
  "subject": {
    "id": "Patient 3",
    "ageAtCollection": {
      "age": "P2Y5M"
    },
    "sex": "FEMALE",
    "taxonomy": {
      "id": "NCBITaxon:9606",
      "label": "Homo sapiens"
    }
  },
  "phenotypicFeatures": [{
    "type": {
      "id": "HP:0001880",
      "label": "Eosinophilia"
    },
    "evidence": [{
      "evidenceCode": {
        "id": "ECO:0000033",
        "label": "author statement supported by traceable reference"
      },
      "reference": {
        "id": "PMID:28148688",
        "description": "EXTL3 mutations cause skeletal dysplasia, immune deficiency, and developmental delay"
      }
    }]
  }, {
    "type": {
      "id": "HP:0001263",
      "label": "Global developmental delay"
    },
    "evidence": [{
      "evidenceCode": {
        "id": "ECO:0000033",
        "label": "author statement supported by traceable reference"
      },
      "reference": {
        "id": "PMID:28148688",
        "description": "EXTL3 mutations cause skeletal dysplasia, immune deficiency, and developmental delay"
      }
    }]
  }, {
    "type": {
      "id": "HP:0001508",
      "label": "Failure to thrive"
    },
    "evidence": [{
      "evidenceCode": {
        "id": "ECO:0000033",
        "label": "author statement supported by traceable reference"
      },
      "reference": {
        "id": "PMID:28148688",
        "description": "EXTL3 mutations cause skeletal dysplasia, immune deficiency, and developmental delay"
      }
    }]
  }, {
    "type": {
      "id": "HP:0008947",
      "label": "Infantile muscular hypotonia"
    },
    "evidence": [{
      "evidenceCode": {
        "id": "ECO:0000033",
        "label": "author statement supported by traceable reference"
      },
      "reference": {
        "id": "PMID:28148688",
        "description": "EXTL3 mutations cause skeletal dysplasia, immune deficiency, and developmental delay"
      }
    }]
  }, {
    "type": {
      "id": "HP:0008445",
      "label": "Cervical spinal canal stenosis"
    },
    "evidence": [{
      "evidenceCode": {
        "id": "ECO:0000033",
        "label": "author statement supported by traceable reference"
      },
      "reference": {
        "id": "PMID:28148688",
        "description": "EXTL3 mutations cause skeletal dysplasia, immune deficiency, and developmental delay"
      }
    }]
  }, {
    "type": {
      "id": "HP:0001385",
      "label": "Hip dysplasia"
    },
    "evidence": [{
      "evidenceCode": {
        "id": "ECO:0000033",
        "label": "author statement supported by traceable reference"
      },
      "reference": {
        "id": "PMID:28148688",
        "description": "EXTL3 mutations cause skeletal dysplasia, immune deficiency, and developmental delay"
      }
    }]
  }, {
    "type": {
      "id": "HP:0006610",
      "label": "Wide intermamillary distance"
    },
    "evidence": [{
      "evidenceCode": {
        "id": "ECO:0000033",
        "label": "author statement supported by traceable reference"
      },
      "reference": {
        "id": "PMID:28148688",
        "description": "EXTL3 mutations cause skeletal dysplasia, immune deficiency, and developmental delay"
      }
    }]
  }, {
    "type": {
      "id": "HP:0002652",
      "label": "Skeletal dysplasia"
    },
    "evidence": [{
      "evidenceCode": {
        "id": "ECO:0000033",
        "label": "author statement supported by traceable reference"
      },
      "reference": {
        "id": "PMID:28148688",
        "description": "EXTL3 mutations cause skeletal dysplasia, immune deficiency, and developmental delay"
      }
    }]
  }, {
    "type": {
      "id": "HP:0000767",
      "label": "Pectus excavatum"
    },
    "evidence": [{
      "evidenceCode": {
        "id": "ECO:0000033",
        "label": "author statement supported by traceable reference"
      },
      "reference": {
        "id": "PMID:28148688",
        "description": "EXTL3 mutations cause skeletal dysplasia, immune deficiency, and developmental delay"
      }
    }]
  }, {
    "type": {
      "id": "HP:0002155",
      "label": "Hypertriglyceridemia"
    },
    "evidence": [{
      "evidenceCode": {
        "id": "ECO:0000033",
        "label": "author statement supported by traceable reference"
      },
      "reference": {
        "id": "PMID:28148688",
        "description": "EXTL3 mutations cause skeletal dysplasia, immune deficiency, and developmental delay"
      }
    }]
  }, {
    "type": {
      "id": "HP:0000577",
      "label": "Exotropia"
    },
    "evidence": [{
      "evidenceCode": {
        "id": "ECO:0000033",
        "label": "author statement supported by traceable reference"
      },
      "reference": {
        "id": "PMID:28148688",
        "description": "EXTL3 mutations cause skeletal dysplasia, immune deficiency, and developmental delay"
      }
    }]
  }, {
    "type": {
      "id": "HP:0030043",
      "label": "Hip subluxation"
    },
    "evidence": [{
      "evidenceCode": {
        "id": "ECO:0000033",
        "label": "author statement supported by traceable reference"
      },
      "reference": {
        "id": "PMID:28148688",
        "description": "EXTL3 mutations cause skeletal dysplasia, immune deficiency, and developmental delay"
      }
    }]
  }, {
    "type": {
      "id": "HP:0000377",
      "label": "Abnormality of the pinna"
    },
    "evidence": [{
      "evidenceCode": {
        "id": "ECO:0000033",
        "label": "author statement supported by traceable reference"
      },
      "reference": {
        "id": "PMID:28148688",
        "description": "EXTL3 mutations cause skeletal dysplasia, immune deficiency, and developmental delay"
      }
    }]
  }, {
    "type": {
      "id": "HP:0030320",
      "label": "Increased intervertebral space"
    },
    "evidence": [{
      "evidenceCode": {
        "id": "ECO:0000033",
        "label": "author statement supported by traceable reference"
      },
      "reference": {
        "id": "PMID:28148688",
        "description": "EXTL3 mutations cause skeletal dysplasia, immune deficiency, and developmental delay"
      }
    }]
  }, {
    "type": {
      "id": "HP:0003416",
      "label": "Spinal canal stenosis"
    },
    "evidence": [{
      "evidenceCode": {
        "id": "ECO:0000033",
        "label": "author statement supported by traceable reference"
      },
      "reference": {
        "id": "PMID:28148688",
        "description": "EXTL3 mutations cause skeletal dysplasia, immune deficiency, and developmental delay"
      }
    }]
  }, {
    "type": {
      "id": "HP:0004430",
      "label": "Severe combined immunodeficiency"
    },
    "evidence": [{
      "evidenceCode": {
        "id": "ECO:0000033",
        "label": "author statement supported by traceable reference"
      },
      "reference": {
        "id": "PMID:28148688",
        "description": "EXTL3 mutations cause skeletal dysplasia, immune deficiency, and developmental delay"
      }
    }]
  }, {
    "type": {
      "id": "HP:0010605",
      "label": "Chalazion"
    },
    "evidence": [{
      "evidenceCode": {
        "id": "ECO:0000033",
        "label": "author statement supported by traceable reference"
      },
      "reference": {
        "id": "PMID:28148688",
        "description": "EXTL3 mutations cause skeletal dysplasia, immune deficiency, and developmental delay"
      }
    }]
  }, {
    "type": {
      "id": "HP:0005352",
      "label": "Severe T-cell immunodeficiency"
    },
    "evidence": [{
      "evidenceCode": {
        "id": "ECO:0000033",
        "label": "author statement supported by traceable reference"
      },
      "reference": {
        "id": "PMID:28148688",
        "description": "EXTL3 mutations cause skeletal dysplasia, immune deficiency, and developmental delay"
      }
    }]
  }, {
    "type": {
      "id": "HP:0002812",
      "label": "Coxa vara"
    },
    "evidence": [{
      "evidenceCode": {
        "id": "ECO:0000033",
        "label": "author statement supported by traceable reference"
      },
      "reference": {
        "id": "PMID:28148688",
        "description": "EXTL3 mutations cause skeletal dysplasia, immune deficiency, and developmental delay"
      }
    }]
  }, {
    "type": {
      "id": "HP:0009826",
      "label": "Limb undergrowth"
    },
    "evidence": [{
      "evidenceCode": {
        "id": "ECO:0000033",
        "label": "author statement supported by traceable reference"
      },
      "reference": {
        "id": "PMID:28148688",
        "description": "EXTL3 mutations cause skeletal dysplasia, immune deficiency, and developmental delay"
      }
    }]
  }, {
    "type": {
      "id": "HP:0002943",
      "label": "Thoracic scoliosis"
    },
    "evidence": [{
      "evidenceCode": {
        "id": "ECO:0000033",
        "label": "author statement supported by traceable reference"
      },
      "reference": {
        "id": "PMID:28148688",
        "description": "EXTL3 mutations cause skeletal dysplasia, immune deficiency, and developmental delay"
      }
    }]
  }, {
    "type": {
      "id": "HP:0000331",
      "label": "Short chin"
    },
    "evidence": [{
      "evidenceCode": {
        "id": "ECO:0000033",
        "label": "author statement supported by traceable reference"
      },
      "reference": {
        "id": "PMID:28148688",
        "description": "EXTL3 mutations cause skeletal dysplasia, immune deficiency, and developmental delay"
      }
    }]
  }, {
    "type": {
      "id": "HP:0000582",
      "label": "Upslanted palpebral fissure"
    },
    "evidence": [{
      "evidenceCode": {
        "id": "ECO:0000033",
        "label": "author statement supported by traceable reference"
      },
      "reference": {
        "id": "PMID:28148688",
        "description": "EXTL3 mutations cause skeletal dysplasia, immune deficiency, and developmental delay"
      }
    }]
  }, {
    "type": {
      "id": "HP:0004565",
      "label": "Severe platyspondyly"
    },
    "evidence": [{
      "evidenceCode": {
        "id": "ECO:0000033",
        "label": "author statement supported by traceable reference"
      },
      "reference": {
        "id": "PMID:28148688",
        "description": "EXTL3 mutations cause skeletal dysplasia, immune deficiency, and developmental delay"
      }
    }]
  }, {
    "type": {
      "id": "HP:0001363",
      "label": "Craniosynostosis"
    },
    "evidence": [{
      "evidenceCode": {
        "id": "ECO:0000033",
        "label": "author statement supported by traceable reference"
      },
      "reference": {
        "id": "PMID:28148688",
        "description": "EXTL3 mutations cause skeletal dysplasia, immune deficiency, and developmental delay"
      }
    }]
  }, {
    "type": {
      "id": "HP:0000498",
      "label": "Blepharitis"
    },
    "evidence": [{
      "evidenceCode": {
        "id": "ECO:0000033",
        "label": "author statement supported by traceable reference"
      },
      "reference": {
        "id": "PMID:28148688",
        "description": "EXTL3 mutations cause skeletal dysplasia, immune deficiency, and developmental delay"
      }
    }]
  }, {
    "type": {
      "id": "HP:0004566",
      "label": "Pear-shaped vertebrae"
    },
    "evidence": [{
      "evidenceCode": {
        "id": "ECO:0000033",
        "label": "author statement supported by traceable reference"
      },
      "reference": {
        "id": "PMID:28148688",
        "description": "EXTL3 mutations cause skeletal dysplasia, immune deficiency, and developmental delay"
      }
    }]
  }, {
    "type": {
      "id": "HP:0002938",
      "label": "Lumbar hyperlordosis"
    },
    "evidence": [{
      "evidenceCode": {
        "id": "ECO:0000033",
        "label": "author statement supported by traceable reference"
      },
      "reference": {
        "id": "PMID:28148688",
        "description": "EXTL3 mutations cause skeletal dysplasia, immune deficiency, and developmental delay"
      }
    }]
  }],
  "genes": [{
    "id": "NCBIGene:2137",
    "symbol": "EXTL3"
  }],
  "variants": [{
    "vcfAllele": {
      "genomeAssembly": "GRCh37",
      "chr": "8",
      "pos": 28574958,
      "ref": "C",
      "alt": "T"
    },
    "zygosity": {
      "id": "GENO:0000136",
      "label": "homozygous"
    }
  }],
  "diseases": [{
    "term": {
      "id": "OMIM:617425",
      "label": "Immunoskeletal dysplasia with neurodevelopmental abnormalities"
    }
  }],
  "metaData": {
    "createdBy": "Hpo Case Annotator : 1.0.14-SNAPSHOT",
    "submittedBy": "UNC:biocuration",
    "resources": [{
      "id": "hp",
      "name": "human phenotype ontology",
      "url": "http://purl.obolibrary.org/obo/hp.owl",
      "version": "2018-03-08",
      "namespacePrefix": "HP",
      "iriPrefix": "http://purl.obolibrary.org/obo/HP_"
    }, {
      "id": "pato",
      "name": "Phenotype And Trait Ontology",
      "url": "http://purl.obolibrary.org/obo/pato.owl",
      "version": "2018-03-28",
      "namespacePrefix": "PATO",
      "iriPrefix": "http://purl.obolibrary.org/obo/PATO_"
    }, {
      "id": "geno",
      "name": "Genotype Ontology",
      "url": "http://purl.obolibrary.org/obo/geno.owl",
      "version": "19-03-2018",
      "namespacePrefix": "GENO",
      "iriPrefix": "http://purl.obolibrary.org/obo/GENO_"
    }, {
      "id": "ncbitaxon",
      "name": "NCBI organismal classification",
      "url": "http://purl.obolibrary.org/obo/ncbitaxon.owl",
      "version": "2018-03-02",
      "namespacePrefix": "NCBITaxon"
    }, {
      "id": "eco",
      "name": "Evidence and Conclusion Ontology",
      "url": "http://purl.obolibrary.org/obo/eco.owl",
      "version": "2018-11-10",
      "namespacePrefix": "ECO",
      "iriPrefix": "http://purl.obolibrary.org/obo/ECO_"
    }, {
      "id": "omim",
      "name": "Online Mendelian Inheritance in Man",
      "url": "https://www.omim.org",
      "namespacePrefix": "OMIM"
    }],
    "phenopacketSchemaVersion": "1.0.0-RC3",
    "externalReferences": [{
      "id": "PMID:28148688",
      "description": "EXTL3 mutations cause skeletal dysplasia, immune deficiency, and developmental delay"
    }]
  }
}