{
  "id": "PMID:8825048-Vrtel-1996-TSC2-III-1",
  "subject": {
    "id": "III-1",
    "ageAtCollection": {
      "age": "3M"
    },
    "sex": "MALE",
    "taxonomy": {
      "id": "NCBITaxon:9606",
      "label": "Homo sapiens"
    }
  },
  "phenotypicFeatures": [{
    "type": {
      "id": "HP:0009719",
      "label": "Hypomelanotic macule"
    },
    "evidence": [{
      "evidenceCode": {
        "id": "ECO:0000033",
        "label": "author statement supported by traceable reference"
      },
      "reference": {
        "id": "PMID:8825048",
        "description": "Identification of a nonsense mutation at the 5\u0027 end of the TSC2 gene in a family with a presumptive diagnosis of tuberous sclerosis complex"
      }
    }]
  }, {
    "type": {
      "id": "HP:0009730",
      "label": "Rhabdomyoma"
    },
    "evidence": [{
      "evidenceCode": {
        "id": "ECO:0000033",
        "label": "author statement supported by traceable reference"
      },
      "reference": {
        "id": "PMID:8825048",
        "description": "Identification of a nonsense mutation at the 5\u0027 end of the TSC2 gene in a family with a presumptive diagnosis of tuberous sclerosis complex"
      }
    }]
  }, {
    "type": {
      "id": "HP:0009722",
      "label": "Dental enamel pits"
    },
    "evidence": [{
      "evidenceCode": {
        "id": "ECO:0000033",
        "label": "author statement supported by traceable reference"
      },
      "reference": {
        "id": "PMID:8825048",
        "description": "Identification of a nonsense mutation at the 5\u0027 end of the TSC2 gene in a family with a presumptive diagnosis of tuberous sclerosis complex"
      }
    }]
  }, {
    "type": {
      "id": "HP:0000169",
      "label": "Gingival fibromatosis"
    },
    "evidence": [{
      "evidenceCode": {
        "id": "ECO:0000033",
        "label": "author statement supported by traceable reference"
      },
      "reference": {
        "id": "PMID:8825048",
        "description": "Identification of a nonsense mutation at the 5\u0027 end of the TSC2 gene in a family with a presumptive diagnosis of tuberous sclerosis complex"
      }
    }]
  }],
  "genes": [{
    "id": "NCBIGene:7249",
    "symbol": "TSC2"
  }],
  "variants": [{
    "vcfAllele": {
      "genomeAssembly": "GRCh37",
      "chr": "16",
      "pos": 2098650,
      "ref": "A",
      "alt": "T"
    },
    "zygosity": {
      "id": "GENO:0000135",
      "label": "heterozygous"
    }
  }],
  "diseases": [{
    "term": {
      "id": "OMIM:613254",
      "label": "TUBEROUS SCLEROSIS 2; TSC2TSC2 ANGIOMYOLIPOMAS, RENAL, MODIFIER OF, INCLUDED"
    }
  }],
  "metaData": {
    "submittedBy": "HPO:probinson",
    "resources": [{
      "id": "hp",
      "name": "human phenotype ontology",
      "url": "http://purl.obolibrary.org/obo/hp.owl",
      "version": "2018-03-08",
      "namespacePrefix": "HP",
      "iriPrefix": "http://purl.obolibrary.org/obo/HP_"
    }, {
      "id": "pato",
      "name": "Phenotype And Trait Ontology",
      "url": "http://purl.obolibrary.org/obo/pato.owl",
      "version": "2018-03-28",
      "namespacePrefix": "PATO",
      "iriPrefix": "http://purl.obolibrary.org/obo/PATO_"
    }, {
      "id": "geno",
      "name": "Genotype Ontology",
      "url": "http://purl.obolibrary.org/obo/geno.owl",
      "version": "19-03-2018",
      "namespacePrefix": "GENO",
      "iriPrefix": "http://purl.obolibrary.org/obo/GENO_"
    }, {
      "id": "ncbitaxon",
      "name": "NCBI organismal classification",
      "url": "http://purl.obolibrary.org/obo/ncbitaxon.owl",
      "version": "2018-03-02",
      "namespacePrefix": "NCBITaxon"
    }, {
      "id": "eco",
      "name": "Evidence and Conclusion Ontology",
      "url": "http://purl.obolibrary.org/obo/eco.owl",
      "version": "2018-11-10",
      "namespacePrefix": "ECO",
      "iriPrefix": "http://purl.obolibrary.org/obo/ECO_"
    }, {
      "id": "omim",
      "name": "Online Mendelian Inheritance in Man",
      "url": "https://www.omim.org",
      "namespacePrefix": "OMIM"
    }],
    "phenopacketSchemaVersion": "1.0.0-RC3",
    "externalReferences": [{
      "id": "PMID:8825048",
      "description": "Identification of a nonsense mutation at the 5\u0027 end of the TSC2 gene in a family with a presumptive diagnosis of tuberous sclerosis complex"
    }]
  }
}