{
  "id": "PMID:30095615-Wang-2018-CRX-IV:5",
  "subject": {
    "id": "IV:5",
    "ageAtCollection": {
      "age": "19Y"
    },
    "sex": "MALE",
    "taxonomy": {
      "id": "NCBITaxon:9606",
      "label": "Homo sapiens"
    }
  },
  "phenotypicFeatures": [{
    "type": {
      "id": "HP:0000662",
      "label": "Nyctalopia"
    },
    "evidence": [{
      "evidenceCode": {
        "id": "ECO:0000033",
        "label": "author statement supported by traceable reference"
      },
      "reference": {
        "id": "PMID:30095615",
        "description": "A novel CRX frameshift mutation causing cone-rod dystrophy in a Chinese family: A case report"
      }
    }]
  }, {
    "type": {
      "id": "HP:0000505",
      "label": "Visual impairment"
    },
    "evidence": [{
      "evidenceCode": {
        "id": "ECO:0000033",
        "label": "author statement supported by traceable reference"
      },
      "reference": {
        "id": "PMID:30095615",
        "description": "A novel CRX frameshift mutation causing cone-rod dystrophy in a Chinese family: A case report"
      }
    }]
  }, {
    "type": {
      "id": "HP:0001123",
      "label": "Visual field defect"
    },
    "evidence": [{
      "evidenceCode": {
        "id": "ECO:0000033",
        "label": "author statement supported by traceable reference"
      },
      "reference": {
        "id": "PMID:30095615",
        "description": "A novel CRX frameshift mutation causing cone-rod dystrophy in a Chinese family: A case report"
      }
    }]
  }, {
    "type": {
      "id": "HP:0000613",
      "label": "Photophobia"
    },
    "evidence": [{
      "evidenceCode": {
        "id": "ECO:0000033",
        "label": "author statement supported by traceable reference"
      },
      "reference": {
        "id": "PMID:30095615",
        "description": "A novel CRX frameshift mutation causing cone-rod dystrophy in a Chinese family: A case report"
      }
    }]
  }],
  "genes": [{
    "id": "NCBIGene:1406",
    "symbol": "CRX"
  }],
  "variants": [{
    "vcfAllele": {
      "genomeAssembly": "GRCh37",
      "chr": "19",
      "pos": 48342860,
      "ref": "T",
      "alt": "TG"
    },
    "zygosity": {
      "id": "GENO:0000135",
      "label": "heterozygous"
    }
  }],
  "diseases": [{
    "term": {
      "id": "OMIM:120970",
      "label": "CONE-ROD DYSTROPHY 2; CORD2"
    }
  }],
  "metaData": {
    "submittedBy": "HPO:probinson",
    "resources": [{
      "id": "hp",
      "name": "human phenotype ontology",
      "url": "http://purl.obolibrary.org/obo/hp.owl",
      "version": "2018-03-08",
      "namespacePrefix": "HP",
      "iriPrefix": "http://purl.obolibrary.org/obo/HP_"
    }, {
      "id": "pato",
      "name": "Phenotype And Trait Ontology",
      "url": "http://purl.obolibrary.org/obo/pato.owl",
      "version": "2018-03-28",
      "namespacePrefix": "PATO",
      "iriPrefix": "http://purl.obolibrary.org/obo/PATO_"
    }, {
      "id": "geno",
      "name": "Genotype Ontology",
      "url": "http://purl.obolibrary.org/obo/geno.owl",
      "version": "19-03-2018",
      "namespacePrefix": "GENO",
      "iriPrefix": "http://purl.obolibrary.org/obo/GENO_"
    }, {
      "id": "ncbitaxon",
      "name": "NCBI organismal classification",
      "url": "http://purl.obolibrary.org/obo/ncbitaxon.owl",
      "version": "2018-03-02",
      "namespacePrefix": "NCBITaxon"
    }, {
      "id": "eco",
      "name": "Evidence and Conclusion Ontology",
      "url": "http://purl.obolibrary.org/obo/eco.owl",
      "version": "2018-11-10",
      "namespacePrefix": "ECO",
      "iriPrefix": "http://purl.obolibrary.org/obo/ECO_"
    }, {
      "id": "omim",
      "name": "Online Mendelian Inheritance in Man",
      "url": "https://www.omim.org",
      "namespacePrefix": "OMIM"
    }],
    "phenopacketSchemaVersion": "1.0.0-RC3",
    "externalReferences": [{
      "id": "PMID:30095615",
      "description": "A novel CRX frameshift mutation causing cone-rod dystrophy in a Chinese family: A case report"
    }]
  }
}