{
  "id": "PMID:30400883-Wang-2018-SLC6A8-proband",
  "subject": {
    "id": "proband",
    "ageAtCollection": {
      "age": "P5Y1M"
    },
    "sex": "MALE",
    "taxonomy": {
      "id": "NCBITaxon:9606",
      "label": "Homo sapiens"
    }
  },
  "phenotypicFeatures": [{
    "type": {
      "id": "HP:0001250",
      "label": "Seizures"
    },
    "evidence": [{
      "evidenceCode": {
        "id": "ECO:0000033",
        "label": "author statement supported by traceable reference"
      },
      "reference": {
        "id": "PMID:30400883",
        "description": "A novel SLC6A8 mutation associated with intellectual disabilities in a Chinese family exhibiting creatine transporter deficiency: case report"
      }
    }]
  }, {
    "type": {
      "id": "HP:0000750",
      "label": "Delayed speech and language development"
    },
    "evidence": [{
      "evidenceCode": {
        "id": "ECO:0000033",
        "label": "author statement supported by traceable reference"
      },
      "reference": {
        "id": "PMID:30400883",
        "description": "A novel SLC6A8 mutation associated with intellectual disabilities in a Chinese family exhibiting creatine transporter deficiency: case report"
      }
    }]
  }, {
    "type": {
      "id": "HP:0002019",
      "label": "Constipation"
    },
    "evidence": [{
      "evidenceCode": {
        "id": "ECO:0000033",
        "label": "author statement supported by traceable reference"
      },
      "reference": {
        "id": "PMID:30400883",
        "description": "A novel SLC6A8 mutation associated with intellectual disabilities in a Chinese family exhibiting creatine transporter deficiency: case report"
      }
    }]
  }, {
    "type": {
      "id": "HP:0025051",
      "label": "Reduced brain creatine level by MRS"
    },
    "evidence": [{
      "evidenceCode": {
        "id": "ECO:0000033",
        "label": "author statement supported by traceable reference"
      },
      "reference": {
        "id": "PMID:30400883",
        "description": "A novel SLC6A8 mutation associated with intellectual disabilities in a Chinese family exhibiting creatine transporter deficiency: case report"
      }
    }]
  }, {
    "type": {
      "id": "HP:0001263",
      "label": "Global developmental delay"
    },
    "evidence": [{
      "evidenceCode": {
        "id": "ECO:0000033",
        "label": "author statement supported by traceable reference"
      },
      "reference": {
        "id": "PMID:30400883",
        "description": "A novel SLC6A8 mutation associated with intellectual disabilities in a Chinese family exhibiting creatine transporter deficiency: case report"
      }
    }]
  }, {
    "type": {
      "id": "HP:0002018",
      "label": "Nausea"
    },
    "evidence": [{
      "evidenceCode": {
        "id": "ECO:0000033",
        "label": "author statement supported by traceable reference"
      },
      "reference": {
        "id": "PMID:30400883",
        "description": "A novel SLC6A8 mutation associated with intellectual disabilities in a Chinese family exhibiting creatine transporter deficiency: case report"
      }
    }]
  }, {
    "type": {
      "id": "HP:0000729",
      "label": "Autistic behavior"
    },
    "evidence": [{
      "evidenceCode": {
        "id": "ECO:0000033",
        "label": "author statement supported by traceable reference"
      },
      "reference": {
        "id": "PMID:30400883",
        "description": "A novel SLC6A8 mutation associated with intellectual disabilities in a Chinese family exhibiting creatine transporter deficiency: case report"
      }
    }]
  }],
  "genes": [{
    "id": "NCBIGene:6535",
    "symbol": "SLC6A8"
  }],
  "variants": [{
    "vcfAllele": {
      "genomeAssembly": "GRCh37",
      "chr": "X",
      "pos": 152959399,
      "ref": "C",
      "alt": "A"
    },
    "zygosity": {
      "id": "GENO:0000134",
      "label": "hemizygous"
    }
  }],
  "diseases": [{
    "term": {
      "id": "OMIM:300352",
      "label": "CEREBRAL CREATINE DEFICIENCY SYNDROME 1; CCDS1"
    }
  }],
  "metaData": {
    "createdBy": "Hpo Case Annotator : 1.0.13-SNAPSHOT",
    "submittedBy": "HPO:probinson",
    "resources": [{
      "id": "hp",
      "name": "human phenotype ontology",
      "url": "http://purl.obolibrary.org/obo/hp.owl",
      "version": "2018-03-08",
      "namespacePrefix": "HP",
      "iriPrefix": "http://purl.obolibrary.org/obo/HP_"
    }, {
      "id": "pato",
      "name": "Phenotype And Trait Ontology",
      "url": "http://purl.obolibrary.org/obo/pato.owl",
      "version": "2018-03-28",
      "namespacePrefix": "PATO",
      "iriPrefix": "http://purl.obolibrary.org/obo/PATO_"
    }, {
      "id": "geno",
      "name": "Genotype Ontology",
      "url": "http://purl.obolibrary.org/obo/geno.owl",
      "version": "19-03-2018",
      "namespacePrefix": "GENO",
      "iriPrefix": "http://purl.obolibrary.org/obo/GENO_"
    }, {
      "id": "ncbitaxon",
      "name": "NCBI organismal classification",
      "url": "http://purl.obolibrary.org/obo/ncbitaxon.owl",
      "version": "2018-03-02",
      "namespacePrefix": "NCBITaxon"
    }, {
      "id": "eco",
      "name": "Evidence and Conclusion Ontology",
      "url": "http://purl.obolibrary.org/obo/eco.owl",
      "version": "2018-11-10",
      "namespacePrefix": "ECO",
      "iriPrefix": "http://purl.obolibrary.org/obo/ECO_"
    }, {
      "id": "omim",
      "name": "Online Mendelian Inheritance in Man",
      "url": "https://www.omim.org",
      "namespacePrefix": "OMIM"
    }],
    "phenopacketSchemaVersion": "1.0.0-RC3",
    "externalReferences": [{
      "id": "PMID:30400883",
      "description": "A novel SLC6A8 mutation associated with intellectual disabilities in a Chinese family exhibiting creatine transporter deficiency: case report"
    }]
  }
}