{
  "id": "PMID:17646629-Warnecke-2007-SPG7-II-3",
  "subject": {
    "id": "II-3",
    "ageAtCollection": {
      "age": "38Y"
    },
    "sex": "FEMALE",
    "taxonomy": {
      "id": "NCBITaxon:9606",
      "label": "Homo sapiens"
    }
  },
  "phenotypicFeatures": [{
    "type": {
      "id": "HP:0002353",
      "label": "EEG abnormality"
    },
    "negated": true,
    "evidence": [{
      "evidenceCode": {
        "id": "ECO:0000033",
        "label": "author statement supported by traceable reference"
      },
      "reference": {
        "id": "PMID:17646629",
        "description": "A novel form of autosomal recessive hereditary spastic paraplegia caused by a new SPG7 mutation"
      }
    }]
  }, {
    "type": {
      "id": "HP:0001260",
      "label": "Dysarthria"
    },
    "evidence": [{
      "evidenceCode": {
        "id": "ECO:0000033",
        "label": "author statement supported by traceable reference"
      },
      "reference": {
        "id": "PMID:17646629",
        "description": "A novel form of autosomal recessive hereditary spastic paraplegia caused by a new SPG7 mutation"
      }
    }]
  }, {
    "type": {
      "id": "HP:0100543",
      "label": "Cognitive impairment"
    },
    "negated": true,
    "evidence": [{
      "evidenceCode": {
        "id": "ECO:0000033",
        "label": "author statement supported by traceable reference"
      },
      "reference": {
        "id": "PMID:17646629",
        "description": "A novel form of autosomal recessive hereditary spastic paraplegia caused by a new SPG7 mutation"
      }
    }]
  }, {
    "type": {
      "id": "HP:0002395",
      "label": "Lower limb hyperreflexia"
    },
    "evidence": [{
      "evidenceCode": {
        "id": "ECO:0000033",
        "label": "author statement supported by traceable reference"
      },
      "reference": {
        "id": "PMID:17646629",
        "description": "A novel form of autosomal recessive hereditary spastic paraplegia caused by a new SPG7 mutation"
      }
    }]
  }, {
    "type": {
      "id": "HP:0001251",
      "label": "Ataxia"
    },
    "evidence": [{
      "evidenceCode": {
        "id": "ECO:0000033",
        "label": "author statement supported by traceable reference"
      },
      "reference": {
        "id": "PMID:17646629",
        "description": "A novel form of autosomal recessive hereditary spastic paraplegia caused by a new SPG7 mutation"
      }
    }]
  }, {
    "type": {
      "id": "HP:0000605",
      "label": "Supranuclear gaze palsy"
    },
    "evidence": [{
      "evidenceCode": {
        "id": "ECO:0000033",
        "label": "author statement supported by traceable reference"
      },
      "reference": {
        "id": "PMID:17646629",
        "description": "A novel form of autosomal recessive hereditary spastic paraplegia caused by a new SPG7 mutation"
      }
    }]
  }, {
    "type": {
      "id": "HP:0001272",
      "label": "Cerebellar atrophy"
    },
    "evidence": [{
      "evidenceCode": {
        "id": "ECO:0000033",
        "label": "author statement supported by traceable reference"
      },
      "reference": {
        "id": "PMID:17646629",
        "description": "A novel form of autosomal recessive hereditary spastic paraplegia caused by a new SPG7 mutation"
      }
    }]
  }, {
    "type": {
      "id": "HP:0003487",
      "label": "Babinski sign"
    },
    "evidence": [{
      "evidenceCode": {
        "id": "ECO:0000033",
        "label": "author statement supported by traceable reference"
      },
      "reference": {
        "id": "PMID:17646629",
        "description": "A novel form of autosomal recessive hereditary spastic paraplegia caused by a new SPG7 mutation"
      }
    }]
  }, {
    "type": {
      "id": "HP:0012896",
      "label": "Abnormal motor evoked potentials"
    },
    "negated": true,
    "evidence": [{
      "evidenceCode": {
        "id": "ECO:0000033",
        "label": "author statement supported by traceable reference"
      },
      "reference": {
        "id": "PMID:17646629",
        "description": "A novel form of autosomal recessive hereditary spastic paraplegia caused by a new SPG7 mutation"
      }
    }]
  }, {
    "type": {
      "id": "HP:0000639",
      "label": "Nystagmus"
    },
    "evidence": [{
      "evidenceCode": {
        "id": "ECO:0000033",
        "label": "author statement supported by traceable reference"
      },
      "reference": {
        "id": "PMID:17646629",
        "description": "A novel form of autosomal recessive hereditary spastic paraplegia caused by a new SPG7 mutation"
      }
    }]
  }, {
    "type": {
      "id": "HP:0002061",
      "label": "Lower limb spasticity"
    },
    "evidence": [{
      "evidenceCode": {
        "id": "ECO:0000033",
        "label": "author statement supported by traceable reference"
      },
      "reference": {
        "id": "PMID:17646629",
        "description": "A novel form of autosomal recessive hereditary spastic paraplegia caused by a new SPG7 mutation"
      }
    }]
  }, {
    "type": {
      "id": "HP:0007377",
      "label": "Abnormality of somatosensory evoked potentials"
    },
    "negated": true,
    "evidence": [{
      "evidenceCode": {
        "id": "ECO:0000033",
        "label": "author statement supported by traceable reference"
      },
      "reference": {
        "id": "PMID:17646629",
        "description": "A novel form of autosomal recessive hereditary spastic paraplegia caused by a new SPG7 mutation"
      }
    }]
  }, {
    "type": {
      "id": "HP:0002355",
      "label": "Difficulty walking"
    },
    "evidence": [{
      "evidenceCode": {
        "id": "ECO:0000033",
        "label": "author statement supported by traceable reference"
      },
      "reference": {
        "id": "PMID:17646629",
        "description": "A novel form of autosomal recessive hereditary spastic paraplegia caused by a new SPG7 mutation"
      }
    }]
  }],
  "genes": [{
    "id": "NCBIGene:6687",
    "symbol": "SPG7"
  }],
  "variants": [{
    "vcfAllele": {
      "genomeAssembly": "GRCh37",
      "chr": "16",
      "pos": 89620340,
      "ref": "G",
      "alt": "C"
    },
    "zygosity": {
      "id": "GENO:0000136",
      "label": "homozygous"
    }
  }],
  "diseases": [{
    "term": {
      "id": "OMIM:607259",
      "label": "SPASTIC PARAPLEGIA 7, AUTOSOMAL RECESSIVE; SPG7"
    }
  }],
  "metaData": {
    "submittedBy": "HPO:probinson",
    "resources": [{
      "id": "hp",
      "name": "human phenotype ontology",
      "url": "http://purl.obolibrary.org/obo/hp.owl",
      "version": "2018-03-08",
      "namespacePrefix": "HP",
      "iriPrefix": "http://purl.obolibrary.org/obo/HP_"
    }, {
      "id": "pato",
      "name": "Phenotype And Trait Ontology",
      "url": "http://purl.obolibrary.org/obo/pato.owl",
      "version": "2018-03-28",
      "namespacePrefix": "PATO",
      "iriPrefix": "http://purl.obolibrary.org/obo/PATO_"
    }, {
      "id": "geno",
      "name": "Genotype Ontology",
      "url": "http://purl.obolibrary.org/obo/geno.owl",
      "version": "19-03-2018",
      "namespacePrefix": "GENO",
      "iriPrefix": "http://purl.obolibrary.org/obo/GENO_"
    }, {
      "id": "ncbitaxon",
      "name": "NCBI organismal classification",
      "url": "http://purl.obolibrary.org/obo/ncbitaxon.owl",
      "version": "2018-03-02",
      "namespacePrefix": "NCBITaxon"
    }, {
      "id": "eco",
      "name": "Evidence and Conclusion Ontology",
      "url": "http://purl.obolibrary.org/obo/eco.owl",
      "version": "2018-11-10",
      "namespacePrefix": "ECO",
      "iriPrefix": "http://purl.obolibrary.org/obo/ECO_"
    }, {
      "id": "omim",
      "name": "Online Mendelian Inheritance in Man",
      "url": "https://www.omim.org",
      "namespacePrefix": "OMIM"
    }],
    "phenopacketSchemaVersion": "1.0.0-RC3",
    "externalReferences": [{
      "id": "PMID:17646629",
      "description": "A novel form of autosomal recessive hereditary spastic paraplegia caused by a new SPG7 mutation"
    }]
  }
}