{
  "id": "PMID:15200511-Whittock-2004-DLL3-II.6",
  "subject": {
    "id": "II.6",
    "ageAtCollection": {
      "age": "40Y"
    },
    "sex": "FEMALE",
    "taxonomy": {
      "id": "NCBITaxon:9606",
      "label": "Homo sapiens"
    }
  },
  "phenotypicFeatures": [{
    "type": {
      "id": "HP:0003521",
      "label": "Disproportionate short-trunk short stature"
    },
    "evidence": [{
      "evidenceCode": {
        "id": "ECO:0000033",
        "label": "author statement supported by traceable reference"
      },
      "reference": {
        "id": "PMID:15200511",
        "description": "Pseudodominant inheritance of spondylocostal dysostosis type 1 caused by two familial delta-like 3 mutations"
      }
    }]
  }, {
    "type": {
      "id": "HP:0000470",
      "label": "Short neck"
    },
    "evidence": [{
      "evidenceCode": {
        "id": "ECO:0000033",
        "label": "author statement supported by traceable reference"
      },
      "reference": {
        "id": "PMID:15200511",
        "description": "Pseudodominant inheritance of spondylocostal dysostosis type 1 caused by two familial delta-like 3 mutations"
      }
    }]
  }, {
    "type": {
      "id": "HP:0001249",
      "label": "Intellectual disability"
    },
    "negated": true,
    "evidence": [{
      "evidenceCode": {
        "id": "ECO:0000033",
        "label": "author statement supported by traceable reference"
      },
      "reference": {
        "id": "PMID:15200511",
        "description": "Pseudodominant inheritance of spondylocostal dysostosis type 1 caused by two familial delta-like 3 mutations"
      }
    }]
  }, {
    "type": {
      "id": "HP:0003422",
      "label": "Vertebral segmentation defect"
    },
    "evidence": [{
      "evidenceCode": {
        "id": "ECO:0000033",
        "label": "author statement supported by traceable reference"
      },
      "reference": {
        "id": "PMID:15200511",
        "description": "Pseudodominant inheritance of spondylocostal dysostosis type 1 caused by two familial delta-like 3 mutations"
      }
    }]
  }, {
    "type": {
      "id": "HP:0003418",
      "label": "Back pain"
    },
    "evidence": [{
      "evidenceCode": {
        "id": "ECO:0000033",
        "label": "author statement supported by traceable reference"
      },
      "reference": {
        "id": "PMID:15200511",
        "description": "Pseudodominant inheritance of spondylocostal dysostosis type 1 caused by two familial delta-like 3 mutations"
      }
    }]
  }, {
    "type": {
      "id": "HP:0002751",
      "label": "Kyphoscoliosis"
    },
    "evidence": [{
      "evidenceCode": {
        "id": "ECO:0000033",
        "label": "author statement supported by traceable reference"
      },
      "reference": {
        "id": "PMID:15200511",
        "description": "Pseudodominant inheritance of spondylocostal dysostosis type 1 caused by two familial delta-like 3 mutations"
      }
    }]
  }],
  "genes": [{
    "id": "NCBIGene:10683",
    "symbol": "DLL3"
  }],
  "variants": [{
    "vcfAllele": {
      "genomeAssembly": "GRCh37",
      "chr": "19",
      "pos": 39998096,
      "ref": "G",
      "alt": "A"
    },
    "zygosity": {
      "id": "GENO:0000135",
      "label": "heterozygous"
    }
  }, {
    "vcfAllele": {
      "genomeAssembly": "GRCh37",
      "chr": "19",
      "pos": 39998024,
      "ref": "CG",
      "alt": "C"
    },
    "zygosity": {
      "id": "GENO:0000135",
      "label": "heterozygous"
    }
  }],
  "diseases": [{
    "term": {
      "id": "OMIM:277300",
      "label": "SPONDYLOCOSTAL DYSOSTOSIS 1, AUTOSOMAL RECESSIVE; SCDO1"
    }
  }],
  "metaData": {
    "submittedBy": "HPO:probinson",
    "resources": [{
      "id": "hp",
      "name": "human phenotype ontology",
      "url": "http://purl.obolibrary.org/obo/hp.owl",
      "version": "2018-03-08",
      "namespacePrefix": "HP",
      "iriPrefix": "http://purl.obolibrary.org/obo/HP_"
    }, {
      "id": "pato",
      "name": "Phenotype And Trait Ontology",
      "url": "http://purl.obolibrary.org/obo/pato.owl",
      "version": "2018-03-28",
      "namespacePrefix": "PATO",
      "iriPrefix": "http://purl.obolibrary.org/obo/PATO_"
    }, {
      "id": "geno",
      "name": "Genotype Ontology",
      "url": "http://purl.obolibrary.org/obo/geno.owl",
      "version": "19-03-2018",
      "namespacePrefix": "GENO",
      "iriPrefix": "http://purl.obolibrary.org/obo/GENO_"
    }, {
      "id": "ncbitaxon",
      "name": "NCBI organismal classification",
      "url": "http://purl.obolibrary.org/obo/ncbitaxon.owl",
      "version": "2018-03-02",
      "namespacePrefix": "NCBITaxon"
    }, {
      "id": "eco",
      "name": "Evidence and Conclusion Ontology",
      "url": "http://purl.obolibrary.org/obo/eco.owl",
      "version": "2018-11-10",
      "namespacePrefix": "ECO",
      "iriPrefix": "http://purl.obolibrary.org/obo/ECO_"
    }, {
      "id": "omim",
      "name": "Online Mendelian Inheritance in Man",
      "url": "https://www.omim.org",
      "namespacePrefix": "OMIM"
    }],
    "phenopacketSchemaVersion": "1.0.0-RC3",
    "externalReferences": [{
      "id": "PMID:15200511",
      "description": "Pseudodominant inheritance of spondylocostal dysostosis type 1 caused by two familial delta-like 3 mutations"
    }]
  }
}