{
  "id": "PMID:12949970-Wollnik-2003-PAX3-proposita",
  "subject": {
    "id": "proposita",
    "ageAtCollection": {
      "age": "P1Y1M"
    },
    "sex": "FEMALE",
    "taxonomy": {
      "id": "NCBITaxon:9606",
      "label": "Homo sapiens"
    }
  },
  "phenotypicFeatures": [{
    "type": {
      "id": "HP:0012453",
      "label": "Bilateral wrist flexion contracture"
    },
    "evidence": [{
      "evidenceCode": {
        "id": "ECO:0000033",
        "label": "author statement supported by traceable reference"
      },
      "reference": {
        "id": "PMID:12949970",
        "description": "Homozygous and heterozygous inheritance of PAX3 mutations causes different types of Waardenburg syndrome"
      }
    }]
  }, {
    "type": {
      "id": "HP:0000635",
      "label": "Blue irides"
    },
    "evidence": [{
      "evidenceCode": {
        "id": "ECO:0000033",
        "label": "author statement supported by traceable reference"
      },
      "reference": {
        "id": "PMID:12949970",
        "description": "Homozygous and heterozygous inheritance of PAX3 mutations causes different types of Waardenburg syndrome"
      }
    }]
  }, {
    "type": {
      "id": "HP:0000537",
      "label": "Epicanthus inversus"
    },
    "evidence": [{
      "evidenceCode": {
        "id": "ECO:0000033",
        "label": "author statement supported by traceable reference"
      },
      "reference": {
        "id": "PMID:12949970",
        "description": "Homozygous and heterozygous inheritance of PAX3 mutations causes different types of Waardenburg syndrome"
      }
    }]
  }, {
    "type": {
      "id": "HP:0010862",
      "label": "Delayed fine motor development"
    },
    "evidence": [{
      "evidenceCode": {
        "id": "ECO:0000033",
        "label": "author statement supported by traceable reference"
      },
      "reference": {
        "id": "PMID:12949970",
        "description": "Homozygous and heterozygous inheritance of PAX3 mutations causes different types of Waardenburg syndrome"
      }
    }]
  }, {
    "type": {
      "id": "HP:0012785",
      "label": "Flexion contracture of finger"
    },
    "evidence": [{
      "evidenceCode": {
        "id": "ECO:0000033",
        "label": "author statement supported by traceable reference"
      },
      "reference": {
        "id": "PMID:12949970",
        "description": "Homozygous and heterozygous inheritance of PAX3 mutations causes different types of Waardenburg syndrome"
      }
    }]
  }, {
    "type": {
      "id": "HP:0002226",
      "label": "White eyebrow"
    },
    "evidence": [{
      "evidenceCode": {
        "id": "ECO:0000033",
        "label": "author statement supported by traceable reference"
      },
      "reference": {
        "id": "PMID:12949970",
        "description": "Homozygous and heterozygous inheritance of PAX3 mutations causes different types of Waardenburg syndrome"
      }
    }]
  }, {
    "type": {
      "id": "HP:0012745",
      "label": "Short palpebral fissure"
    },
    "evidence": [{
      "evidenceCode": {
        "id": "ECO:0000033",
        "label": "author statement supported by traceable reference"
      },
      "reference": {
        "id": "PMID:12949970",
        "description": "Homozygous and heterozygous inheritance of PAX3 mutations causes different types of Waardenburg syndrome"
      }
    }]
  }, {
    "type": {
      "id": "HP:0002227",
      "label": "White eyelashes"
    },
    "evidence": [{
      "evidenceCode": {
        "id": "ECO:0000033",
        "label": "author statement supported by traceable reference"
      },
      "reference": {
        "id": "PMID:12949970",
        "description": "Homozygous and heterozygous inheritance of PAX3 mutations causes different types of Waardenburg syndrome"
      }
    }]
  }],
  "genes": [{
    "id": "NCBIGene:5077",
    "symbol": "PAX3"
  }],
  "variants": [{
    "vcfAllele": {
      "genomeAssembly": "GRCh37",
      "chr": "2",
      "pos": 223161750,
      "ref": "A",
      "alt": "G"
    },
    "zygosity": {
      "id": "GENO:0000136",
      "label": "homozygous"
    }
  }],
  "diseases": [{
    "term": {
      "id": "OMIM:148820",
      "label": "WAARDENBURG SYNDROME, TYPE 3; WS3"
    }
  }],
  "metaData": {
    "createdBy": "Hpo Case Annotator : 1.0.13-SNAPSHOT",
    "submittedBy": "HPO:probinson",
    "resources": [{
      "id": "hp",
      "name": "human phenotype ontology",
      "url": "http://purl.obolibrary.org/obo/hp.owl",
      "version": "2018-03-08",
      "namespacePrefix": "HP",
      "iriPrefix": "http://purl.obolibrary.org/obo/HP_"
    }, {
      "id": "pato",
      "name": "Phenotype And Trait Ontology",
      "url": "http://purl.obolibrary.org/obo/pato.owl",
      "version": "2018-03-28",
      "namespacePrefix": "PATO",
      "iriPrefix": "http://purl.obolibrary.org/obo/PATO_"
    }, {
      "id": "geno",
      "name": "Genotype Ontology",
      "url": "http://purl.obolibrary.org/obo/geno.owl",
      "version": "19-03-2018",
      "namespacePrefix": "GENO",
      "iriPrefix": "http://purl.obolibrary.org/obo/GENO_"
    }, {
      "id": "ncbitaxon",
      "name": "NCBI organismal classification",
      "url": "http://purl.obolibrary.org/obo/ncbitaxon.owl",
      "version": "2018-03-02",
      "namespacePrefix": "NCBITaxon"
    }, {
      "id": "eco",
      "name": "Evidence and Conclusion Ontology",
      "url": "http://purl.obolibrary.org/obo/eco.owl",
      "version": "2018-11-10",
      "namespacePrefix": "ECO",
      "iriPrefix": "http://purl.obolibrary.org/obo/ECO_"
    }, {
      "id": "omim",
      "name": "Online Mendelian Inheritance in Man",
      "url": "https://www.omim.org",
      "namespacePrefix": "OMIM"
    }],
    "phenopacketSchemaVersion": "1.0.0-RC3",
    "externalReferences": [{
      "id": "PMID:12949970",
      "description": "Homozygous and heterozygous inheritance of PAX3 mutations causes different types of Waardenburg syndrome"
    }]
  }
}