{
  "id": "PMID:23562786-Xie-2013-COMP-patient",
  "subject": {
    "id": "patient",
    "ageAtCollection": {
      "age": "2Y9M"
    },
    "sex": "MALE",
    "taxonomy": {
      "id": "NCBITaxon:9606",
      "label": "Homo sapiens"
    }
  },
  "phenotypicFeatures": [{
    "type": {
      "id": "HP:0003026",
      "label": "Short long bone"
    },
    "evidence": [{
      "evidenceCode": {
        "id": "ECO:0000033",
        "label": "author statement supported by traceable reference"
      },
      "reference": {
        "id": "PMID:23562786",
        "description": "A novel COMP mutation in a Chinese patient with pseudoachondroplasia"
      }
    }]
  }, {
    "type": {
      "id": "HP:0010582",
      "label": "Irregular epiphyses"
    },
    "evidence": [{
      "evidenceCode": {
        "id": "ECO:0000033",
        "label": "author statement supported by traceable reference"
      },
      "reference": {
        "id": "PMID:23562786",
        "description": "A novel COMP mutation in a Chinese patient with pseudoachondroplasia"
      }
    }]
  }, {
    "type": {
      "id": "HP:0002970",
      "label": "Genu varum"
    },
    "evidence": [{
      "evidenceCode": {
        "id": "ECO:0000033",
        "label": "author statement supported by traceable reference"
      },
      "reference": {
        "id": "PMID:23562786",
        "description": "A novel COMP mutation in a Chinese patient with pseudoachondroplasia"
      }
    }]
  }, {
    "type": {
      "id": "HP:0004322",
      "label": "Short stature"
    },
    "evidence": [{
      "evidenceCode": {
        "id": "ECO:0000033",
        "label": "author statement supported by traceable reference"
      },
      "reference": {
        "id": "PMID:23562786",
        "description": "A novel COMP mutation in a Chinese patient with pseudoachondroplasia"
      }
    }]
  }, {
    "type": {
      "id": "HP:0002834",
      "label": "Flared femoral metaphysis"
    },
    "evidence": [{
      "evidenceCode": {
        "id": "ECO:0000033",
        "label": "author statement supported by traceable reference"
      },
      "reference": {
        "id": "PMID:23562786",
        "description": "A novel COMP mutation in a Chinese patient with pseudoachondroplasia"
      }
    }]
  }, {
    "type": {
      "id": "HP:0012514",
      "label": "Lower limb pain"
    },
    "evidence": [{
      "evidenceCode": {
        "id": "ECO:0000033",
        "label": "author statement supported by traceable reference"
      },
      "reference": {
        "id": "PMID:23562786",
        "description": "A novel COMP mutation in a Chinese patient with pseudoachondroplasia"
      }
    }]
  }, {
    "type": {
      "id": "HP:0003180",
      "label": "Flat acetabular roof"
    },
    "evidence": [{
      "evidenceCode": {
        "id": "ECO:0000033",
        "label": "author statement supported by traceable reference"
      },
      "reference": {
        "id": "PMID:23562786",
        "description": "A novel COMP mutation in a Chinese patient with pseudoachondroplasia"
      }
    }]
  }, {
    "type": {
      "id": "HP:0003025",
      "label": "Metaphyseal irregularity"
    },
    "evidence": [{
      "evidenceCode": {
        "id": "ECO:0000033",
        "label": "author statement supported by traceable reference"
      },
      "reference": {
        "id": "PMID:23562786",
        "description": "A novel COMP mutation in a Chinese patient with pseudoachondroplasia"
      }
    }]
  }, {
    "type": {
      "id": "HP:0008155",
      "label": "Mucopolysacchariduria"
    },
    "negated": true,
    "evidence": [{
      "evidenceCode": {
        "id": "ECO:0000033",
        "label": "author statement supported by traceable reference"
      },
      "reference": {
        "id": "PMID:23562786",
        "description": "A novel COMP mutation in a Chinese patient with pseudoachondroplasia"
      }
    }]
  }, {
    "type": {
      "id": "HP:0001999",
      "label": "Abnormal facial shape"
    },
    "negated": true,
    "evidence": [{
      "evidenceCode": {
        "id": "ECO:0000033",
        "label": "author statement supported by traceable reference"
      },
      "reference": {
        "id": "PMID:23562786",
        "description": "A novel COMP mutation in a Chinese patient with pseudoachondroplasia"
      }
    }]
  }, {
    "type": {
      "id": "HP:0001216",
      "label": "Delayed ossification of carpal bones"
    },
    "evidence": [{
      "evidenceCode": {
        "id": "ECO:0000033",
        "label": "author statement supported by traceable reference"
      },
      "reference": {
        "id": "PMID:23562786",
        "description": "A novel COMP mutation in a Chinese patient with pseudoachondroplasia"
      }
    }]
  }, {
    "type": {
      "id": "HP:0008833",
      "label": "Irregular acetabular roof"
    },
    "evidence": [{
      "evidenceCode": {
        "id": "ECO:0000033",
        "label": "author statement supported by traceable reference"
      },
      "reference": {
        "id": "PMID:23562786",
        "description": "A novel COMP mutation in a Chinese patient with pseudoachondroplasia"
      }
    }]
  }, {
    "type": {
      "id": "HP:0004568",
      "label": "Beaking of vertebral bodies"
    },
    "evidence": [{
      "evidenceCode": {
        "id": "ECO:0000033",
        "label": "author statement supported by traceable reference"
      },
      "reference": {
        "id": "PMID:23562786",
        "description": "A novel COMP mutation in a Chinese patient with pseudoachondroplasia"
      }
    }]
  }, {
    "type": {
      "id": "HP:0008873",
      "label": "Disproportionate short-limb short stature"
    },
    "evidence": [{
      "evidenceCode": {
        "id": "ECO:0000033",
        "label": "author statement supported by traceable reference"
      },
      "reference": {
        "id": "PMID:23562786",
        "description": "A novel COMP mutation in a Chinese patient with pseudoachondroplasia"
      }
    }]
  }, {
    "type": {
      "id": "HP:0003090",
      "label": "Hypoplasia of the capital femoral epiphysis"
    },
    "evidence": [{
      "evidenceCode": {
        "id": "ECO:0000033",
        "label": "author statement supported by traceable reference"
      },
      "reference": {
        "id": "PMID:23562786",
        "description": "A novel COMP mutation in a Chinese patient with pseudoachondroplasia"
      }
    }]
  }, {
    "type": {
      "id": "HP:0002515",
      "label": "Waddling gait"
    },
    "evidence": [{
      "evidenceCode": {
        "id": "ECO:0000033",
        "label": "author statement supported by traceable reference"
      },
      "reference": {
        "id": "PMID:23562786",
        "description": "A novel COMP mutation in a Chinese patient with pseudoachondroplasia"
      }
    }]
  }, {
    "type": {
      "id": "HP:0001156",
      "label": "Brachydactyly"
    },
    "evidence": [{
      "evidenceCode": {
        "id": "ECO:0000033",
        "label": "author statement supported by traceable reference"
      },
      "reference": {
        "id": "PMID:23562786",
        "description": "A novel COMP mutation in a Chinese patient with pseudoachondroplasia"
      }
    }]
  }],
  "genes": [{
    "id": "NCBIGene:1311",
    "symbol": "COMP"
  }],
  "variants": [{
    "vcfAllele": {
      "genomeAssembly": "GRCh37",
      "chr": "19",
      "pos": 18896640,
      "ref": "C",
      "alt": "T"
    },
    "zygosity": {
      "id": "GENO:0000135",
      "label": "heterozygous"
    }
  }],
  "diseases": [{
    "term": {
      "id": "OMIM:177170",
      "label": "PSEUDOACHONDROPLASIA; PSACH"
    }
  }],
  "metaData": {
    "submittedBy": "HPO:probinson",
    "resources": [{
      "id": "hp",
      "name": "human phenotype ontology",
      "url": "http://purl.obolibrary.org/obo/hp.owl",
      "version": "2018-03-08",
      "namespacePrefix": "HP",
      "iriPrefix": "http://purl.obolibrary.org/obo/HP_"
    }, {
      "id": "pato",
      "name": "Phenotype And Trait Ontology",
      "url": "http://purl.obolibrary.org/obo/pato.owl",
      "version": "2018-03-28",
      "namespacePrefix": "PATO",
      "iriPrefix": "http://purl.obolibrary.org/obo/PATO_"
    }, {
      "id": "geno",
      "name": "Genotype Ontology",
      "url": "http://purl.obolibrary.org/obo/geno.owl",
      "version": "19-03-2018",
      "namespacePrefix": "GENO",
      "iriPrefix": "http://purl.obolibrary.org/obo/GENO_"
    }, {
      "id": "ncbitaxon",
      "name": "NCBI organismal classification",
      "url": "http://purl.obolibrary.org/obo/ncbitaxon.owl",
      "version": "2018-03-02",
      "namespacePrefix": "NCBITaxon"
    }, {
      "id": "eco",
      "name": "Evidence and Conclusion Ontology",
      "url": "http://purl.obolibrary.org/obo/eco.owl",
      "version": "2018-11-10",
      "namespacePrefix": "ECO",
      "iriPrefix": "http://purl.obolibrary.org/obo/ECO_"
    }, {
      "id": "omim",
      "name": "Online Mendelian Inheritance in Man",
      "url": "https://www.omim.org",
      "namespacePrefix": "OMIM"
    }],
    "phenopacketSchemaVersion": "1.0.0-RC3",
    "externalReferences": [{
      "id": "PMID:23562786",
      "description": "A novel COMP mutation in a Chinese patient with pseudoachondroplasia"
    }]
  }
}