{
  "id": "PMID:25085748-Yalcin-Cakmakli-2014-FBXO7-ANK-07",
  "subject": {
    "id": "ANK-07",
    "ageAtCollection": {
      "age": "21Y"
    },
    "sex": "MALE",
    "taxonomy": {
      "id": "NCBITaxon:9606",
      "label": "Homo sapiens"
    }
  },
  "phenotypicFeatures": [{
    "type": {
      "id": "HP:0002067",
      "label": "Bradykinesia"
    },
    "evidence": [{
      "evidenceCode": {
        "id": "ECO:0000033",
        "label": "author statement supported by traceable reference"
      },
      "reference": {
        "id": "PMID:25085748",
        "description": "A new Turkish family with homozygous FBXO7 truncating mutation and juvenile atypical parkinsonism"
      }
    }]
  }, {
    "type": {
      "id": "HP:0001300",
      "label": "Parkinsonism"
    },
    "evidence": [{
      "evidenceCode": {
        "id": "ECO:0000033",
        "label": "author statement supported by traceable reference"
      },
      "reference": {
        "id": "PMID:25085748",
        "description": "A new Turkish family with homozygous FBXO7 truncating mutation and juvenile atypical parkinsonism"
      }
    }]
  }, {
    "type": {
      "id": "HP:0002063",
      "label": "Rigidity"
    },
    "evidence": [{
      "evidenceCode": {
        "id": "ECO:0000033",
        "label": "author statement supported by traceable reference"
      },
      "reference": {
        "id": "PMID:25085748",
        "description": "A new Turkish family with homozygous FBXO7 truncating mutation and juvenile atypical parkinsonism"
      }
    }]
  }, {
    "type": {
      "id": "HP:0002172",
      "label": "Postural instability"
    },
    "evidence": [{
      "evidenceCode": {
        "id": "ECO:0000033",
        "label": "author statement supported by traceable reference"
      },
      "reference": {
        "id": "PMID:25085748",
        "description": "A new Turkish family with homozygous FBXO7 truncating mutation and juvenile atypical parkinsonism"
      }
    }]
  }, {
    "type": {
      "id": "HP:0002353",
      "label": "EEG abnormality"
    },
    "negated": true,
    "evidence": [{
      "evidenceCode": {
        "id": "ECO:0000033",
        "label": "author statement supported by traceable reference"
      },
      "reference": {
        "id": "PMID:25085748",
        "description": "A new Turkish family with homozygous FBXO7 truncating mutation and juvenile atypical parkinsonism"
      }
    }]
  }, {
    "type": {
      "id": "HP:0002527",
      "label": "Falls"
    },
    "evidence": [{
      "evidenceCode": {
        "id": "ECO:0000033",
        "label": "author statement supported by traceable reference"
      },
      "reference": {
        "id": "PMID:25085748",
        "description": "A new Turkish family with homozygous FBXO7 truncating mutation and juvenile atypical parkinsonism"
      }
    }]
  }, {
    "type": {
      "id": "HP:0002141",
      "label": "Gait imbalance"
    },
    "evidence": [{
      "evidenceCode": {
        "id": "ECO:0000033",
        "label": "author statement supported by traceable reference"
      },
      "reference": {
        "id": "PMID:25085748",
        "description": "A new Turkish family with homozygous FBXO7 truncating mutation and juvenile atypical parkinsonism"
      }
    }]
  }],
  "genes": [{
    "id": "NCBIGene:25793",
    "symbol": "FBXO7"
  }],
  "variants": [{
    "vcfAllele": {
      "genomeAssembly": "GRCh37",
      "chr": "22",
      "pos": 32894440,
      "ref": "C",
      "alt": "T"
    },
    "zygosity": {
      "id": "GENO:0000136",
      "label": "homozygous"
    }
  }],
  "diseases": [{
    "term": {
      "id": "OMIM:260300",
      "label": "PARKINSON DISEASE 15, AUTOSOMAL RECESSIVE EARLY-ONSET; PARK15"
    }
  }],
  "metaData": {
    "createdBy": "Hpo Case Annotator : 1.0.14-SNAPSHOT",
    "submittedBy": "HPO:probinson",
    "resources": [{
      "id": "hp",
      "name": "human phenotype ontology",
      "url": "http://purl.obolibrary.org/obo/hp.owl",
      "version": "2018-03-08",
      "namespacePrefix": "HP",
      "iriPrefix": "http://purl.obolibrary.org/obo/HP_"
    }, {
      "id": "pato",
      "name": "Phenotype And Trait Ontology",
      "url": "http://purl.obolibrary.org/obo/pato.owl",
      "version": "2018-03-28",
      "namespacePrefix": "PATO",
      "iriPrefix": "http://purl.obolibrary.org/obo/PATO_"
    }, {
      "id": "geno",
      "name": "Genotype Ontology",
      "url": "http://purl.obolibrary.org/obo/geno.owl",
      "version": "19-03-2018",
      "namespacePrefix": "GENO",
      "iriPrefix": "http://purl.obolibrary.org/obo/GENO_"
    }, {
      "id": "ncbitaxon",
      "name": "NCBI organismal classification",
      "url": "http://purl.obolibrary.org/obo/ncbitaxon.owl",
      "version": "2018-03-02",
      "namespacePrefix": "NCBITaxon"
    }, {
      "id": "eco",
      "name": "Evidence and Conclusion Ontology",
      "url": "http://purl.obolibrary.org/obo/eco.owl",
      "version": "2018-11-10",
      "namespacePrefix": "ECO",
      "iriPrefix": "http://purl.obolibrary.org/obo/ECO_"
    }, {
      "id": "omim",
      "name": "Online Mendelian Inheritance in Man",
      "url": "https://www.omim.org",
      "namespacePrefix": "OMIM"
    }],
    "phenopacketSchemaVersion": "1.0.0-RC3",
    "externalReferences": [{
      "id": "PMID:25085748",
      "description": "A new Turkish family with homozygous FBXO7 truncating mutation and juvenile atypical parkinsonism"
    }]
  }
}