{
  "id": "PMID:30103036-Zapata-Aldana-2019-TBCK-Patient_2",
  "subject": {
    "id": "Patient 2",
    "ageAtCollection": {
      "age": "P3Y"
    },
    "sex": "FEMALE",
    "taxonomy": {
      "id": "NCBITaxon:9606",
      "label": "Homo sapiens"
    }
  },
  "phenotypicFeatures": [{
    "type": {
      "id": "HP:0000194",
      "label": "Open mouth"
    },
    "evidence": [{
      "evidenceCode": {
        "id": "ECO:0000033",
        "label": "author statement supported by traceable reference"
      },
      "reference": {
        "id": "PMID:30103036",
        "description": "Further delineation of TBCK - Infantile hypotonia with psychomotor retardation and characteristic facies type 3"
      }
    }]
  }, {
    "type": {
      "id": "HP:0100716",
      "label": "Self-injurious behavior"
    },
    "evidence": [{
      "evidenceCode": {
        "id": "ECO:0000033",
        "label": "author statement supported by traceable reference"
      },
      "reference": {
        "id": "PMID:30103036",
        "description": "Further delineation of TBCK - Infantile hypotonia with psychomotor retardation and characteristic facies type 3"
      }
    }]
  }, {
    "type": {
      "id": "HP:0002421",
      "label": "Poor head control"
    },
    "evidence": [{
      "evidenceCode": {
        "id": "ECO:0000033",
        "label": "author statement supported by traceable reference"
      },
      "reference": {
        "id": "PMID:30103036",
        "description": "Further delineation of TBCK - Infantile hypotonia with psychomotor retardation and characteristic facies type 3"
      }
    }]
  }, {
    "type": {
      "id": "HP:0000248",
      "label": "Brachycephaly"
    },
    "evidence": [{
      "evidenceCode": {
        "id": "ECO:0000033",
        "label": "author statement supported by traceable reference"
      },
      "reference": {
        "id": "PMID:30103036",
        "description": "Further delineation of TBCK - Infantile hypotonia with psychomotor retardation and characteristic facies type 3"
      }
    }]
  }, {
    "type": {
      "id": "HP:0000343",
      "label": "Long philtrum"
    },
    "evidence": [{
      "evidenceCode": {
        "id": "ECO:0000033",
        "label": "author statement supported by traceable reference"
      },
      "reference": {
        "id": "PMID:30103036",
        "description": "Further delineation of TBCK - Infantile hypotonia with psychomotor retardation and characteristic facies type 3"
      }
    }]
  }, {
    "type": {
      "id": "HP:0000490",
      "label": "Deeply set eye"
    },
    "evidence": [{
      "evidenceCode": {
        "id": "ECO:0000033",
        "label": "author statement supported by traceable reference"
      },
      "reference": {
        "id": "PMID:30103036",
        "description": "Further delineation of TBCK - Infantile hypotonia with psychomotor retardation and characteristic facies type 3"
      }
    }]
  }, {
    "type": {
      "id": "HP:0001270",
      "label": "Motor delay"
    },
    "evidence": [{
      "evidenceCode": {
        "id": "ECO:0000033",
        "label": "author statement supported by traceable reference"
      },
      "reference": {
        "id": "PMID:30103036",
        "description": "Further delineation of TBCK - Infantile hypotonia with psychomotor retardation and characteristic facies type 3"
      }
    }]
  }, {
    "type": {
      "id": "HP:0001344",
      "label": "Absent speech"
    },
    "evidence": [{
      "evidenceCode": {
        "id": "ECO:0000033",
        "label": "author statement supported by traceable reference"
      },
      "reference": {
        "id": "PMID:30103036",
        "description": "Further delineation of TBCK - Infantile hypotonia with psychomotor retardation and characteristic facies type 3"
      }
    }]
  }, {
    "type": {
      "id": "HP:0000817",
      "label": "Poor eye contact"
    },
    "evidence": [{
      "evidenceCode": {
        "id": "ECO:0000033",
        "label": "author statement supported by traceable reference"
      },
      "reference": {
        "id": "PMID:30103036",
        "description": "Further delineation of TBCK - Infantile hypotonia with psychomotor retardation and characteristic facies type 3"
      }
    }]
  }, {
    "type": {
      "id": "HP:0000565",
      "label": "Esotropia"
    },
    "evidence": [{
      "evidenceCode": {
        "id": "ECO:0000033",
        "label": "author statement supported by traceable reference"
      },
      "reference": {
        "id": "PMID:30103036",
        "description": "Further delineation of TBCK - Infantile hypotonia with psychomotor retardation and characteristic facies type 3"
      }
    }]
  }, {
    "type": {
      "id": "HP:0006829",
      "label": "Severe muscular hypotonia"
    },
    "evidence": [{
      "evidenceCode": {
        "id": "ECO:0000033",
        "label": "author statement supported by traceable reference"
      },
      "reference": {
        "id": "PMID:30103036",
        "description": "Further delineation of TBCK - Infantile hypotonia with psychomotor retardation and characteristic facies type 3"
      }
    }]
  }, {
    "type": {
      "id": "HP:0010804",
      "label": "Tented upper lip vermilion"
    },
    "evidence": [{
      "evidenceCode": {
        "id": "ECO:0000033",
        "label": "author statement supported by traceable reference"
      },
      "reference": {
        "id": "PMID:30103036",
        "description": "Further delineation of TBCK - Infantile hypotonia with psychomotor retardation and characteristic facies type 3"
      }
    }]
  }, {
    "type": {
      "id": "HP:0000340",
      "label": "Sloping forehead"
    },
    "evidence": [{
      "evidenceCode": {
        "id": "ECO:0000033",
        "label": "author statement supported by traceable reference"
      },
      "reference": {
        "id": "PMID:30103036",
        "description": "Further delineation of TBCK - Infantile hypotonia with psychomotor retardation and characteristic facies type 3"
      }
    }]
  }, {
    "type": {
      "id": "HP:0001347",
      "label": "Hyperreflexia"
    },
    "evidence": [{
      "evidenceCode": {
        "id": "ECO:0000033",
        "label": "author statement supported by traceable reference"
      },
      "reference": {
        "id": "PMID:30103036",
        "description": "Further delineation of TBCK - Infantile hypotonia with psychomotor retardation and characteristic facies type 3"
      }
    }]
  }, {
    "type": {
      "id": "HP:0000586",
      "label": "Shallow orbits"
    },
    "evidence": [{
      "evidenceCode": {
        "id": "ECO:0000033",
        "label": "author statement supported by traceable reference"
      },
      "reference": {
        "id": "PMID:30103036",
        "description": "Further delineation of TBCK - Infantile hypotonia with psychomotor retardation and characteristic facies type 3"
      }
    }]
  }, {
    "type": {
      "id": "HP:0002878",
      "label": "Respiratory failure"
    },
    "evidence": [{
      "evidenceCode": {
        "id": "ECO:0000033",
        "label": "author statement supported by traceable reference"
      },
      "reference": {
        "id": "PMID:30103036",
        "description": "Further delineation of TBCK - Infantile hypotonia with psychomotor retardation and characteristic facies type 3"
      }
    }]
  }],
  "genes": [{
    "id": "NCBIGene:93627",
    "symbol": "TBCK"
  }],
  "variants": [{
    "vcfAllele": {
      "genomeAssembly": "GRCh37",
      "chr": "4",
      "pos": 107169430,
      "ref": "T",
      "alt": "TA"
    },
    "zygosity": {
      "id": "GENO:0000136",
      "label": "homozygous"
    }
  }],
  "diseases": [{
    "term": {
      "id": "OMIM:616900",
      "label": "Hypotonia, infantile, with psychomotor retardation and characteristic facies 3"
    }
  }],
  "metaData": {
    "createdBy": "Hpo Case Annotator : 1.0.14-SNAPSHOT",
    "submittedBy": "UNC:biocuration",
    "resources": [{
      "id": "hp",
      "name": "human phenotype ontology",
      "url": "http://purl.obolibrary.org/obo/hp.owl",
      "version": "2018-03-08",
      "namespacePrefix": "HP",
      "iriPrefix": "http://purl.obolibrary.org/obo/HP_"
    }, {
      "id": "pato",
      "name": "Phenotype And Trait Ontology",
      "url": "http://purl.obolibrary.org/obo/pato.owl",
      "version": "2018-03-28",
      "namespacePrefix": "PATO",
      "iriPrefix": "http://purl.obolibrary.org/obo/PATO_"
    }, {
      "id": "geno",
      "name": "Genotype Ontology",
      "url": "http://purl.obolibrary.org/obo/geno.owl",
      "version": "19-03-2018",
      "namespacePrefix": "GENO",
      "iriPrefix": "http://purl.obolibrary.org/obo/GENO_"
    }, {
      "id": "ncbitaxon",
      "name": "NCBI organismal classification",
      "url": "http://purl.obolibrary.org/obo/ncbitaxon.owl",
      "version": "2018-03-02",
      "namespacePrefix": "NCBITaxon"
    }, {
      "id": "eco",
      "name": "Evidence and Conclusion Ontology",
      "url": "http://purl.obolibrary.org/obo/eco.owl",
      "version": "2018-11-10",
      "namespacePrefix": "ECO",
      "iriPrefix": "http://purl.obolibrary.org/obo/ECO_"
    }, {
      "id": "omim",
      "name": "Online Mendelian Inheritance in Man",
      "url": "https://www.omim.org",
      "namespacePrefix": "OMIM"
    }],
    "phenopacketSchemaVersion": "1.0.0-RC3",
    "externalReferences": [{
      "id": "PMID:30103036",
      "description": "Further delineation of TBCK - Infantile hypotonia with psychomotor retardation and characteristic facies type 3"
    }]
  }
}