{
  "id": "PMID:25186178-Zemojtel-2014-KMT2A-P1",
  "subject": {
    "id": "P1",
    "ageAtCollection": {
      "age": "P3Y"
    },
    "sex": "FEMALE",
    "taxonomy": {
      "id": "NCBITaxon:9606",
      "label": "Homo sapiens"
    }
  },
  "phenotypicFeatures": [{
    "type": {
      "id": "HP:0003508",
      "label": "Proportionate short stature"
    },
    "evidence": [{
      "evidenceCode": {
        "id": "ECO:0000033",
        "label": "author statement supported by traceable reference"
      },
      "reference": {
        "id": "PMID:25186178",
        "description": "Effective diagnosis of genetic disease by computational phenotype analysis of the disease-associated genome"
      }
    }]
  }, {
    "type": {
      "id": "HP:0007441",
      "label": "Hyperpigmented/hypopigmented macules"
    },
    "evidence": [{
      "evidenceCode": {
        "id": "ECO:0000033",
        "label": "author statement supported by traceable reference"
      },
      "reference": {
        "id": "PMID:25186178",
        "description": "Effective diagnosis of genetic disease by computational phenotype analysis of the disease-associated genome"
      }
    }]
  }, {
    "type": {
      "id": "HP:0000470",
      "label": "Short neck"
    },
    "evidence": [{
      "evidenceCode": {
        "id": "ECO:0000033",
        "label": "author statement supported by traceable reference"
      },
      "reference": {
        "id": "PMID:25186178",
        "description": "Effective diagnosis of genetic disease by computational phenotype analysis of the disease-associated genome"
      }
    }]
  }, {
    "type": {
      "id": "HP:0010230",
      "label": "Cone-shaped epiphyses of the phalanges of the hand"
    },
    "evidence": [{
      "evidenceCode": {
        "id": "ECO:0000033",
        "label": "author statement supported by traceable reference"
      },
      "reference": {
        "id": "PMID:25186178",
        "description": "Effective diagnosis of genetic disease by computational phenotype analysis of the disease-associated genome"
      }
    }]
  }, {
    "type": {
      "id": "HP:0008676",
      "label": "Congenital megaureter"
    },
    "evidence": [{
      "evidenceCode": {
        "id": "ECO:0000033",
        "label": "author statement supported by traceable reference"
      },
      "reference": {
        "id": "PMID:25186178",
        "description": "Effective diagnosis of genetic disease by computational phenotype analysis of the disease-associated genome"
      }
    }]
  }, {
    "type": {
      "id": "HP:0000252",
      "label": "Microcephaly"
    },
    "evidence": [{
      "evidenceCode": {
        "id": "ECO:0000033",
        "label": "author statement supported by traceable reference"
      },
      "reference": {
        "id": "PMID:25186178",
        "description": "Effective diagnosis of genetic disease by computational phenotype analysis of the disease-associated genome"
      }
    }]
  }, {
    "type": {
      "id": "HP:0000179",
      "label": "Thick lower lip vermilion"
    },
    "evidence": [{
      "evidenceCode": {
        "id": "ECO:0000033",
        "label": "author statement supported by traceable reference"
      },
      "reference": {
        "id": "PMID:25186178",
        "description": "Effective diagnosis of genetic disease by computational phenotype analysis of the disease-associated genome"
      }
    }]
  }, {
    "type": {
      "id": "HP:0001270",
      "label": "Motor delay"
    },
    "evidence": [{
      "evidenceCode": {
        "id": "ECO:0000033",
        "label": "author statement supported by traceable reference"
      },
      "reference": {
        "id": "PMID:25186178",
        "description": "Effective diagnosis of genetic disease by computational phenotype analysis of the disease-associated genome"
      }
    }]
  }, {
    "type": {
      "id": "HP:0000960",
      "label": "Sacral dimple"
    },
    "evidence": [{
      "evidenceCode": {
        "id": "ECO:0000033",
        "label": "author statement supported by traceable reference"
      },
      "reference": {
        "id": "PMID:25186178",
        "description": "Effective diagnosis of genetic disease by computational phenotype analysis of the disease-associated genome"
      }
    }]
  }, {
    "type": {
      "id": "HP:0011968",
      "label": "Feeding difficulties"
    },
    "evidence": [{
      "evidenceCode": {
        "id": "ECO:0000033",
        "label": "author statement supported by traceable reference"
      },
      "reference": {
        "id": "PMID:25186178",
        "description": "Effective diagnosis of genetic disease by computational phenotype analysis of the disease-associated genome"
      }
    }]
  }, {
    "type": {
      "id": "HP:0001263",
      "label": "Global developmental delay"
    },
    "evidence": [{
      "evidenceCode": {
        "id": "ECO:0000033",
        "label": "author statement supported by traceable reference"
      },
      "reference": {
        "id": "PMID:25186178",
        "description": "Effective diagnosis of genetic disease by computational phenotype analysis of the disease-associated genome"
      }
    }]
  }, {
    "type": {
      "id": "HP:0000457",
      "label": "Depressed nasal ridge"
    },
    "evidence": [{
      "evidenceCode": {
        "id": "ECO:0000033",
        "label": "author statement supported by traceable reference"
      },
      "reference": {
        "id": "PMID:25186178",
        "description": "Effective diagnosis of genetic disease by computational phenotype analysis of the disease-associated genome"
      }
    }]
  }, {
    "type": {
      "id": "HP:0000215",
      "label": "Thick upper lip vermilion"
    },
    "evidence": [{
      "evidenceCode": {
        "id": "ECO:0000033",
        "label": "author statement supported by traceable reference"
      },
      "reference": {
        "id": "PMID:25186178",
        "description": "Effective diagnosis of genetic disease by computational phenotype analysis of the disease-associated genome"
      }
    }]
  }, {
    "type": {
      "id": "HP:0000750",
      "label": "Delayed speech and language development"
    },
    "evidence": [{
      "evidenceCode": {
        "id": "ECO:0000033",
        "label": "author statement supported by traceable reference"
      },
      "reference": {
        "id": "PMID:25186178",
        "description": "Effective diagnosis of genetic disease by computational phenotype analysis of the disease-associated genome"
      }
    }]
  }, {
    "type": {
      "id": "HP:0000309",
      "label": "Abnormality of the midface"
    },
    "evidence": [{
      "evidenceCode": {
        "id": "ECO:0000033",
        "label": "author statement supported by traceable reference"
      },
      "reference": {
        "id": "PMID:25186178",
        "description": "Effective diagnosis of genetic disease by computational phenotype analysis of the disease-associated genome"
      }
    }]
  }, {
    "type": {
      "id": "HP:0000293",
      "label": "Full cheeks"
    },
    "evidence": [{
      "evidenceCode": {
        "id": "ECO:0000033",
        "label": "author statement supported by traceable reference"
      },
      "reference": {
        "id": "PMID:25186178",
        "description": "Effective diagnosis of genetic disease by computational phenotype analysis of the disease-associated genome"
      }
    }]
  }],
  "genes": [{
    "id": "NCBIGene:4297",
    "symbol": "KMT2A"
  }],
  "variants": [{
    "vcfAllele": {
      "genomeAssembly": "GRCh37",
      "chr": "11",
      "pos": 118373871,
      "ref": "G",
      "alt": "T"
    },
    "zygosity": {
      "id": "GENO:0000135",
      "label": "heterozygous"
    }
  }],
  "diseases": [{
    "term": {
      "id": "OMIM:605130",
      "label": "WIEDEMANN-STEINER SYNDROME; WDSTS"
    }
  }],
  "metaData": {
    "createdBy": "Hpo Case Annotator : 1.0.13-SNAPSHOT",
    "submittedBy": "HPO:probinson",
    "resources": [{
      "id": "hp",
      "name": "human phenotype ontology",
      "url": "http://purl.obolibrary.org/obo/hp.owl",
      "version": "2018-03-08",
      "namespacePrefix": "HP",
      "iriPrefix": "http://purl.obolibrary.org/obo/HP_"
    }, {
      "id": "pato",
      "name": "Phenotype And Trait Ontology",
      "url": "http://purl.obolibrary.org/obo/pato.owl",
      "version": "2018-03-28",
      "namespacePrefix": "PATO",
      "iriPrefix": "http://purl.obolibrary.org/obo/PATO_"
    }, {
      "id": "geno",
      "name": "Genotype Ontology",
      "url": "http://purl.obolibrary.org/obo/geno.owl",
      "version": "19-03-2018",
      "namespacePrefix": "GENO",
      "iriPrefix": "http://purl.obolibrary.org/obo/GENO_"
    }, {
      "id": "ncbitaxon",
      "name": "NCBI organismal classification",
      "url": "http://purl.obolibrary.org/obo/ncbitaxon.owl",
      "version": "2018-03-02",
      "namespacePrefix": "NCBITaxon"
    }, {
      "id": "eco",
      "name": "Evidence and Conclusion Ontology",
      "url": "http://purl.obolibrary.org/obo/eco.owl",
      "version": "2018-11-10",
      "namespacePrefix": "ECO",
      "iriPrefix": "http://purl.obolibrary.org/obo/ECO_"
    }, {
      "id": "omim",
      "name": "Online Mendelian Inheritance in Man",
      "url": "https://www.omim.org",
      "namespacePrefix": "OMIM"
    }],
    "phenopacketSchemaVersion": "1.0.0-RC3",
    "externalReferences": [{
      "id": "PMID:25186178",
      "description": "Effective diagnosis of genetic disease by computational phenotype analysis of the disease-associated genome"
    }]
  }
}