{
  "id": "PMID:17056636-Zenker-2007-KRAS-Patient_2",
  "subject": {
    "id": "Patient 2",
    "ageAtCollection": {
      "age": "P16Y"
    },
    "sex": "MALE",
    "taxonomy": {
      "id": "NCBITaxon:9606",
      "label": "Homo sapiens"
    }
  },
  "phenotypicFeatures": [{
    "type": {
      "id": "HP:0004482",
      "label": "Relative macrocephaly"
    },
    "evidence": [{
      "evidenceCode": {
        "id": "ECO:0000033",
        "label": "author statement supported by traceable reference"
      },
      "reference": {
        "id": "PMID:17056636",
        "description": "Expansion of the genotypic and phenotypic spectrum in patients with KRAS germline mutations"
      }
    }]
  }, {
    "type": {
      "id": "HP:0004322",
      "label": "Short stature"
    },
    "evidence": [{
      "evidenceCode": {
        "id": "ECO:0000033",
        "label": "author statement supported by traceable reference"
      },
      "reference": {
        "id": "PMID:17056636",
        "description": "Expansion of the genotypic and phenotypic spectrum in patients with KRAS germline mutations"
      }
    }]
  }, {
    "type": {
      "id": "HP:0008070",
      "label": "Sparse hair"
    },
    "evidence": [{
      "evidenceCode": {
        "id": "ECO:0000033",
        "label": "author statement supported by traceable reference"
      },
      "reference": {
        "id": "PMID:17056636",
        "description": "Expansion of the genotypic and phenotypic spectrum in patients with KRAS germline mutations"
      }
    }]
  }, {
    "type": {
      "id": "HP:0000316",
      "label": "Hypertelorism"
    },
    "evidence": [{
      "evidenceCode": {
        "id": "ECO:0000033",
        "label": "author statement supported by traceable reference"
      },
      "reference": {
        "id": "PMID:17056636",
        "description": "Expansion of the genotypic and phenotypic spectrum in patients with KRAS germline mutations"
      }
    }]
  }, {
    "type": {
      "id": "HP:0002967",
      "label": "Cubitus valgus"
    },
    "evidence": [{
      "evidenceCode": {
        "id": "ECO:0000033",
        "label": "author statement supported by traceable reference"
      },
      "reference": {
        "id": "PMID:17056636",
        "description": "Expansion of the genotypic and phenotypic spectrum in patients with KRAS germline mutations"
      }
    }]
  }, {
    "type": {
      "id": "HP:0000767",
      "label": "Pectus excavatum"
    },
    "evidence": [{
      "evidenceCode": {
        "id": "ECO:0000033",
        "label": "author statement supported by traceable reference"
      },
      "reference": {
        "id": "PMID:17056636",
        "description": "Expansion of the genotypic and phenotypic spectrum in patients with KRAS germline mutations"
      }
    }]
  }, {
    "type": {
      "id": "HP:0000508",
      "label": "Ptosis"
    },
    "evidence": [{
      "evidenceCode": {
        "id": "ECO:0000033",
        "label": "author statement supported by traceable reference"
      },
      "reference": {
        "id": "PMID:17056636",
        "description": "Expansion of the genotypic and phenotypic spectrum in patients with KRAS germline mutations"
      }
    }]
  }, {
    "type": {
      "id": "HP:0000470",
      "label": "Short neck"
    },
    "evidence": [{
      "evidenceCode": {
        "id": "ECO:0000033",
        "label": "author statement supported by traceable reference"
      },
      "reference": {
        "id": "PMID:17056636",
        "description": "Expansion of the genotypic and phenotypic spectrum in patients with KRAS germline mutations"
      }
    }]
  }, {
    "type": {
      "id": "HP:0001250",
      "label": "Seizures"
    },
    "evidence": [{
      "evidenceCode": {
        "id": "ECO:0000033",
        "label": "author statement supported by traceable reference"
      },
      "reference": {
        "id": "PMID:17056636",
        "description": "Expansion of the genotypic and phenotypic spectrum in patients with KRAS germline mutations"
      }
    }]
  }, {
    "type": {
      "id": "HP:0000486",
      "label": "Strabismus"
    },
    "evidence": [{
      "evidenceCode": {
        "id": "ECO:0000033",
        "label": "author statement supported by traceable reference"
      },
      "reference": {
        "id": "PMID:17056636",
        "description": "Expansion of the genotypic and phenotypic spectrum in patients with KRAS germline mutations"
      }
    }]
  }, {
    "type": {
      "id": "HP:0000238",
      "label": "Hydrocephalus"
    },
    "evidence": [{
      "evidenceCode": {
        "id": "ECO:0000033",
        "label": "author statement supported by traceable reference"
      },
      "reference": {
        "id": "PMID:17056636",
        "description": "Expansion of the genotypic and phenotypic spectrum in patients with KRAS germline mutations"
      }
    }]
  }, {
    "type": {
      "id": "HP:0000369",
      "label": "Low-set ears"
    },
    "evidence": [{
      "evidenceCode": {
        "id": "ECO:0000033",
        "label": "author statement supported by traceable reference"
      },
      "reference": {
        "id": "PMID:17056636",
        "description": "Expansion of the genotypic and phenotypic spectrum in patients with KRAS germline mutations"
      }
    }]
  }, {
    "type": {
      "id": "HP:0011342",
      "label": "Mild global developmental delay"
    },
    "evidence": [{
      "evidenceCode": {
        "id": "ECO:0000033",
        "label": "author statement supported by traceable reference"
      },
      "reference": {
        "id": "PMID:17056636",
        "description": "Expansion of the genotypic and phenotypic spectrum in patients with KRAS germline mutations"
      }
    }]
  }, {
    "type": {
      "id": "HP:0000256",
      "label": "Macrocephaly"
    },
    "evidence": [{
      "evidenceCode": {
        "id": "ECO:0000033",
        "label": "author statement supported by traceable reference"
      },
      "reference": {
        "id": "PMID:17056636",
        "description": "Expansion of the genotypic and phenotypic spectrum in patients with KRAS germline mutations"
      }
    }]
  }],
  "genes": [{
    "id": "NCBIGene:3845",
    "symbol": "KRAS"
  }],
  "variants": [{
    "vcfAllele": {
      "genomeAssembly": "GRCh37",
      "chr": "12",
      "pos": 25398279,
      "ref": "C",
      "alt": "T"
    },
    "zygosity": {
      "id": "GENO:0000135",
      "label": "heterozygous"
    }
  }],
  "diseases": [{
    "term": {
      "id": "OMIM:609942",
      "label": "NOONAN SYNDROME 3; NS3"
    }
  }],
  "metaData": {
    "createdBy": "Hpo Case Annotator : 1.0.13-SNAPSHOT",
    "submittedBy": "HPO:probinson",
    "resources": [{
      "id": "hp",
      "name": "human phenotype ontology",
      "url": "http://purl.obolibrary.org/obo/hp.owl",
      "version": "2018-03-08",
      "namespacePrefix": "HP",
      "iriPrefix": "http://purl.obolibrary.org/obo/HP_"
    }, {
      "id": "pato",
      "name": "Phenotype And Trait Ontology",
      "url": "http://purl.obolibrary.org/obo/pato.owl",
      "version": "2018-03-28",
      "namespacePrefix": "PATO",
      "iriPrefix": "http://purl.obolibrary.org/obo/PATO_"
    }, {
      "id": "geno",
      "name": "Genotype Ontology",
      "url": "http://purl.obolibrary.org/obo/geno.owl",
      "version": "19-03-2018",
      "namespacePrefix": "GENO",
      "iriPrefix": "http://purl.obolibrary.org/obo/GENO_"
    }, {
      "id": "ncbitaxon",
      "name": "NCBI organismal classification",
      "url": "http://purl.obolibrary.org/obo/ncbitaxon.owl",
      "version": "2018-03-02",
      "namespacePrefix": "NCBITaxon"
    }, {
      "id": "eco",
      "name": "Evidence and Conclusion Ontology",
      "url": "http://purl.obolibrary.org/obo/eco.owl",
      "version": "2018-11-10",
      "namespacePrefix": "ECO",
      "iriPrefix": "http://purl.obolibrary.org/obo/ECO_"
    }, {
      "id": "omim",
      "name": "Online Mendelian Inheritance in Man",
      "url": "https://www.omim.org",
      "namespacePrefix": "OMIM"
    }],
    "phenopacketSchemaVersion": "1.0.0-RC3",
    "externalReferences": [{
      "id": "PMID:17056636",
      "description": "Expansion of the genotypic and phenotypic spectrum in patients with KRAS germline mutations"
    }]
  }
}