{
  "id": "PMID:28851325-Zhang-2017-FOXG1-Patient_1",
  "subject": {
    "id": "Patient 1",
    "ageAtCollection": {
      "age": "P1Y8M"
    },
    "sex": "FEMALE",
    "taxonomy": {
      "id": "NCBITaxon:9606",
      "label": "Homo sapiens"
    }
  },
  "phenotypicFeatures": [{
    "type": {
      "id": "HP:0002079",
      "label": "Hypoplasia of the corpus callosum"
    },
    "evidence": [{
      "evidenceCode": {
        "id": "ECO:0000033",
        "label": "author statement supported by traceable reference"
      },
      "reference": {
        "id": "PMID:28851325",
        "description": "Novel FOXG1 mutations in Chinese patients with Rett syndrome or Rett-like mental retardation"
      }
    }]
  }, {
    "type": {
      "id": "HP:0000750",
      "label": "Delayed speech and language development"
    },
    "evidence": [{
      "evidenceCode": {
        "id": "ECO:0000033",
        "label": "author statement supported by traceable reference"
      },
      "reference": {
        "id": "PMID:28851325",
        "description": "Novel FOXG1 mutations in Chinese patients with Rett syndrome or Rett-like mental retardation"
      }
    }]
  }, {
    "type": {
      "id": "HP:0001250",
      "label": "Seizures"
    },
    "evidence": [{
      "evidenceCode": {
        "id": "ECO:0000033",
        "label": "author statement supported by traceable reference"
      },
      "reference": {
        "id": "PMID:28851325",
        "description": "Novel FOXG1 mutations in Chinese patients with Rett syndrome or Rett-like mental retardation"
      }
    }]
  }, {
    "type": {
      "id": "HP:0002188",
      "label": "Delayed CNS myelination"
    },
    "evidence": [{
      "evidenceCode": {
        "id": "ECO:0000033",
        "label": "author statement supported by traceable reference"
      },
      "reference": {
        "id": "PMID:28851325",
        "description": "Novel FOXG1 mutations in Chinese patients with Rett syndrome or Rett-like mental retardation"
      }
    }]
  }, {
    "type": {
      "id": "HP:0003763",
      "label": "Bruxism"
    },
    "evidence": [{
      "evidenceCode": {
        "id": "ECO:0000033",
        "label": "author statement supported by traceable reference"
      },
      "reference": {
        "id": "PMID:28851325",
        "description": "Novel FOXG1 mutations in Chinese patients with Rett syndrome or Rett-like mental retardation"
      }
    }]
  }, {
    "type": {
      "id": "HP:0001252",
      "label": "Muscular hypotonia"
    },
    "evidence": [{
      "evidenceCode": {
        "id": "ECO:0000033",
        "label": "author statement supported by traceable reference"
      },
      "reference": {
        "id": "PMID:28851325",
        "description": "Novel FOXG1 mutations in Chinese patients with Rett syndrome or Rett-like mental retardation"
      }
    }]
  }, {
    "type": {
      "id": "HP:0000733",
      "label": "Stereotypy"
    },
    "evidence": [{
      "evidenceCode": {
        "id": "ECO:0000033",
        "label": "author statement supported by traceable reference"
      },
      "reference": {
        "id": "PMID:28851325",
        "description": "Novel FOXG1 mutations in Chinese patients with Rett syndrome or Rett-like mental retardation"
      }
    }]
  }, {
    "type": {
      "id": "HP:0002353",
      "label": "EEG abnormality"
    },
    "evidence": [{
      "evidenceCode": {
        "id": "ECO:0000033",
        "label": "author statement supported by traceable reference"
      },
      "reference": {
        "id": "PMID:28851325",
        "description": "Novel FOXG1 mutations in Chinese patients with Rett syndrome or Rett-like mental retardation"
      }
    }]
  }, {
    "type": {
      "id": "HP:0007333",
      "label": "Hypoplasia of the frontal lobes"
    },
    "evidence": [{
      "evidenceCode": {
        "id": "ECO:0000033",
        "label": "author statement supported by traceable reference"
      },
      "reference": {
        "id": "PMID:28851325",
        "description": "Novel FOXG1 mutations in Chinese patients with Rett syndrome or Rett-like mental retardation"
      }
    }]
  }, {
    "type": {
      "id": "HP:0005484",
      "label": "Postnatal microcephaly"
    },
    "evidence": [{
      "evidenceCode": {
        "id": "ECO:0000033",
        "label": "author statement supported by traceable reference"
      },
      "reference": {
        "id": "PMID:28851325",
        "description": "Novel FOXG1 mutations in Chinese patients with Rett syndrome or Rett-like mental retardation"
      }
    }]
  }, {
    "type": {
      "id": "HP:0002376",
      "label": "Developmental regression"
    },
    "evidence": [{
      "evidenceCode": {
        "id": "ECO:0000033",
        "label": "author statement supported by traceable reference"
      },
      "reference": {
        "id": "PMID:28851325",
        "description": "Novel FOXG1 mutations in Chinese patients with Rett syndrome or Rett-like mental retardation"
      }
    }]
  }, {
    "type": {
      "id": "HP:0002540",
      "label": "Inability to walk"
    },
    "evidence": [{
      "evidenceCode": {
        "id": "ECO:0000033",
        "label": "author statement supported by traceable reference"
      },
      "reference": {
        "id": "PMID:28851325",
        "description": "Novel FOXG1 mutations in Chinese patients with Rett syndrome or Rett-like mental retardation"
      }
    }]
  }],
  "genes": [{
    "id": "NCBIGene:2290",
    "symbol": "FOXG1"
  }],
  "variants": [{
    "vcfAllele": {
      "genomeAssembly": "GRCh37",
      "chr": "14",
      "pos": 29237342,
      "ref": "T",
      "alt": "TC"
    },
    "zygosity": {
      "id": "GENO:0000135",
      "label": "heterozygous"
    }
  }],
  "diseases": [{
    "term": {
      "id": "OMIM:613454",
      "label": "RETT SYNDROME, CONGENITAL VARIANT"
    }
  }],
  "metaData": {
    "createdBy": "Hpo Case Annotator : 1.0.13-SNAPSHOT",
    "submittedBy": "HPO:probinson",
    "resources": [{
      "id": "hp",
      "name": "human phenotype ontology",
      "url": "http://purl.obolibrary.org/obo/hp.owl",
      "version": "2018-03-08",
      "namespacePrefix": "HP",
      "iriPrefix": "http://purl.obolibrary.org/obo/HP_"
    }, {
      "id": "pato",
      "name": "Phenotype And Trait Ontology",
      "url": "http://purl.obolibrary.org/obo/pato.owl",
      "version": "2018-03-28",
      "namespacePrefix": "PATO",
      "iriPrefix": "http://purl.obolibrary.org/obo/PATO_"
    }, {
      "id": "geno",
      "name": "Genotype Ontology",
      "url": "http://purl.obolibrary.org/obo/geno.owl",
      "version": "19-03-2018",
      "namespacePrefix": "GENO",
      "iriPrefix": "http://purl.obolibrary.org/obo/GENO_"
    }, {
      "id": "ncbitaxon",
      "name": "NCBI organismal classification",
      "url": "http://purl.obolibrary.org/obo/ncbitaxon.owl",
      "version": "2018-03-02",
      "namespacePrefix": "NCBITaxon"
    }, {
      "id": "eco",
      "name": "Evidence and Conclusion Ontology",
      "url": "http://purl.obolibrary.org/obo/eco.owl",
      "version": "2018-11-10",
      "namespacePrefix": "ECO",
      "iriPrefix": "http://purl.obolibrary.org/obo/ECO_"
    }, {
      "id": "omim",
      "name": "Online Mendelian Inheritance in Man",
      "url": "https://www.omim.org",
      "namespacePrefix": "OMIM"
    }],
    "phenopacketSchemaVersion": "1.0.0-RC3",
    "externalReferences": [{
      "id": "PMID:28851325",
      "description": "Novel FOXG1 mutations in Chinese patients with Rett syndrome or Rett-like mental retardation"
    }]
  }
}