{
  "id": "PMID:27732904-Zhang-2016-RPS19-patient",
  "subject": {
    "id": "patient",
    "ageAtCollection": {
      "age": "P2M"
    },
    "sex": "FEMALE",
    "taxonomy": {
      "id": "NCBITaxon:9606",
      "label": "Homo sapiens"
    }
  },
  "phenotypicFeatures": [{
    "type": {
      "id": "HP:0011873",
      "label": "Abnormal platelet count"
    },
    "negated": true,
    "evidence": [{
      "evidenceCode": {
        "id": "ECO:0000033",
        "label": "author statement supported by traceable reference"
      },
      "reference": {
        "id": "PMID:27732904",
        "description": "A new in-frame deletion in ribosomal protein S19 in a Chinese infant with Diamond-Blackfan anemia"
      }
    }]
  }, {
    "type": {
      "id": "HP:0001627",
      "label": "Abnormal heart morphology"
    },
    "negated": true,
    "evidence": [{
      "evidenceCode": {
        "id": "ECO:0000033",
        "label": "author statement supported by traceable reference"
      },
      "reference": {
        "id": "PMID:27732904",
        "description": "A new in-frame deletion in ribosomal protein S19 in a Chinese infant with Diamond-Blackfan anemia"
      }
    }]
  }, {
    "type": {
      "id": "HP:0001972",
      "label": "Macrocytic anemia"
    },
    "evidence": [{
      "evidenceCode": {
        "id": "ECO:0000033",
        "label": "author statement supported by traceable reference"
      },
      "reference": {
        "id": "PMID:27732904",
        "description": "A new in-frame deletion in ribosomal protein S19 in a Chinese infant with Diamond-Blackfan anemia"
      }
    }]
  }, {
    "type": {
      "id": "HP:0011893",
      "label": "Abnormal leukocyte count"
    },
    "negated": true,
    "evidence": [{
      "evidenceCode": {
        "id": "ECO:0000033",
        "label": "author statement supported by traceable reference"
      },
      "reference": {
        "id": "PMID:27732904",
        "description": "A new in-frame deletion in ribosomal protein S19 in a Chinese infant with Diamond-Blackfan anemia"
      }
    }]
  }, {
    "type": {
      "id": "HP:0002011",
      "label": "Morphological abnormality of the central nervous system"
    },
    "negated": true,
    "evidence": [{
      "evidenceCode": {
        "id": "ECO:0000033",
        "label": "author statement supported by traceable reference"
      },
      "reference": {
        "id": "PMID:27732904",
        "description": "A new in-frame deletion in ribosomal protein S19 in a Chinese infant with Diamond-Blackfan anemia"
      }
    }]
  }],
  "genes": [{
    "id": "NCBIGene:6223",
    "symbol": "RPS19"
  }],
  "variants": [{
    "vcfAllele": {
      "genomeAssembly": "GRCh37",
      "chr": "19",
      "pos": 42373178,
      "ref": "AG",
      "alt": "A"
    },
    "zygosity": {
      "id": "GENO:0000135",
      "label": "heterozygous"
    }
  }],
  "diseases": [{
    "term": {
      "id": "OMIM:105650",
      "label": "DIAMOND-BLACKFAN ANEMIA 1; DBA1"
    }
  }],
  "metaData": {
    "createdBy": "Hpo Case Annotator : 1.0.13-SNAPSHOT",
    "submittedBy": "HPO:probinson",
    "resources": [{
      "id": "hp",
      "name": "human phenotype ontology",
      "url": "http://purl.obolibrary.org/obo/hp.owl",
      "version": "2018-03-08",
      "namespacePrefix": "HP",
      "iriPrefix": "http://purl.obolibrary.org/obo/HP_"
    }, {
      "id": "pato",
      "name": "Phenotype And Trait Ontology",
      "url": "http://purl.obolibrary.org/obo/pato.owl",
      "version": "2018-03-28",
      "namespacePrefix": "PATO",
      "iriPrefix": "http://purl.obolibrary.org/obo/PATO_"
    }, {
      "id": "geno",
      "name": "Genotype Ontology",
      "url": "http://purl.obolibrary.org/obo/geno.owl",
      "version": "19-03-2018",
      "namespacePrefix": "GENO",
      "iriPrefix": "http://purl.obolibrary.org/obo/GENO_"
    }, {
      "id": "ncbitaxon",
      "name": "NCBI organismal classification",
      "url": "http://purl.obolibrary.org/obo/ncbitaxon.owl",
      "version": "2018-03-02",
      "namespacePrefix": "NCBITaxon"
    }, {
      "id": "eco",
      "name": "Evidence and Conclusion Ontology",
      "url": "http://purl.obolibrary.org/obo/eco.owl",
      "version": "2018-11-10",
      "namespacePrefix": "ECO",
      "iriPrefix": "http://purl.obolibrary.org/obo/ECO_"
    }, {
      "id": "omim",
      "name": "Online Mendelian Inheritance in Man",
      "url": "https://www.omim.org",
      "namespacePrefix": "OMIM"
    }],
    "phenopacketSchemaVersion": "1.0.0-RC3",
    "externalReferences": [{
      "id": "PMID:27732904",
      "description": "A new in-frame deletion in ribosomal protein S19 in a Chinese infant with Diamond-Blackfan anemia"
    }]
  }
}