{
  "id": "PMID:29749493-Zheng-2018-PNPLA6-II.2",
  "subject": {
    "id": "II.2",
    "ageAtCollection": {
      "age": "50Y"
    },
    "sex": "MALE",
    "taxonomy": {
      "id": "NCBITaxon:9606",
      "label": "Homo sapiens"
    }
  },
  "phenotypicFeatures": [{
    "type": {
      "id": "HP:0040171",
      "label": "Decreased serum testosterone level"
    },
    "evidence": [{
      "evidenceCode": {
        "id": "ECO:0000033",
        "label": "author statement supported by traceable reference"
      },
      "reference": {
        "id": "PMID:29749493",
        "description": "A novel PNPLA6 compound heterozygous mutation identified in a Chinese patient with Boucher‑Neuhäuser syndrome"
      }
    }]
  }, {
    "type": {
      "id": "HP:0002075",
      "label": "Dysdiadochokinesis"
    },
    "evidence": [{
      "evidenceCode": {
        "id": "ECO:0000033",
        "label": "author statement supported by traceable reference"
      },
      "reference": {
        "id": "PMID:29749493",
        "description": "A novel PNPLA6 compound heterozygous mutation identified in a Chinese patient with Boucher‑Neuhäuser syndrome"
      }
    }]
  }, {
    "type": {
      "id": "HP:0001265",
      "label": "Hyporeflexia"
    },
    "evidence": [{
      "evidenceCode": {
        "id": "ECO:0000033",
        "label": "author statement supported by traceable reference"
      },
      "reference": {
        "id": "PMID:29749493",
        "description": "A novel PNPLA6 compound heterozygous mutation identified in a Chinese patient with Boucher‑Neuhäuser syndrome"
      }
    }]
  }, {
    "type": {
      "id": "HP:0030341",
      "label": "Decreased circulating follicle stimulating hormone level"
    },
    "evidence": [{
      "evidenceCode": {
        "id": "ECO:0000033",
        "label": "author statement supported by traceable reference"
      },
      "reference": {
        "id": "PMID:29749493",
        "description": "A novel PNPLA6 compound heterozygous mutation identified in a Chinese patient with Boucher‑Neuhäuser syndrome"
      }
    }]
  }, {
    "type": {
      "id": "HP:0007722",
      "label": "Retinal pigment epithelial atrophy"
    },
    "evidence": [{
      "evidenceCode": {
        "id": "ECO:0000033",
        "label": "author statement supported by traceable reference"
      },
      "reference": {
        "id": "PMID:29749493",
        "description": "A novel PNPLA6 compound heterozygous mutation identified in a Chinese patient with Boucher‑Neuhäuser syndrome"
      }
    }]
  }, {
    "type": {
      "id": "HP:0030344",
      "label": "Decreased circulating luteinizing hormone level"
    },
    "evidence": [{
      "evidenceCode": {
        "id": "ECO:0000033",
        "label": "author statement supported by traceable reference"
      },
      "reference": {
        "id": "PMID:29749493",
        "description": "A novel PNPLA6 compound heterozygous mutation identified in a Chinese patient with Boucher‑Neuhäuser syndrome"
      }
    }]
  }, {
    "type": {
      "id": "HP:0001272",
      "label": "Cerebellar atrophy"
    },
    "evidence": [{
      "evidenceCode": {
        "id": "ECO:0000033",
        "label": "author statement supported by traceable reference"
      },
      "reference": {
        "id": "PMID:29749493",
        "description": "A novel PNPLA6 compound heterozygous mutation identified in a Chinese patient with Boucher‑Neuhäuser syndrome"
      }
    }]
  }, {
    "type": {
      "id": "HP:0000044",
      "label": "Hypogonadotrophic hypogonadism"
    },
    "evidence": [{
      "evidenceCode": {
        "id": "ECO:0000033",
        "label": "author statement supported by traceable reference"
      },
      "reference": {
        "id": "PMID:29749493",
        "description": "A novel PNPLA6 compound heterozygous mutation identified in a Chinese patient with Boucher‑Neuhäuser syndrome"
      }
    }]
  }],
  "genes": [{
    "id": "NCBIGene:10908",
    "symbol": "PNPLA6"
  }],
  "variants": [{
    "vcfAllele": {
      "genomeAssembly": "GRCh37",
      "chr": "19",
      "pos": 7622129,
      "ref": "G",
      "alt": "T"
    },
    "zygosity": {
      "id": "GENO:0000135",
      "label": "heterozygous"
    }
  }, {
    "vcfAllele": {
      "genomeAssembly": "GRCh37",
      "chr": "19",
      "pos": 7623842,
      "ref": "G",
      "alt": "C"
    },
    "zygosity": {
      "id": "GENO:0000135",
      "label": "heterozygous"
    }
  }],
  "diseases": [{
    "term": {
      "id": "OMIM:215470",
      "label": "BOUCHER-NEUHAUSER SYNDROME; BNHS"
    }
  }],
  "metaData": {
    "submittedBy": "HPO:probinson",
    "resources": [{
      "id": "hp",
      "name": "human phenotype ontology",
      "url": "http://purl.obolibrary.org/obo/hp.owl",
      "version": "2018-03-08",
      "namespacePrefix": "HP",
      "iriPrefix": "http://purl.obolibrary.org/obo/HP_"
    }, {
      "id": "pato",
      "name": "Phenotype And Trait Ontology",
      "url": "http://purl.obolibrary.org/obo/pato.owl",
      "version": "2018-03-28",
      "namespacePrefix": "PATO",
      "iriPrefix": "http://purl.obolibrary.org/obo/PATO_"
    }, {
      "id": "geno",
      "name": "Genotype Ontology",
      "url": "http://purl.obolibrary.org/obo/geno.owl",
      "version": "19-03-2018",
      "namespacePrefix": "GENO",
      "iriPrefix": "http://purl.obolibrary.org/obo/GENO_"
    }, {
      "id": "ncbitaxon",
      "name": "NCBI organismal classification",
      "url": "http://purl.obolibrary.org/obo/ncbitaxon.owl",
      "version": "2018-03-02",
      "namespacePrefix": "NCBITaxon"
    }, {
      "id": "eco",
      "name": "Evidence and Conclusion Ontology",
      "url": "http://purl.obolibrary.org/obo/eco.owl",
      "version": "2018-11-10",
      "namespacePrefix": "ECO",
      "iriPrefix": "http://purl.obolibrary.org/obo/ECO_"
    }, {
      "id": "omim",
      "name": "Online Mendelian Inheritance in Man",
      "url": "https://www.omim.org",
      "namespacePrefix": "OMIM"
    }],
    "phenopacketSchemaVersion": "1.0.0-RC3",
    "externalReferences": [{
      "id": "PMID:29749493",
      "description": "A novel PNPLA6 compound heterozygous mutation identified in a Chinese patient with Boucher‑Neuhäuser syndrome"
    }]
  }
}