{
  "id": "PMID:28540407-Zhu-2017-AIRE-V-1",
  "subject": {
    "id": "V-1",
    "ageAtCollection": {
      "age": "19Y"
    },
    "sex": "MALE",
    "taxonomy": {
      "id": "NCBITaxon:9606",
      "label": "Homo sapiens"
    }
  },
  "phenotypicFeatures": [{
    "type": {
      "id": "HP:0006297",
      "label": "Hypoplasia of dental enamel"
    },
    "evidence": [{
      "evidenceCode": {
        "id": "ECO:0000033",
        "label": "author statement supported by traceable reference"
      },
      "reference": {
        "id": "PMID:28540407",
        "description": "A new mutation site in the AIRE gene causes autoimmune polyendocrine syndrome type 1"
      }
    }]
  }, {
    "type": {
      "id": "HP:0002901",
      "label": "Hypocalcemia"
    },
    "evidence": [{
      "evidenceCode": {
        "id": "ECO:0000033",
        "label": "author statement supported by traceable reference"
      },
      "reference": {
        "id": "PMID:28540407",
        "description": "A new mutation site in the AIRE gene causes autoimmune polyendocrine syndrome type 1"
      }
    }]
  }, {
    "type": {
      "id": "HP:0002024",
      "label": "Malabsorption"
    },
    "evidence": [{
      "evidenceCode": {
        "id": "ECO:0000033",
        "label": "author statement supported by traceable reference"
      },
      "reference": {
        "id": "PMID:28540407",
        "description": "A new mutation site in the AIRE gene causes autoimmune polyendocrine syndrome type 1"
      }
    }]
  }, {
    "type": {
      "id": "HP:0008207",
      "label": "Primary adrenal insufficiency"
    },
    "evidence": [{
      "evidenceCode": {
        "id": "ECO:0000033",
        "label": "author statement supported by traceable reference"
      },
      "reference": {
        "id": "PMID:28540407",
        "description": "A new mutation site in the AIRE gene causes autoimmune polyendocrine syndrome type 1"
      }
    }]
  }, {
    "type": {
      "id": "HP:0002728",
      "label": "Chronic mucocutaneous candidiasis"
    },
    "evidence": [{
      "evidenceCode": {
        "id": "ECO:0000033",
        "label": "author statement supported by traceable reference"
      },
      "reference": {
        "id": "PMID:28540407",
        "description": "A new mutation site in the AIRE gene causes autoimmune polyendocrine syndrome type 1"
      }
    }]
  }, {
    "type": {
      "id": "HP:0000829",
      "label": "Hypoparathyroidism"
    },
    "evidence": [{
      "evidenceCode": {
        "id": "ECO:0000033",
        "label": "author statement supported by traceable reference"
      },
      "reference": {
        "id": "PMID:28540407",
        "description": "A new mutation site in the AIRE gene causes autoimmune polyendocrine syndrome type 1"
      }
    }]
  }, {
    "type": {
      "id": "HP:0000790",
      "label": "Hematuria"
    },
    "evidence": [{
      "evidenceCode": {
        "id": "ECO:0000033",
        "label": "author statement supported by traceable reference"
      },
      "reference": {
        "id": "PMID:28540407",
        "description": "A new mutation site in the AIRE gene causes autoimmune polyendocrine syndrome type 1"
      }
    }]
  }, {
    "type": {
      "id": "HP:0000518",
      "label": "Cataract"
    },
    "evidence": [{
      "evidenceCode": {
        "id": "ECO:0000033",
        "label": "author statement supported by traceable reference"
      },
      "reference": {
        "id": "PMID:28540407",
        "description": "A new mutation site in the AIRE gene causes autoimmune polyendocrine syndrome type 1"
      }
    }]
  }, {
    "type": {
      "id": "HP:0002321",
      "label": "Vertigo"
    },
    "evidence": [{
      "evidenceCode": {
        "id": "ECO:0000033",
        "label": "author statement supported by traceable reference"
      },
      "reference": {
        "id": "PMID:28540407",
        "description": "A new mutation site in the AIRE gene causes autoimmune polyendocrine syndrome type 1"
      }
    }]
  }, {
    "type": {
      "id": "HP:0001281",
      "label": "Tetany"
    },
    "evidence": [{
      "evidenceCode": {
        "id": "ECO:0000033",
        "label": "author statement supported by traceable reference"
      },
      "reference": {
        "id": "PMID:28540407",
        "description": "A new mutation site in the AIRE gene causes autoimmune polyendocrine syndrome type 1"
      }
    }]
  }],
  "genes": [{
    "id": "NCBIGene:326",
    "symbol": "AIRE"
  }],
  "variants": [{
    "vcfAllele": {
      "genomeAssembly": "GRCh37",
      "chr": "21",
      "pos": 45706513,
      "ref": "A",
      "alt": "C"
    },
    "zygosity": {
      "id": "GENO:0000136",
      "label": "homozygous"
    }
  }],
  "diseases": [{
    "term": {
      "id": "OMIM:240300",
      "label": "AUTOIMMUNE POLYENDOCRINE SYNDROME, TYPE I, WITH OR WITHOUT REVERSIBLEMETAPHYSEAL DYSPLASIA; APS1"
    }
  }],
  "metaData": {
    "submittedBy": "HPO:probinson",
    "resources": [{
      "id": "hp",
      "name": "human phenotype ontology",
      "url": "http://purl.obolibrary.org/obo/hp.owl",
      "version": "2018-03-08",
      "namespacePrefix": "HP",
      "iriPrefix": "http://purl.obolibrary.org/obo/HP_"
    }, {
      "id": "pato",
      "name": "Phenotype And Trait Ontology",
      "url": "http://purl.obolibrary.org/obo/pato.owl",
      "version": "2018-03-28",
      "namespacePrefix": "PATO",
      "iriPrefix": "http://purl.obolibrary.org/obo/PATO_"
    }, {
      "id": "geno",
      "name": "Genotype Ontology",
      "url": "http://purl.obolibrary.org/obo/geno.owl",
      "version": "19-03-2018",
      "namespacePrefix": "GENO",
      "iriPrefix": "http://purl.obolibrary.org/obo/GENO_"
    }, {
      "id": "ncbitaxon",
      "name": "NCBI organismal classification",
      "url": "http://purl.obolibrary.org/obo/ncbitaxon.owl",
      "version": "2018-03-02",
      "namespacePrefix": "NCBITaxon"
    }, {
      "id": "eco",
      "name": "Evidence and Conclusion Ontology",
      "url": "http://purl.obolibrary.org/obo/eco.owl",
      "version": "2018-11-10",
      "namespacePrefix": "ECO",
      "iriPrefix": "http://purl.obolibrary.org/obo/ECO_"
    }, {
      "id": "omim",
      "name": "Online Mendelian Inheritance in Man",
      "url": "https://www.omim.org",
      "namespacePrefix": "OMIM"
    }],
    "phenopacketSchemaVersion": "1.0.0-RC3",
    "externalReferences": [{
      "id": "PMID:28540407",
      "description": "A new mutation site in the AIRE gene causes autoimmune polyendocrine syndrome type 1"
    }]
  }
}